{"type":"FeatureCollection","features":[{"type":"Feature","properties":{},"geometry":{"coordinates":[[2.54077,48.68319],[2.54155,48.68351],[2.54206,48.6835]],"type":"LineString"}},{"type":"Feature","properties":{},"geometry":{"coordinates":[[2.39065,48.55742],[2.392,48.55814],[2.39326,48.55838]],"type":"LineString"}},{"type":"Feature","properties":{},"geometry":{"coordinates":[[2.2563,49.1318],[2.24874,49.13122],[2.24319,49.13094]],"type":"LineString"}},{"type":"Feature","properties":{},"geometry":{"coordinates":[[2.33579,48.67737],[2.33653,48.677]],"type":"LineString"}},{"type":"Feature","properties":{},"geometry":{"coordinates":[[2.33653,48.677],[2.33751,48.67612],[2.3378,48.67506],[2.33758,48.67435],[2.33595,48.67239],[2.33582,48.67187],[2.3374,48.67003],[2.33838,48.66754]],"type":"LineString"}},{"type":"Feature","properties":{},"geometry":{"coordinates":[[2.2088,49.10812],[2.20875,49.10419],[2.20913,49.10086]],"type":"LineString"}},{"type":"Feature","properties":{},"geometry":{"coordinates":[[2.20968,49.09702],[2.20967,49.09533],[2.20931,49.09359]],"type":"LineString"}},{"type":"Feature","properties":{},"geometry":{"coordinates":[[2.41437,48.56733],[2.41527,48.56783],[2.41622,48.56887],[2.41851,48.56991],[2.41948,48.57107],[2.42172,48.57282]],"type":"LineString"}},{"type":"Feature","properties":{},"geometry":{"coordinates":[[2.38872,48.55675],[2.38925,48.55691]],"type":"LineString"}},{"type":"Feature","properties":{},"geometry":{"coordinates":[[2.17217,48.97985],[2.16895,48.9822],[2.16364,48.98494],[2.16238,48.98536],[2.16094,48.98566],[2.1565,48.98623]],"type":"LineString"}},{"type":"Feature","properties":{},"geometry":{"coordinates":[[2.02589,48.93081],[2.02444,48.93033],[2.02204,48.93011],[2.01934,48.93034],[2.01634,48.93094],[2.01396,48.93155],[2.01234,48.93219],[2.01006,48.93347],[2.00818,48.93484]],"type":"LineString"}},{"type":"Feature","properties":{},"geometry":{"coordinates":[[2.54876,48.53729],[2.54075,48.53881],[2.5379,48.5395],[2.53618,48.54006],[2.53438,48.54092],[2.53282,48.54193],[2.53142,48.54323],[2.53058,48.54437],[2.5299,48.54579],[2.5296,48.5474],[2.52971,48.54925],[2.5303,48.55104],[2.531,48.55213],[2.53231,48.55352],[2.5365,48.5568]],"type":"LineString"}},{"type":"Feature","properties":{},"geometry":{"coordinates":[[1.87394,48.87819],[1.87329,48.87894],[1.87252,48.87892]],"type":"LineString"}},{"type":"Feature","properties":{},"geometry":{"coordinates":[[2.87162,48.37469],[2.86832,48.37389],[2.86462,48.37234],[2.86197,48.37187]],"type":"LineString"}},{"type":"Feature","properties":{},"geometry":{"coordinates":[[1.85497,48.90872],[1.85418,48.90823],[1.85372,48.90823],[1.85262,48.90943],[1.8512,48.91051],[1.84946,48.91156],[1.84893,48.9132]],"type":"LineString"}},{"type":"Feature","properties":{},"geometry":{"coordinates":[[3.06185,48.9526],[3.0589,48.95271]],"type":"LineString"}},{"type":"Feature","properties":{},"geometry":{"coordinates":[[2.77944,48.94264],[2.77958,48.94183],[2.78095,48.93817],[2.7812,48.93644],[2.78099,48.93216],[2.78051,48.93075],[2.77993,48.92982],[2.77889,48.92867],[2.77771,48.92778],[2.76782,48.92217],[2.76575,48.92121],[2.76438,48.92076],[2.7633,48.92056]],"type":"LineString"}},{"type":"Feature","properties":{},"geometry":{"coordinates":[[2.91484,48.85737],[2.91433,48.8572],[2.91411,48.85696]],"type":"LineString"}},{"type":"Feature","properties":{},"geometry":{"coordinates":[[2.49119,48.83121],[2.4876,48.83111],[2.4835,48.83148],[2.48091,48.83135],[2.47659,48.83075],[2.47296,48.82982]],"type":"LineString"}},{"type":"Feature","properties":{},"geometry":{"coordinates":[[3.17903,48.81076],[3.17664,48.81105],[3.17564,48.81154],[3.17466,48.81372],[3.17333,48.81505],[3.17196,48.81703],[3.17102,48.81776],[3.16984,48.81823],[3.16845,48.81851],[3.16637,48.81868],[3.16464,48.81865]],"type":"LineString"}},{"type":"Feature","properties":{},"geometry":{"coordinates":[[3.16464,48.81865],[3.16242,48.8181],[3.15781,48.81613],[3.15478,48.81545],[3.14467,48.81448],[3.1381,48.81429],[3.13423,48.81401],[3.1303,48.81338],[3.12326,48.81185],[3.11723,48.81158],[3.11476,48.81112]],"type":"LineString"}},{"type":"Feature","properties":{},"geometry":{"coordinates":[[2.52302,48.79741],[2.52403,48.79658]],"type":"LineString"}},{"type":"Feature","properties":{},"geometry":{"coordinates":[[2.4513,48.71513],[2.45048,48.71528],[2.4503,48.71617],[2.44963,48.71662],[2.44931,48.71714],[2.44817,48.71789]],"type":"LineString"}},{"type":"Feature","properties":{},"geometry":{"coordinates":[[2.65397,48.67011],[2.65013,48.66895],[2.64544,48.6666],[2.64411,48.66619],[2.64258,48.66592],[2.64104,48.66585],[2.63917,48.66612],[2.63744,48.66666],[2.63491,48.66772],[2.63317,48.66806],[2.63119,48.66797],[2.62974,48.66756],[2.62839,48.66685],[2.62703,48.66545],[2.62647,48.66387],[2.62678,48.66065],[2.62661,48.6592],[2.62611,48.65837],[2.62557,48.65788],[2.62474,48.65743],[2.62414,48.65734]],"type":"LineString"}},{"type":"Feature","properties":{},"geometry":{"coordinates":[[2.34833,48.4871],[2.34862,48.48776],[2.34892,48.4879],[2.34979,48.48792],[2.35024,48.48808],[2.35184,48.48923],[2.35229,48.4899]],"type":"LineString"}},{"type":"Feature","properties":{},"geometry":{"coordinates":[[2.17491,48.97716],[2.17428,48.97797],[2.17217,48.97985]],"type":"LineString"}},{"type":"Feature","properties":{},"geometry":{"coordinates":[[1.66594,49.00771],[1.65129,49.0049],[1.64569,49.00423],[1.64171,49.00391],[1.63824,49.00397],[1.63545,49.00432],[1.63318,49.00483],[1.62697,49.00658]],"type":"LineString"}},{"type":"Feature","properties":{},"geometry":{"coordinates":[[1.77856,48.96653],[1.76981,48.96644]],"type":"LineString"}},{"type":"Feature","properties":{},"geometry":{"coordinates":[[3.35361,48.77108],[3.35315,48.77066]],"type":"LineString"}},{"type":"Feature","properties":{},"geometry":{"coordinates":[[2.64371,48.86195],[2.64283,48.86157],[2.64062,48.86014],[2.63872,48.85844]],"type":"LineString"}},{"type":"Feature","properties":{},"geometry":{"coordinates":[[2.6886,48.31088],[2.69217,48.31427],[2.69361,48.31623],[2.69509,48.31766]],"type":"LineString"}},{"type":"Feature","properties":{},"geometry":{"coordinates":[[2.72612,48.18541],[2.725,48.18647],[2.72384,48.18734],[2.71674,48.19156]],"type":"LineString"}},{"type":"Feature","properties":{},"geometry":{"coordinates":[[2.10301,49.04886],[2.10226,49.0484],[2.10155,49.04766],[2.09877,49.04317],[2.09837,49.04205]],"type":"LineString"}},{"type":"Feature","properties":{},"geometry":{"coordinates":[[2.58322,48.66957],[2.58314,48.67066],[2.58338,48.67179],[2.58485,48.67375],[2.58516,48.67479],[2.58482,48.67608],[2.58374,48.6772],[2.58292,48.67757],[2.58204,48.67774],[2.58044,48.67782],[2.57934,48.67773],[2.57738,48.67734],[2.57521,48.67673],[2.57396,48.67625],[2.57326,48.67574]],"type":"LineString"}},{"type":"Feature","properties":{},"geometry":{"coordinates":[[2.38524,48.34952],[2.3846,48.3497],[2.38436,48.34992],[2.38377,48.35147],[2.3831,48.35267]],"type":"LineString"}},{"type":"Feature","properties":{},"geometry":{"coordinates":[[2.76609,48.45415],[2.76852,48.45604],[2.76972,48.45761],[2.77081,48.46019],[2.77092,48.46255]],"type":"LineString"}},{"type":"Feature","properties":{},"geometry":{"coordinates":[[1.57773,49.043],[1.57598,49.04246],[1.56541,49.03859],[1.55646,49.0371]],"type":"LineString"}},{"type":"Feature","properties":{},"geometry":{"coordinates":[[3.19217,48.4252],[3.18603,48.42422]],"type":"LineString"}},{"type":"Feature","properties":{},"geometry":{"coordinates":[[2.82864,48.90989],[2.82523,48.91027],[2.82257,48.91096]],"type":"LineString"}},{"type":"Feature","properties":{},"geometry":{"coordinates":[[3.28555,48.7937],[3.28671,48.79427],[3.28752,48.79524],[3.28785,48.79637],[3.2877,48.79757]],"type":"LineString"}},{"type":"Feature","properties":{},"geometry":{"coordinates":[[2.49622,48.7053],[2.49712,48.7078],[2.4969,48.70864]],"type":"LineString"}},{"type":"Feature","properties":{},"geometry":{"coordinates":[[2.29817,48.64949],[2.29896,48.65027]],"type":"LineString"}},{"type":"Feature","properties":{},"geometry":{"coordinates":[[1.72678,48.98543],[1.72522,48.98743],[1.71785,48.99599]],"type":"LineString"}},{"type":"Feature","properties":{},"geometry":{"coordinates":[[2.95667,48.76537],[2.95635,48.76433],[2.9552,48.7619],[2.95492,48.76081],[2.95528,48.75953],[2.95657,48.75746],[2.95673,48.75616],[2.95633,48.75529],[2.95495,48.75421],[2.95475,48.75396],[2.95479,48.75373]],"type":"LineString"}},{"type":"Feature","properties":{},"geometry":{"coordinates":[[2.65416,48.6702],[2.65397,48.67011]],"type":"LineString"}},{"type":"Feature","properties":{},"geometry":{"coordinates":[[2.10882,48.7024],[2.10966,48.70209]],"type":"LineString"}},{"type":"Feature","properties":{},"geometry":{"coordinates":[[2.30383,49.15103],[2.29752,49.15162],[2.29576,49.15157],[2.29433,49.1513],[2.2925,49.15057],[2.29005,49.14918],[2.28606,49.14594]],"type":"LineString"}},{"type":"Feature","properties":{},"geometry":{"coordinates":[[3.01607,48.9543],[3.01592,48.95427]],"type":"LineString"}},{"type":"Feature","properties":{},"geometry":{"coordinates":[[2.97481,48.81021],[2.9719,48.80848],[2.97041,48.80816],[2.96963,48.80713],[2.96858,48.80692]],"type":"LineString"}},{"type":"Feature","properties":{},"geometry":{"coordinates":[[2.39773,48.32351],[2.39745,48.32408],[2.39652,48.32516],[2.39421,48.32653]],"type":"LineString"}},{"type":"Feature","properties":{},"geometry":{"coordinates":[[2.18024,48.45196],[2.18046,48.4523],[2.18179,48.45306],[2.18197,48.45397],[2.18245,48.45441]],"type":"LineString"}},{"type":"Feature","properties":{},"geometry":{"coordinates":[[2.73481,48.92383],[2.73231,48.92285],[2.72813,48.9222]],"type":"LineString"}},{"type":"Feature","properties":{},"geometry":{"coordinates":[[2.38441,48.36442],[2.38458,48.36465],[2.38428,48.3657],[2.38442,48.36603]],"type":"LineString"}},{"type":"Feature","properties":{},"geometry":{"coordinates":[[2.72702,48.18022],[2.72718,48.18066]],"type":"LineString"}},{"type":"Feature","properties":{},"geometry":{"coordinates":[[1.69731,49.0639],[1.69635,49.06445]],"type":"LineString"}},{"type":"Feature","properties":{},"geometry":{"coordinates":[[1.87486,48.87347],[1.87552,48.87394],[1.8757,48.87452],[1.87519,48.87545],[1.87535,48.87586],[1.87467,48.87618],[1.87467,48.87702]],"type":"LineString"}},{"type":"Feature","properties":{},"geometry":{"coordinates":[[2.93274,48.99424],[2.93058,48.99417],[2.92822,48.9932]],"type":"LineString"}},{"type":"Feature","properties":{},"geometry":{"coordinates":[[2.99847,48.99784],[2.99694,48.99623],[2.9954,48.99509],[2.9929,48.99383],[2.98997,48.99288],[2.98663,48.99225],[2.98026,48.99135],[2.97495,48.99112],[2.97143,48.99126],[2.96885,48.99164],[2.96726,48.99207],[2.96535,48.99304],[2.96425,48.99402],[2.96326,48.99552],[2.96271,48.9969],[2.96218,48.99888],[2.96173,49.0016]],"type":"LineString"}},{"type":"Feature","properties":{},"geometry":{"coordinates":[[2.36592,48.50891],[2.36439,48.51208],[2.36401,48.51406],[2.36345,48.51549],[2.36253,48.51664],[2.36198,48.51799],[2.36071,48.51865],[2.36029,48.51913],[2.36022,48.51966],[2.36047,48.52068],[2.36208,48.52378]],"type":"LineString"}},{"type":"Feature","properties":{},"geometry":{"coordinates":[[2.16282,48.89253],[2.16121,48.88905],[2.15583,48.87986],[2.1546,48.87818],[2.15325,48.87667],[2.15174,48.87529],[2.14979,48.87381],[2.14795,48.87269],[2.14582,48.87165],[2.14339,48.87082],[2.14139,48.87044],[2.1383,48.87027],[2.13568,48.87034],[2.1329,48.87057],[2.13012,48.87104]],"type":"LineString"}},{"type":"Feature","properties":{},"geometry":{"coordinates":[[2.93916,48.67484],[2.93827,48.67462],[2.9365,48.67491],[2.93533,48.67528],[2.93249,48.67648],[2.93142,48.6768],[2.92513,48.67759],[2.9229,48.67755],[2.92145,48.67732]],"type":"LineString"}},{"type":"Feature","properties":{},"geometry":{"coordinates":[[3.14759,48.93888],[3.14632,48.93893],[3.14542,48.93883],[3.14359,48.93797],[3.1411,48.93728],[3.14037,48.93725],[3.13892,48.93745],[3.13799,48.93734],[3.13729,48.93706],[3.13474,48.93554],[3.13345,48.93514],[3.13305,48.9349]],"type":"LineString"}},{"type":"Feature","properties":{},"geometry":{"coordinates":[[3.15949,48.4179],[3.15531,48.416]],"type":"LineString"}},{"type":"Feature","properties":{},"geometry":{"coordinates":[[2.18442,48.56832],[2.18537,48.56887],[2.18866,48.56995],[2.1905,48.57106],[2.19242,48.57262],[2.19441,48.57387],[2.1973,48.57518],[2.19856,48.57549]],"type":"LineString"}},{"type":"Feature","properties":{},"geometry":{"coordinates":[[2.27657,48.69432],[2.27759,48.69458],[2.27837,48.69533]],"type":"LineString"}},{"type":"Feature","properties":{},"geometry":{"coordinates":[[2.38925,48.55691],[2.39065,48.55742]],"type":"LineString"}},{"type":"Feature","properties":{},"geometry":{"coordinates":[[2.43032,48.25537],[2.42924,48.2562],[2.42695,48.2585],[2.42426,48.26038],[2.42317,48.26134],[2.42197,48.26297],[2.42059,48.26554],[2.42031,48.26644],[2.42012,48.26848],[2.41872,48.27154],[2.41846,48.27252],[2.41895,48.27566],[2.41851,48.27893],[2.41856,48.27998],[2.419,48.28153],[2.41977,48.28266]],"type":"LineString"}},{"type":"Feature","properties":{},"geometry":{"coordinates":[[1.55646,49.0371],[1.55294,49.0375],[1.5502,49.03803],[1.54592,49.03918],[1.54312,49.04019],[1.54118,49.0412],[1.53843,49.04307],[1.53537,49.04549],[1.53309,49.04762]],"type":"LineString"}},{"type":"Feature","properties":{},"geometry":{"coordinates":[[3.12558,48.93607],[3.12483,48.93643],[3.12436,48.93703],[3.12432,48.9382],[3.12382,48.93964]],"type":"LineString"}},{"type":"Feature","properties":{},"geometry":{"coordinates":[[2.04427,48.52974],[2.04746,48.52996],[2.05161,48.53008],[2.05773,48.53068],[2.06122,48.53067],[2.06278,48.53087]],"type":"LineString"}},{"type":"Feature","properties":{},"geometry":{"coordinates":[[2.36232,49.15258],[2.36205,49.15061],[2.36162,49.14978]],"type":"LineString"}},{"type":"Feature","properties":{},"geometry":{"coordinates":[[2.28724,48.61684],[2.29089,48.61703],[2.29157,48.61718],[2.29188,48.61763],[2.29159,48.61843],[2.29162,48.61894]],"type":"LineString"}},{"type":"Feature","properties":{},"geometry":{"coordinates":[[2.3163,48.52143],[2.31783,48.52112],[2.31953,48.52149],[2.32055,48.52133],[2.32375,48.52032],[2.32408,48.51999],[2.3245,48.51899],[2.32486,48.51869],[2.3254,48.5186],[2.32592,48.51884]],"type":"LineString"}},{"type":"Feature","properties":{},"geometry":{"coordinates":[[1.81407,48.9754],[1.80881,48.97442],[1.80407,48.97315],[1.79954,48.97209],[1.79557,48.97102],[1.79259,48.96993]],"type":"LineString"}},{"type":"Feature","properties":{},"geometry":{"coordinates":[[2.36443,48.84621],[2.36057,48.84867]],"type":"LineString"}},{"type":"Feature","properties":{},"geometry":{"coordinates":[[2.44817,48.71789],[2.44817,48.71791]],"type":"LineString"}},{"type":"Feature","properties":{},"geometry":{"coordinates":[[2.00797,48.52993],[2.00817,48.52926],[2.00928,48.52814],[2.01013,48.52765],[2.01181,48.52717]],"type":"LineString"}},{"type":"Feature","properties":{},"geometry":{"coordinates":[[3.31707,48.85966],[3.31613,48.85955],[3.31493,48.86005]],"type":"LineString"}},{"type":"Feature","properties":{},"geometry":{"coordinates":[[3.45208,48.85688],[3.45045,48.8577]],"type":"LineString"}},{"type":"Feature","properties":{},"geometry":{"coordinates":[[2.18519,48.45578],[2.18467,48.45644],[2.18441,48.45717],[2.18466,48.4586],[2.18942,48.46574],[2.19156,48.46964],[2.19355,48.47273]],"type":"LineString"}},{"type":"Feature","properties":{},"geometry":{"coordinates":[[2.10904,48.88961],[2.10895,48.88975]],"type":"LineString"}},{"type":"Feature","properties":{},"geometry":{"coordinates":[[2.11419,48.70122],[2.11763,48.70043]],"type":"LineString"}},{"type":"Feature","properties":{},"geometry":{"coordinates":[[2.15548,48.55715],[2.16284,48.55924],[2.16404,48.55992],[2.16594,48.56164],[2.16825,48.56271],[2.17641,48.56543],[2.18091,48.56656]],"type":"LineString"}},{"type":"Feature","properties":{},"geometry":{"coordinates":[[1.83918,48.93486],[1.83852,48.93493],[1.8381,48.93536],[1.83782,48.93618],[1.83721,48.93715],[1.83629,48.93976]],"type":"LineString"}},{"type":"Feature","properties":{},"geometry":{"coordinates":[[1.87687,48.85261],[1.87798,48.85329],[1.8782,48.85363],[1.8782,48.8541],[1.87785,48.85466],[1.87518,48.85766],[1.87505,48.85833]],"type":"LineString"}},{"type":"Feature","properties":{},"geometry":{"coordinates":[[3.30612,48.8625],[3.30258,48.86439],[3.29908,48.86695],[3.29532,48.86917],[3.29479,48.87013],[3.29486,48.87266],[3.29429,48.87426],[3.29294,48.87605],[3.29074,48.87777]],"type":"LineString"}},{"type":"Feature","properties":{},"geometry":{"coordinates":[[2.47427,48.78826],[2.47229,48.79074]],"type":"LineString"}},{"type":"Feature","properties":{},"geometry":{"coordinates":[[2.22887,48.51265],[2.23022,48.51208],[2.23154,48.51182],[2.23541,48.51165],[2.23705,48.51173],[2.23902,48.51215],[2.24044,48.5127],[2.24182,48.51351],[2.24352,48.515],[2.24533,48.51564],[2.24618,48.51579],[2.2472,48.51579],[2.24948,48.51536]],"type":"LineString"}},{"type":"Feature","properties":{},"geometry":{"coordinates":[[1.8818,48.994],[1.87688,48.99261],[1.85984,48.98859],[1.85458,48.98762],[1.84859,48.98693],[1.84152,48.98523],[1.83781,48.98464]],"type":"LineString"}},{"type":"Feature","properties":{},"geometry":{"coordinates":[[2.21372,48.91579],[2.21218,48.91549],[2.20894,48.91438],[2.20116,48.91091],[2.19013,48.90666],[2.18716,48.90584],[2.17996,48.90438],[2.17607,48.90315],[2.17315,48.90181],[2.17119,48.90063],[2.16904,48.89905],[2.1663,48.89668]],"type":"LineString"}},{"type":"Feature","properties":{},"geometry":{"coordinates":[[2.36139,48.43938],[2.36056,48.44094],[2.36076,48.44206]],"type":"LineString"}},{"type":"Feature","properties":{},"geometry":{"coordinates":[[2.37062,48.43503],[2.36945,48.43516],[2.36868,48.43539],[2.36722,48.4363],[2.36623,48.43675],[2.36537,48.43739],[2.3651,48.43809],[2.36481,48.43835],[2.36237,48.43882],[2.36139,48.43938]],"type":"LineString"}},{"type":"Feature","properties":{},"geometry":{"coordinates":[[2.1565,48.98623],[2.15232,48.98729],[2.14682,48.98924],[2.1444,48.98978],[2.14091,48.9901],[2.13377,48.98991],[2.13044,48.99001],[2.12836,48.99027],[2.12697,48.99057],[2.1234,48.99173]],"type":"LineString"}},{"type":"Feature","properties":{},"geometry":{"coordinates":[[2.00366,48.53201],[2.00471,48.53186],[2.00551,48.53158],[2.00624,48.53114],[2.00708,48.53023],[2.00797,48.52993]],"type":"LineString"}},{"type":"Feature","properties":{},"geometry":{"coordinates":[[2.24319,49.13094],[2.23823,49.13102],[2.23674,49.13092],[2.2356,49.13064],[2.23283,49.12961],[2.22985,49.12923]],"type":"LineString"}},{"type":"Feature","properties":{},"geometry":{"coordinates":[[2.87643,48.86561],[2.87513,48.86572],[2.87434,48.86591],[2.87175,48.86749]],"type":"LineString"}},{"type":"Feature","properties":{},"geometry":{"coordinates":[[2.84837,48.91524],[2.84747,48.91208],[2.84707,48.90776],[2.84652,48.90622],[2.84496,48.90403],[2.84341,48.90238],[2.84129,48.90081],[2.83964,48.90001]],"type":"LineString"}},{"type":"Feature","properties":{},"geometry":{"coordinates":[[2.58749,48.86503],[2.58507,48.86547],[2.5836,48.86556]],"type":"LineString"}},{"type":"Feature","properties":{},"geometry":{"coordinates":[[3.04007,48.81879],[3.03714,48.81972],[3.03195,48.82035],[3.02967,48.82053],[3.02832,48.82037],[3.02617,48.81975],[3.02507,48.81962],[3.02411,48.81969],[3.02095,48.82027],[3.01896,48.82035],[3.01802,48.82015],[3.01536,48.81903]],"type":"LineString"}},{"type":"Feature","properties":{},"geometry":{"coordinates":[[3.02915,48.35929],[3.0278,48.35904],[3.02566,48.359],[3.02358,48.35917],[3.0217,48.3595],[3.01943,48.36007],[3.0178,48.36064],[3.01606,48.3615],[3.01494,48.36228],[3.01374,48.36356],[3.01302,48.36534],[3.01304,48.36671],[3.01393,48.37004],[3.01385,48.37103],[3.0134,48.37193]],"type":"LineString"}},{"type":"Feature","properties":{},"geometry":{"coordinates":[[2.04916,48.95916],[2.04918,48.9571],[2.04871,48.9526],[2.04797,48.95028],[2.04679,48.94844]],"type":"LineString"}},{"type":"Feature","properties":{},"geometry":{"coordinates":[[3.12825,48.93575],[3.12558,48.93607]],"type":"LineString"}},{"type":"Feature","properties":{},"geometry":{"coordinates":[[3.15531,48.416],[3.15132,48.41426]],"type":"LineString"}},{"type":"Feature","properties":{},"geometry":{"coordinates":[[2.38442,48.36603],[2.38488,48.36668],[2.38524,48.36773],[2.38603,48.37267],[2.38736,48.37447],[2.3876,48.37507],[2.38749,48.37574],[2.38677,48.37746],[2.38644,48.37958],[2.38619,48.38022]],"type":"LineString"}},{"type":"Feature","properties":{},"geometry":{"coordinates":[[2.81908,48.90076],[2.81885,48.90186],[2.81753,48.90455],[2.81596,48.90689],[2.81498,48.90868],[2.8141,48.90948],[2.81299,48.9102],[2.8082,48.91266],[2.80689,48.914],[2.80666,48.91462],[2.80676,48.91483]],"type":"LineString"}},{"type":"Feature","properties":{},"geometry":{"coordinates":[[2.87644,48.94862],[2.87569,48.9476],[2.87275,48.9445],[2.8708,48.94284]],"type":"LineString"}},{"type":"Feature","properties":{},"geometry":{"coordinates":[[2.90122,48.93556],[2.89934,48.93572],[2.89741,48.93628],[2.89524,48.93721],[2.8918,48.93901],[2.8902,48.94021],[2.88855,48.94216],[2.886,48.94482]],"type":"LineString"}},{"type":"Feature","properties":{},"geometry":{"coordinates":[[2.31174,48.52036],[2.31235,48.52057],[2.31281,48.5214],[2.31327,48.52164],[2.31386,48.52168],[2.31546,48.52141],[2.3163,48.52143]],"type":"LineString"}},{"type":"Feature","properties":{},"geometry":{"coordinates":[[2.11222,48.34866],[2.11285,48.34846],[2.11329,48.34856],[2.11279,48.34907]],"type":"LineString"}},{"type":"Feature","properties":{},"geometry":{"coordinates":[[2.10867,48.90045],[2.1109,48.90127],[2.11189,48.90203],[2.11246,48.90296],[2.11277,48.90513]],"type":"LineString"}},{"type":"Feature","properties":{},"geometry":{"coordinates":[[1.76504,48.9667],[1.75828,48.96737],[1.75155,48.96787],[1.74722,48.96908],[1.7425,48.97108]],"type":"LineString"}},{"type":"Feature","properties":{},"geometry":{"coordinates":[[2.8255,48.39215],[2.82268,48.39275],[2.82019,48.39299],[2.81758,48.39297],[2.81496,48.39264],[2.81367,48.39233],[2.81187,48.39172],[2.80862,48.3904],[2.80425,48.38843],[2.80293,48.38797],[2.80193,48.38777]],"type":"LineString"}},{"type":"Feature","properties":{},"geometry":{"coordinates":[[2.2415,48.82252],[2.23869,48.82167],[2.23645,48.82142]],"type":"LineString"}},{"type":"Feature","properties":{},"geometry":{"coordinates":[[2.73226,48.17135],[2.73098,48.17286],[2.72911,48.17414],[2.72847,48.17481],[2.72731,48.17731],[2.72705,48.17914]],"type":"LineString"}},{"type":"Feature","properties":{},"geometry":{"coordinates":[[2.44817,48.71791],[2.44849,48.71861],[2.44772,48.72005]],"type":"LineString"}},{"type":"Feature","properties":{},"geometry":{"coordinates":[[2.09154,48.7048],[2.09427,48.70418],[2.09621,48.70301],[2.09696,48.70278],[2.09938,48.70257],[2.10028,48.7027],[2.10089,48.70291]],"type":"LineString"}},{"type":"Feature","properties":{},"geometry":{"coordinates":[[2.24236,48.70432],[2.24342,48.70617],[2.24421,48.70692],[2.24513,48.7075],[2.24678,48.7081],[2.25,48.70845],[2.25141,48.70832],[2.25247,48.70809],[2.25468,48.70718],[2.25595,48.70682],[2.26137,48.70611],[2.26696,48.7046],[2.26817,48.70406]],"type":"LineString"}},{"type":"Feature","properties":{},"geometry":{"coordinates":[[2.15391,48.69845],[2.15506,48.6984],[2.15652,48.69909]],"type":"LineString"}},{"type":"Feature","properties":{},"geometry":{"coordinates":[[3.08454,48.95206],[3.07489,48.95195],[3.07322,48.95213],[3.0701,48.95287],[3.06744,48.95291]],"type":"LineString"}},{"type":"Feature","properties":{},"geometry":{"coordinates":[[3.06446,48.81442],[3.05836,48.81231],[3.05737,48.81217],[3.05542,48.81211],[3.0532,48.81227],[3.05141,48.81286],[3.04814,48.81488],[3.04409,48.81624],[3.04007,48.81879]],"type":"LineString"}},{"type":"Feature","properties":{},"geometry":{"coordinates":[[2.96371,48.80812],[2.96324,48.80934],[2.96336,48.81019],[2.9646,48.81225],[2.96627,48.81607],[2.96713,48.81752],[2.96743,48.8186],[2.96728,48.81941],[2.96668,48.82028],[2.9645,48.82245],[2.96396,48.82283],[2.96355,48.82292]],"type":"LineString"}},{"type":"Feature","properties":{},"geometry":{"coordinates":[[2.427,48.57563],[2.4296,48.57574],[2.43106,48.57632],[2.43244,48.57667]],"type":"LineString"}},{"type":"Feature","properties":{},"geometry":{"coordinates":[[2.04679,48.94844],[2.04534,48.947],[2.04476,48.94622],[2.04149,48.93978]],"type":"LineString"}},{"type":"Feature","properties":{},"geometry":{"coordinates":[[1.93163,48.5109],[1.93219,48.51104],[1.93319,48.51153],[1.93489,48.51193]],"type":"LineString"}},{"type":"Feature","properties":{},"geometry":{"coordinates":[[2.36073,48.44626],[2.36086,48.44673],[2.36163,48.44747],[2.36281,48.44906],[2.36306,48.44966],[2.36266,48.45063],[2.36159,48.45098]],"type":"LineString"}},{"type":"Feature","properties":{},"geometry":{"coordinates":[[3.06744,48.95291],[3.06587,48.95317],[3.0648,48.95321],[3.06349,48.95305],[3.06185,48.9526]],"type":"LineString"}},{"type":"Feature","properties":{},"geometry":{"coordinates":[[2.6526,48.86941],[2.64933,48.86626],[2.64681,48.86358],[2.64548,48.86271],[2.64371,48.86195]],"type":"LineString"}},{"type":"Feature","properties":{},"geometry":{"coordinates":[[2.28825,48.85667],[2.28572,48.85471],[2.27846,48.84962]],"type":"LineString"}},{"type":"Feature","properties":{},"geometry":{"coordinates":[[3.34334,48.86248],[3.34334,48.86248]],"type":"LineString"}},{"type":"Feature","properties":{},"geometry":{"coordinates":[[2.69316,48.29165],[2.69428,48.29482],[2.69428,48.29689],[2.69396,48.29861],[2.69346,48.29954],[2.6927,48.30013],[2.69161,48.30054],[2.68987,48.3008]],"type":"LineString"}},{"type":"Feature","properties":{},"geometry":{"coordinates":[[3.3914,48.46032],[3.39044,48.46021],[3.38947,48.45961],[3.38865,48.45846],[3.38783,48.45596],[3.3871,48.45531],[3.38638,48.45516],[3.3858,48.45532],[3.38551,48.45554],[3.38434,48.45764],[3.38251,48.4591],[3.38077,48.46001],[3.37496,48.46239]],"type":"LineString"}},{"type":"Feature","properties":{},"geometry":{"coordinates":[[3.11585,48.40348],[3.10955,48.40037],[3.1066,48.39838]],"type":"LineString"}},{"type":"Feature","properties":{},"geometry":{"coordinates":[[2.01427,48.70176],[2.015,48.70209],[2.01569,48.70212],[2.01791,48.7016],[2.01825,48.7014]],"type":"LineString"}},{"type":"Feature","properties":{},"geometry":{"coordinates":[[1.8724,48.86562],[1.87188,48.86635],[1.87197,48.8678],[1.87322,48.86989]],"type":"LineString"}},{"type":"Feature","properties":{},"geometry":{"coordinates":[[2.95286,48.8141],[2.95203,48.81406],[2.95143,48.81425]],"type":"LineString"}},{"type":"Feature","properties":{},"geometry":{"coordinates":[[2.94004,48.9746],[2.94063,48.97288]],"type":"LineString"}},{"type":"Feature","properties":{},"geometry":{"coordinates":[[2.854,48.88492],[2.85393,48.8855]],"type":"LineString"}},{"type":"Feature","properties":{},"geometry":{"coordinates":[[2.90834,48.82141],[2.90533,48.8226],[2.90317,48.82436],[2.90267,48.82637],[2.90258,48.82751],[2.90275,48.82825],[2.90363,48.82996]],"type":"LineString"}},{"type":"Feature","properties":{},"geometry":{"coordinates":[[3.35315,48.77066],[3.35156,48.76987],[3.35017,48.76956],[3.34775,48.76959],[3.34523,48.76995],[3.34406,48.77032],[3.34322,48.77079],[3.3418,48.77187],[3.33978,48.77382],[3.33854,48.77425],[3.33732,48.77424]],"type":"LineString"}},{"type":"Feature","properties":{},"geometry":{"coordinates":[[2.54448,48.56182],[2.54608,48.563],[2.5472,48.56419],[2.54798,48.56561],[2.54817,48.56678],[2.54795,48.56792],[2.54703,48.56935],[2.54569,48.57051],[2.54406,48.5715],[2.54228,48.57224],[2.54044,48.57277],[2.53795,48.57326],[2.53507,48.57363],[2.53083,48.57374],[2.52241,48.57323]],"type":"LineString"}},{"type":"Feature","properties":{},"geometry":{"coordinates":[[2.82143,48.66521],[2.81801,48.66526],[2.81733,48.66496],[2.81654,48.6641]],"type":"LineString"}},{"type":"Feature","properties":{},"geometry":{"coordinates":[[2.92329,48.66576],[2.92373,48.66497],[2.92451,48.66446],[2.92563,48.66409],[2.9287,48.66357],[2.92914,48.66336],[2.92935,48.66287],[2.92914,48.66244],[2.92853,48.66194],[2.92583,48.66108],[2.92521,48.66069],[2.92489,48.65999],[2.92471,48.65831],[2.92399,48.65727],[2.92286,48.65674],[2.92119,48.6564]],"type":"LineString"}},{"type":"Feature","properties":{},"geometry":{"coordinates":[[2.97262,48.69516],[2.97149,48.6955],[2.96932,48.69669],[2.96723,48.69765],[2.96629,48.69793],[2.96503,48.69812]],"type":"LineString"}},{"type":"Feature","properties":{},"geometry":{"coordinates":[[2.33832,48.94262],[2.33635,48.94419],[2.3341,48.94524]],"type":"LineString"}},{"type":"Feature","properties":{},"geometry":{"coordinates":[[3.19649,48.42629],[3.19509,48.42571],[3.19217,48.4252]],"type":"LineString"}},{"type":"Feature","properties":{},"geometry":{"coordinates":[[3.29969,48.42944],[3.29558,48.42901],[3.29191,48.42891],[3.29041,48.42871]],"type":"LineString"}},{"type":"Feature","properties":{},"geometry":{"coordinates":[[1.87252,48.87892],[1.87142,48.88106],[1.87057,48.88377],[1.86995,48.88424],[1.86845,48.88481],[1.86793,48.88533],[1.86762,48.88599],[1.86764,48.88701],[1.86821,48.88904],[1.86784,48.89155],[1.86823,48.89308]],"type":"LineString"}},{"type":"Feature","properties":{},"geometry":{"coordinates":[[3.45045,48.85768],[3.449,48.85865]],"type":"LineString"}},{"type":"Feature","properties":{},"geometry":{"coordinates":[[3.21807,48.79897],[3.21234,48.79911],[3.20969,48.80008],[3.20653,48.80046],[3.20474,48.80092],[3.20198,48.80194],[3.20139,48.80241],[3.20129,48.80277]],"type":"LineString"}},{"type":"Feature","properties":{},"geometry":{"coordinates":[[2.47596,48.78703],[2.47478,48.78768]],"type":"LineString"}},{"type":"Feature","properties":{},"geometry":{"coordinates":[[2.51671,48.69772],[2.51351,48.69737],[2.51193,48.69695]],"type":"LineString"}},{"type":"Feature","properties":{},"geometry":{"coordinates":[[2.54655,48.69302],[2.54571,48.69311],[2.54484,48.69288]],"type":"LineString"}},{"type":"Feature","properties":{},"geometry":{"coordinates":[[2.14581,48.36747],[2.14727,48.37167],[2.14735,48.37371],[2.14887,48.37618],[2.14933,48.37829]],"type":"LineString"}},{"type":"Feature","properties":{},"geometry":{"coordinates":[[3.15155,48.93039],[3.15151,48.9305]],"type":"LineString"}},{"type":"Feature","properties":{},"geometry":{"coordinates":[[3.009,48.73799],[3.01034,48.7381],[3.0132,48.73896],[3.01465,48.73918],[3.01647,48.7391],[3.01765,48.73891],[3.01836,48.73867],[3.01917,48.73813],[3.02115,48.73522],[3.02304,48.73359],[3.02469,48.73177],[3.02644,48.73048]],"type":"LineString"}},{"type":"Feature","properties":{},"geometry":{"coordinates":[[3.12993,48.93571],[3.12888,48.93583],[3.12825,48.93575]],"type":"LineString"}},{"type":"Feature","properties":{},"geometry":{"coordinates":[[2.26974,48.69993],[2.27023,48.69935],[2.27071,48.6992],[2.27146,48.69919],[2.27179,48.699]],"type":"LineString"}},{"type":"Feature","properties":{},"geometry":{"coordinates":[[2.70806,48.23993],[2.70715,48.24194],[2.70591,48.24348],[2.70476,48.24439],[2.70107,48.24662],[2.69995,48.24752],[2.69918,48.24837],[2.69863,48.24936],[2.69845,48.25059],[2.69873,48.25132],[2.70004,48.25312],[2.70021,48.25386],[2.70009,48.25454],[2.6995,48.25542],[2.69862,48.25605],[2.69741,48.25645],[2.69655,48.25644]],"type":"LineString"}},{"type":"Feature","properties":{},"geometry":{"coordinates":[[2.89774,48.36961],[2.89261,48.3717],[2.88706,48.37461],[2.88579,48.37509],[2.88439,48.37544],[2.88219,48.37563],[2.87903,48.37556],[2.87449,48.3752],[2.87162,48.37469]],"type":"LineString"}},{"type":"Feature","properties":{},"geometry":{"coordinates":[[3.03918,49.00074],[3.0382,49.00362],[3.03749,49.00495],[3.03701,49.00545],[3.03495,49.00699],[3.03326,49.00946],[3.03248,49.01025]],"type":"LineString"}},{"type":"Feature","properties":{},"geometry":{"coordinates":[[2.94175,48.99409],[2.9377,48.99399],[2.93274,48.99424]],"type":"LineString"}},{"type":"Feature","properties":{},"geometry":{"coordinates":[[3.26771,48.88729],[3.26362,48.8874],[3.25708,48.88791],[3.25563,48.88762],[3.25406,48.88678]],"type":"LineString"}},{"type":"Feature","properties":{},"geometry":{"coordinates":[[3.20034,48.90277],[3.19999,48.90252]],"type":"LineString"}},{"type":"Feature","properties":{},"geometry":{"coordinates":[[2.17127,48.43327],[2.17175,48.43448],[2.17459,48.43956],[2.17515,48.44135],[2.17715,48.44538],[2.17881,48.44721],[2.18135,48.44898]],"type":"LineString"}},{"type":"Feature","properties":{},"geometry":{"coordinates":[[2.46544,48.57739],[2.46565,48.57746],[2.46544,48.57739]],"type":"LineString"}},{"type":"Feature","properties":{},"geometry":{"coordinates":[[1.72856,48.98251],[1.72766,48.98428],[1.72678,48.98543]],"type":"LineString"}},{"type":"Feature","properties":{},"geometry":{"coordinates":[[2.75731,48.44886],[2.75941,48.44964],[2.76152,48.45077],[2.76522,48.45307],[2.76581,48.45363],[2.76609,48.45415]],"type":"LineString"}},{"type":"Feature","properties":{},"geometry":{"coordinates":[[1.99102,48.52945],[1.9916,48.52943],[1.99368,48.53005],[1.99457,48.53013]],"type":"LineString"}},{"type":"Feature","properties":{},"geometry":{"coordinates":[[3.18419,48.90542],[3.18415,48.90568],[3.1846,48.9063],[3.18501,48.90735]],"type":"LineString"}},{"type":"Feature","properties":{},"geometry":{"coordinates":[[3.36762,48.87391],[3.36702,48.874],[3.36629,48.87344],[3.36545,48.87331]],"type":"LineString"}},{"type":"Feature","properties":{},"geometry":{"coordinates":[[3.449,48.85865],[3.44847,48.8589],[3.44749,48.85912],[3.44713,48.85988],[3.4458,48.86063]],"type":"LineString"}},{"type":"Feature","properties":{},"geometry":{"coordinates":[[2.88296,48.86254],[2.88203,48.86336],[2.87763,48.86522],[2.87643,48.86561]],"type":"LineString"}},{"type":"Feature","properties":{},"geometry":{"coordinates":[[3.33168,48.77559],[3.33198,48.77614],[3.33141,48.77668],[3.33063,48.77682],[3.32878,48.77663]],"type":"LineString"}},{"type":"Feature","properties":{},"geometry":{"coordinates":[[2.3449,48.48045],[2.34526,48.48089],[2.34555,48.4816],[2.3456,48.48229],[2.346,48.48285],[2.34572,48.48345]],"type":"LineString"}},{"type":"Feature","properties":{},"geometry":{"coordinates":[[2.09351,48.31743],[2.09336,48.31794],[2.09237,48.31836],[2.09223,48.31881]],"type":"LineString"}},{"type":"Feature","properties":{},"geometry":{"coordinates":[[2.30694,48.65562],[2.31071,48.65784],[2.3133,48.65991],[2.31433,48.66114],[2.3166,48.6646],[2.31723,48.66524],[2.31789,48.66565]],"type":"LineString"}},{"type":"Feature","properties":{},"geometry":{"coordinates":[[2.92051,48.67655],[2.92023,48.67597],[2.92016,48.67528],[2.92086,48.67329],[2.92139,48.6726],[2.92293,48.67115],[2.92373,48.66996],[2.9237,48.66921],[2.92265,48.66682],[2.92271,48.66631],[2.92329,48.66576]],"type":"LineString"}},{"type":"Feature","properties":{},"geometry":{"coordinates":[[3.14297,48.96115],[3.1423,48.96078],[3.14176,48.96027]],"type":"LineString"}},{"type":"Feature","properties":{},"geometry":{"coordinates":[[2.08834,48.70475],[2.08915,48.70454],[2.09048,48.70453]],"type":"LineString"}},{"type":"Feature","properties":{},"geometry":{"coordinates":[[2.10445,48.33857],[2.10506,48.34023],[2.1061,48.34189],[2.10725,48.34326],[2.11065,48.34669],[2.11222,48.34866]],"type":"LineString"}},{"type":"Feature","properties":{},"geometry":{"coordinates":[[2.33902,48.53648],[2.3422,48.5382],[2.34385,48.53851],[2.34476,48.53845],[2.3513,48.53707],[2.35283,48.53699]],"type":"LineString"}},{"type":"Feature","properties":{},"geometry":{"coordinates":[[2.46147,48.63027],[2.46029,48.6314],[2.45804,48.63441]],"type":"LineString"}},{"type":"Feature","properties":{},"geometry":{"coordinates":[[2.48184,48.61513],[2.47941,48.61678],[2.47753,48.61877]],"type":"LineString"}},{"type":"Feature","properties":{},"geometry":{"coordinates":[[2.95298,48.68085],[2.95244,48.68058],[2.95099,48.68052],[2.95061,48.68028],[2.94922,48.67991],[2.94877,48.67943],[2.94827,48.67931]],"type":"LineString"}},{"type":"Feature","properties":{},"geometry":{"coordinates":[[2.72677,48.18474],[2.72612,48.18541]],"type":"LineString"}},{"type":"Feature","properties":{},"geometry":{"coordinates":[[3.11912,48.40476],[3.11824,48.40457]],"type":"LineString"}},{"type":"Feature","properties":{},"geometry":{"coordinates":[[1.86823,48.89308],[1.86823,48.89344]],"type":"LineString"}},{"type":"Feature","properties":{},"geometry":{"coordinates":[[2.52194,48.79121],[2.52014,48.7886],[2.51914,48.78762],[2.51813,48.78694],[2.51703,48.7865],[2.51415,48.78592],[2.51079,48.78452],[2.50951,48.78425],[2.50812,48.78417]],"type":"LineString"}},{"type":"Feature","properties":{},"geometry":{"coordinates":[[2.45821,48.57656],[2.45916,48.57627],[2.46195,48.57622],[2.46268,48.57631],[2.46369,48.57671]],"type":"LineString"}},{"type":"Feature","properties":{},"geometry":{"coordinates":[[2.34463,48.48483],[2.34476,48.48519],[2.34401,48.48607]],"type":"LineString"}},{"type":"Feature","properties":{},"geometry":{"coordinates":[[3.16597,48.98386],[3.16597,48.98377]],"type":"LineString"}},{"type":"Feature","properties":{},"geometry":{"coordinates":[[2.63872,48.85844],[2.63724,48.85781],[2.63583,48.85751],[2.62729,48.85728]],"type":"LineString"}},{"type":"Feature","properties":{},"geometry":{"coordinates":[[2.21086,48.58183],[2.21137,48.58235],[2.21329,48.58241],[2.21423,48.58295]],"type":"LineString"}},{"type":"Feature","properties":{},"geometry":{"coordinates":[[2.72178,48.65593],[2.72089,48.65574],[2.71901,48.65476],[2.71788,48.65387],[2.71675,48.65267],[2.71569,48.65074],[2.71451,48.64697],[2.71403,48.64611],[2.71328,48.64531],[2.71218,48.6446],[2.71093,48.6441],[2.70967,48.6438],[2.70815,48.64365],[2.70717,48.64373],[2.70591,48.64405],[2.70502,48.64444],[2.70402,48.64524],[2.7035,48.64606],[2.70308,48.64717],[2.70164,48.65283],[2.70077,48.65433],[2.70015,48.65499],[2.69973,48.6552]],"type":"LineString"}},{"type":"Feature","properties":{},"geometry":{"coordinates":[[2.29162,48.61894],[2.29184,48.61977]],"type":"LineString"}},{"type":"Feature","properties":{},"geometry":{"coordinates":[[2.75462,48.48538],[2.74835,48.48659],[2.74492,48.48694],[2.74244,48.48704],[2.73991,48.48697],[2.73273,48.4864],[2.72369,48.48601],[2.71726,48.48544]],"type":"LineString"}},{"type":"Feature","properties":{},"geometry":{"coordinates":[[1.99102,48.52945],[1.99045,48.52913],[1.98941,48.52895],[1.98309,48.5286],[1.97981,48.52874],[1.97687,48.52872],[1.97499,48.5289]],"type":"LineString"}},{"type":"Feature","properties":{},"geometry":{"coordinates":[[2.21372,48.91579],[2.21257,48.91506]],"type":"LineString"}},{"type":"Feature","properties":{},"geometry":{"coordinates":[[2.7337,48.17011],[2.73226,48.17135]],"type":"LineString"}},{"type":"Feature","properties":{},"geometry":{"coordinates":[[2.06647,48.70646],[2.06631,48.70624],[2.06657,48.70603]],"type":"LineString"}},{"type":"Feature","properties":{},"geometry":{"coordinates":[[2.81891,48.90041],[2.81908,48.90076]],"type":"LineString"}},{"type":"Feature","properties":{},"geometry":{"coordinates":[[1.84893,48.9132],[1.8472,48.9161],[1.84734,48.91663],[1.84796,48.91746]],"type":"LineString"}},{"type":"Feature","properties":{},"geometry":{"coordinates":[[3.36545,48.87331],[3.365,48.87327]],"type":"LineString"}},{"type":"Feature","properties":{},"geometry":{"coordinates":[[2.37099,48.53615],[2.37193,48.53633]],"type":"LineString"}},{"type":"Feature","properties":{},"geometry":{"coordinates":[[3.23064,48.41935],[3.22803,48.42237],[3.22701,48.42331],[3.22564,48.42409],[3.22418,48.4244],[3.22275,48.42427],[3.22176,48.42392],[3.21884,48.42195],[3.21742,48.42122],[3.21649,48.42098],[3.21557,48.4209],[3.21415,48.42115],[3.21315,48.42172],[3.21236,48.42265],[3.21099,48.42657],[3.21057,48.42721]],"type":"LineString"}},{"type":"Feature","properties":{},"geometry":{"coordinates":[[2.61846,48.85885],[2.61583,48.85932],[2.61359,48.86014],[2.61172,48.86126],[2.60897,48.86329],[2.60585,48.86484]],"type":"LineString"}},{"type":"Feature","properties":{},"geometry":{"coordinates":[[2.76839,48.8963],[2.76793,48.89434],[2.76741,48.89303],[2.76488,48.88978],[2.76322,48.88855],[2.75935,48.88665]],"type":"LineString"}},{"type":"Feature","properties":{},"geometry":{"coordinates":[[2.54216,48.68512],[2.54211,48.68556]],"type":"LineString"}},{"type":"Feature","properties":{},"geometry":{"coordinates":[[2.57326,48.67574],[2.57239,48.67551],[2.57151,48.67505],[2.57108,48.67446],[2.57071,48.67331],[2.57075,48.67181],[2.57186,48.66974],[2.57177,48.66839]],"type":"LineString"}},{"type":"Feature","properties":{},"geometry":{"coordinates":[[2.38245,48.35475],[2.38244,48.35524],[2.38353,48.35593],[2.38381,48.35631],[2.38397,48.35719],[2.38364,48.35794]],"type":"LineString"}},{"type":"Feature","properties":{},"geometry":{"coordinates":[[2.31789,48.66565],[2.31875,48.66593]],"type":"LineString"}},{"type":"Feature","properties":{},"geometry":{"coordinates":[[2.43244,48.57667],[2.43613,48.57657],[2.43799,48.57707],[2.44017,48.57716]],"type":"LineString"}},{"type":"Feature","properties":{},"geometry":{"coordinates":[[3.02799,48.7224],[3.02762,48.72172],[3.02686,48.72107],[3.02559,48.72037],[3.02396,48.7198],[3.0226,48.71872],[3.02055,48.71755],[3.01739,48.71529],[3.01667,48.71504],[3.01592,48.71496]],"type":"LineString"}},{"type":"Feature","properties":{},"geometry":{"coordinates":[[3.29041,48.42871],[3.28683,48.42805],[3.28201,48.42764],[3.28036,48.42728],[3.27851,48.42658],[3.27491,48.42469],[3.27191,48.42336],[3.27069,48.42253],[3.27001,48.42175],[3.26961,48.42098],[3.26912,48.41877]],"type":"LineString"}},{"type":"Feature","properties":{},"geometry":{"coordinates":[[2.21091,49.11564],[2.21153,49.11535],[2.21178,49.11463]],"type":"LineString"}},{"type":"Feature","properties":{},"geometry":{"coordinates":[[1.87624,48.83541],[1.87737,48.83898],[1.87922,48.84288],[1.87952,48.84432],[1.87942,48.84546],[1.87892,48.84631],[1.87801,48.84694],[1.87608,48.84772],[1.87562,48.84812],[1.87524,48.84883],[1.87521,48.84969],[1.87557,48.85075],[1.87623,48.85193],[1.87687,48.85261]],"type":"LineString"}},{"type":"Feature","properties":{},"geometry":{"coordinates":[[2.46843,48.8257],[2.46723,48.82449],[2.46689,48.82371],[2.46682,48.82299],[2.4678,48.82003],[2.46829,48.8195],[2.46892,48.81923]],"type":"LineString"}},{"type":"Feature","properties":{},"geometry":{"coordinates":[[2.15323,48.6973],[2.15391,48.69845]],"type":"LineString"}},{"type":"Feature","properties":{},"geometry":{"coordinates":[[3.04047,48.99829],[3.03955,48.9988],[3.03916,48.99927],[3.03897,49.00021],[3.03918,49.00074]],"type":"LineString"}},{"type":"Feature","properties":{},"geometry":{"coordinates":[[3.12121,48.94496],[3.11936,48.94525],[3.1177,48.94577],[3.11576,48.94664],[3.11267,48.94832],[3.11123,48.94886],[3.10856,48.94936],[3.10394,48.94966],[3.10285,48.94991]],"type":"LineString"}},{"type":"Feature","properties":{},"geometry":{"coordinates":[[2.46967,48.81854],[2.47322,48.81631],[2.47499,48.81544],[2.47831,48.81416],[2.48137,48.81328],[2.4926,48.81117],[2.49606,48.81064],[2.49903,48.81044],[2.50425,48.81051]],"type":"LineString"}},{"type":"Feature","properties":{},"geometry":{"coordinates":[[3.36833,48.87381],[3.36762,48.87391]],"type":"LineString"}},{"type":"Feature","properties":{},"geometry":{"coordinates":[[2.38804,48.55618],[2.38814,48.55645],[2.38872,48.55675]],"type":"LineString"}},{"type":"Feature","properties":{},"geometry":{"coordinates":[[2.71726,48.19825],[2.71719,48.19988]],"type":"LineString"}},{"type":"Feature","properties":{},"geometry":{"coordinates":[[2.32056,48.91652],[2.32254,48.91674],[2.32475,48.91728],[2.32701,48.91814],[2.32896,48.91923],[2.33052,48.92045],[2.33196,48.92182],[2.338,48.92801],[2.33964,48.92993],[2.34061,48.93144],[2.34123,48.9329],[2.34151,48.93406],[2.34159,48.9356],[2.34129,48.9373],[2.34081,48.93864],[2.33919,48.94145]],"type":"LineString"}},{"type":"Feature","properties":{},"geometry":{"coordinates":[[3.10271,48.39257],[3.10112,48.39167]],"type":"LineString"}},{"type":"Feature","properties":{},"geometry":{"coordinates":[[1.83373,48.94568],[1.83188,48.94747],[1.83082,48.94971],[1.82938,48.95163],[1.82667,48.95599]],"type":"LineString"}},{"type":"Feature","properties":{},"geometry":{"coordinates":[[3.1983,48.9027],[3.19739,48.90259],[3.19646,48.90211],[3.19542,48.89988]],"type":"LineString"}},{"type":"Feature","properties":{},"geometry":{"coordinates":[[3.26994,48.7935],[3.268,48.79431],[3.2663,48.79553],[3.26391,48.79951],[3.26286,48.80001],[3.26217,48.80007],[3.26184,48.79998]],"type":"LineString"}},{"type":"Feature","properties":{},"geometry":{"coordinates":[[2.96503,48.69812],[2.96469,48.69815],[2.96416,48.69799],[2.96291,48.69727],[2.95868,48.69345],[2.95695,48.69226],[2.95297,48.69065],[2.949,48.68978],[2.94831,48.68948],[2.94781,48.68906],[2.94748,48.68814],[2.94766,48.68752],[2.94809,48.6869],[2.9493,48.68593],[2.95226,48.68449],[2.95329,48.68337],[2.95364,48.68207],[2.95347,48.68142],[2.95298,48.68085]],"type":"LineString"}},{"type":"Feature","properties":{},"geometry":{"coordinates":[[2.25276,48.59194],[2.25325,48.59256],[2.25415,48.59295]],"type":"LineString"}},{"type":"Feature","properties":{},"geometry":{"coordinates":[[3.0824,48.81196],[3.08003,48.81284],[3.0795,48.81387]],"type":"LineString"}},{"type":"Feature","properties":{},"geometry":{"coordinates":[[2.51401,48.80933],[2.51705,48.80871],[2.51811,48.80832],[2.5188,48.80789]],"type":"LineString"}},{"type":"Feature","properties":{},"geometry":{"coordinates":[[2.46337,48.71079],[2.46256,48.71083],[2.4599,48.71139]],"type":"LineString"}},{"type":"Feature","properties":{},"geometry":{"coordinates":[[3.05031,48.36021],[3.04822,48.36],[3.04692,48.36014],[3.04597,48.36042],[3.04457,48.36128],[3.04274,48.36332],[3.04176,48.36376],[3.04055,48.36387],[3.03924,48.36368],[3.03625,48.36283],[3.03323,48.36222],[3.03197,48.36186],[3.03062,48.36106],[3.02915,48.35929]],"type":"LineString"}},{"type":"Feature","properties":{},"geometry":{"coordinates":[[2.83098,48.90072],[2.83038,48.90184],[2.83048,48.90281],[2.83093,48.90348],[2.83271,48.9052],[2.83298,48.90572],[2.83298,48.90619],[2.8324,48.90699],[2.82864,48.90989]],"type":"LineString"}},{"type":"Feature","properties":{},"geometry":{"coordinates":[[1.61399,49.02371],[1.61491,49.02433],[1.61666,49.02613],[1.61971,49.02888],[1.62027,49.02957],[1.62052,49.0302]],"type":"LineString"}},{"type":"Feature","properties":{},"geometry":{"coordinates":[[2.82631,48.39185],[2.8255,48.39215]],"type":"LineString"}},{"type":"Feature","properties":{},"geometry":{"coordinates":[[2.14352,48.3658],[2.14423,48.36609],[2.14425,48.36651],[2.145,48.36671],[2.14581,48.36747]],"type":"LineString"}},{"type":"Feature","properties":{},"geometry":{"coordinates":[[2.33898,48.53647],[2.33902,48.53648]],"type":"LineString"}},{"type":"Feature","properties":{},"geometry":{"coordinates":[[2.71673,48.19283],[2.71841,48.1951]],"type":"LineString"}},{"type":"Feature","properties":{},"geometry":{"coordinates":[[2.99652,48.39437],[2.99281,48.3952]],"type":"LineString"}},{"type":"Feature","properties":{},"geometry":{"coordinates":[[3.31493,48.86005],[3.31518,48.86043],[3.31425,48.86062],[3.31457,48.86111],[3.31429,48.86137]],"type":"LineString"}},{"type":"Feature","properties":{},"geometry":{"coordinates":[[2.9928,48.81285],[2.98845,48.81335],[2.98291,48.81517],[2.98216,48.81529],[2.98131,48.81526],[2.97993,48.81485],[2.97874,48.81415],[2.97481,48.81021]],"type":"LineString"}},{"type":"Feature","properties":{},"geometry":{"coordinates":[[2.47478,48.78768],[2.47427,48.78826]],"type":"LineString"}},{"type":"Feature","properties":{},"geometry":{"coordinates":[[2.14532,48.40041],[2.14497,48.40183],[2.14545,48.4039],[2.14487,48.40615],[2.14484,48.40793],[2.14517,48.40844],[2.14815,48.41136],[2.14994,48.41404]],"type":"LineString"}},{"type":"Feature","properties":{},"geometry":{"coordinates":[[2.09415,49.03309],[2.09181,49.02596],[2.09048,49.02363],[2.08913,49.02205],[2.08717,49.02067],[2.08483,49.0198],[2.08206,49.01928],[2.08019,49.01913],[2.07866,49.01915],[2.07571,49.01956],[2.07216,49.0206],[2.06943,49.02184],[2.06717,49.02337],[2.06104,49.02918],[2.05974,49.03098],[2.05709,49.0357],[2.05593,49.03741],[2.05475,49.03869],[2.05336,49.03969],[2.05194,49.04026],[2.0503,49.04052],[2.0493,49.04051],[2.04749,49.04023],[2.04614,49.03982],[2.04442,49.03905],[2.04106,49.03693]],"type":"LineString"}},{"type":"Feature","properties":{},"geometry":{"coordinates":[[3.04075,48.99659],[3.04047,48.99829]],"type":"LineString"}},{"type":"Feature","properties":{},"geometry":{"coordinates":[[3.30181,48.77997],[3.3008,48.78078],[3.29941,48.78262],[3.29919,48.78374],[3.29745,48.78517],[3.29722,48.78564],[3.29729,48.78626]],"type":"LineString"}},{"type":"Feature","properties":{},"geometry":{"coordinates":[[3.37351,48.77126],[3.37115,48.77197],[3.36595,48.77453],[3.36461,48.7749],[3.36282,48.77508],[3.36124,48.77487],[3.35891,48.77398],[3.35684,48.77301],[3.35361,48.77108]],"type":"LineString"}},{"type":"Feature","properties":{},"geometry":{"coordinates":[[2.4599,48.71139],[2.45865,48.71178],[2.45674,48.71314]],"type":"LineString"}},{"type":"Feature","properties":{},"geometry":{"coordinates":[[2.7742,48.65231],[2.77307,48.65184],[2.77257,48.65125],[2.77234,48.65059],[2.77267,48.64996]],"type":"LineString"}},{"type":"Feature","properties":{},"geometry":{"coordinates":[[2.46113,48.60198],[2.46208,48.60215],[2.46265,48.60212]],"type":"LineString"}},{"type":"Feature","properties":{},"geometry":{"coordinates":[[2.34995,48.47483],[2.35035,48.47518],[2.3508,48.47607],[2.35074,48.47659],[2.34928,48.47735],[2.34856,48.47828],[2.3478,48.47885],[2.34575,48.47955],[2.3449,48.48045]],"type":"LineString"}},{"type":"Feature","properties":{},"geometry":{"coordinates":[[1.98255,48.99241],[1.97651,48.99561]],"type":"LineString"}},{"type":"Feature","properties":{},"geometry":{"coordinates":[[2.03679,48.93489],[2.03458,48.93444],[2.03159,48.93354],[2.02589,48.93081]],"type":"LineString"}},{"type":"Feature","properties":{},"geometry":{"coordinates":[[2.23645,48.82142],[2.23306,48.82259],[2.23176,48.82328],[2.23034,48.82423],[2.22836,48.82604],[2.22761,48.82707],[2.22696,48.82832]],"type":"LineString"}},{"type":"Feature","properties":{},"geometry":{"coordinates":[[2.42631,48.65517],[2.42043,48.65843],[2.41748,48.66022],[2.41132,48.66488],[2.40956,48.66605],[2.40166,48.66996],[2.39341,48.67536],[2.39019,48.67713]],"type":"LineString"}},{"type":"Feature","properties":{},"geometry":{"coordinates":[[2.82154,48.66522],[2.82143,48.66521]],"type":"LineString"}},{"type":"Feature","properties":{},"geometry":{"coordinates":[[2.37204,48.43516],[2.37062,48.43503]],"type":"LineString"}},{"type":"Feature","properties":{},"geometry":{"coordinates":[[2.68683,48.30393],[2.68648,48.30615],[2.68663,48.30773]],"type":"LineString"}},{"type":"Feature","properties":{},"geometry":{"coordinates":[[2.90987,48.3732],[2.90411,48.37075]],"type":"LineString"}},{"type":"Feature","properties":{},"geometry":{"coordinates":[[3.11824,48.40457],[3.11585,48.40348]],"type":"LineString"}},{"type":"Feature","properties":{},"geometry":{"coordinates":[[2.3341,48.94524],[2.32724,48.94726],[2.3214,48.94874],[2.31374,48.95022],[2.30555,48.95142],[2.3013,48.9518],[2.29737,48.95181],[2.29225,48.95143],[2.28975,48.95105],[2.28834,48.95073]],"type":"LineString"}},{"type":"Feature","properties":{},"geometry":{"coordinates":[[3.18603,48.42422],[3.18096,48.42349],[3.1775,48.4226]],"type":"LineString"}},{"type":"Feature","properties":{},"geometry":{"coordinates":[[3.35803,48.46329],[3.35639,48.46231],[3.35519,48.46066],[3.35451,48.46011],[3.35332,48.45966],[3.35157,48.45949]],"type":"LineString"}},{"type":"Feature","properties":{},"geometry":{"coordinates":[[2.85393,48.8855],[2.85359,48.88622],[2.85316,48.88645]],"type":"LineString"}},{"type":"Feature","properties":{},"geometry":{"coordinates":[[2.19495,48.48241],[2.19601,48.48303],[2.19707,48.48346],[2.19896,48.48393],[2.20068,48.48407],[2.20125,48.48421],[2.20143,48.48442],[2.20129,48.48535],[2.20198,48.48655]],"type":"LineString"}},{"type":"Feature","properties":{},"geometry":{"coordinates":[[3.00424,48.71025],[3.00376,48.70967],[3.00301,48.70976],[3.00242,48.70955],[3.00224,48.70896],[3.0015,48.70839],[3.00097,48.70777]],"type":"LineString"}},{"type":"Feature","properties":{},"geometry":{"coordinates":[[2.82993,48.89974],[2.83098,48.90072]],"type":"LineString"}},{"type":"Feature","properties":{},"geometry":{"coordinates":[[2.6948,48.27291],[2.69296,48.27873],[2.69258,48.28133]],"type":"LineString"}},{"type":"Feature","properties":{},"geometry":{"coordinates":[[2.32226,49.14881],[2.32053,49.1488]],"type":"LineString"}},{"type":"Feature","properties":{},"geometry":{"coordinates":[[2.73745,48.92366],[2.73648,48.92387]],"type":"LineString"}},{"type":"Feature","properties":{},"geometry":{"coordinates":[[3.29519,48.78821],[3.29378,48.7897],[3.29278,48.78998]],"type":"LineString"}},{"type":"Feature","properties":{},"geometry":{"coordinates":[[2.46892,48.81923],[2.46943,48.81877]],"type":"LineString"}},{"type":"Feature","properties":{},"geometry":{"coordinates":[[2.19355,48.47273],[2.19365,48.47363],[2.19313,48.47423],[2.19286,48.47505],[2.19221,48.47553],[2.19207,48.47584],[2.19211,48.47735],[2.19243,48.47804]],"type":"LineString"}},{"type":"Feature","properties":{},"geometry":{"coordinates":[[2.11277,48.90513],[2.11448,48.9093],[2.11571,48.91164],[2.12138,48.91965],[2.12384,48.92232],[2.12618,48.92449],[2.12829,48.92609],[2.13291,48.92925]],"type":"LineString"}},{"type":"Feature","properties":{},"geometry":{"coordinates":[[2.27846,48.84962],[2.27422,48.84557],[2.26699,48.83798],[2.26257,48.83382]],"type":"LineString"}},{"type":"Feature","properties":{},"geometry":{"coordinates":[[2.67473,48.48842],[2.67317,48.49058],[2.67216,48.49285],[2.6718,48.49434],[2.67129,48.49849],[2.67052,48.50277],[2.67006,48.51235],[2.67043,48.5205]],"type":"LineString"}},{"type":"Feature","properties":{},"geometry":{"coordinates":[[2.88549,48.65372],[2.885,48.65342],[2.8845,48.65281],[2.88401,48.65088],[2.88346,48.64995],[2.88287,48.64942]],"type":"LineString"}},{"type":"Feature","properties":{},"geometry":{"coordinates":[[3.34319,48.86304],[3.34306,48.86255],[3.34334,48.86248]],"type":"LineString"}},{"type":"Feature","properties":{},"geometry":{"coordinates":[[3.14176,48.96027],[3.14071,48.95894],[3.13869,48.95531],[3.13715,48.95314]],"type":"LineString"}},{"type":"Feature","properties":{},"geometry":{"coordinates":[[2.68731,48.30286],[2.68683,48.30352],[2.68683,48.30393]],"type":"LineString"}},{"type":"Feature","properties":{},"geometry":{"coordinates":[[2.69817,48.26479],[2.69799,48.26735],[2.69777,48.26827],[2.69575,48.27117],[2.6948,48.27291]],"type":"LineString"}},{"type":"Feature","properties":{},"geometry":{"coordinates":[[3.35157,48.45949],[3.35061,48.45949],[3.34973,48.45979],[3.34858,48.46135]],"type":"LineString"}},{"type":"Feature","properties":{},"geometry":{"coordinates":[[2.75519,48.44748],[2.75731,48.44886]],"type":"LineString"}},{"type":"Feature","properties":{},"geometry":{"coordinates":[[2.24511,48.58977],[2.24634,48.58975],[2.24759,48.59041]],"type":"LineString"}},{"type":"Feature","properties":{},"geometry":{"coordinates":[[2.13282,48.69849],[2.13535,48.69944],[2.1361,48.69958],[2.13686,48.69958],[2.14162,48.69897],[2.1452,48.69811],[2.14997,48.69778],[2.15323,48.6973]],"type":"LineString"}},{"type":"Feature","properties":{},"geometry":{"coordinates":[[2.52007,48.80683],[2.52241,48.80406]],"type":"LineString"}},{"type":"Feature","properties":{},"geometry":{"coordinates":[[2.68925,48.65185],[2.68632,48.65135],[2.68407,48.65119],[2.68081,48.65144],[2.6779,48.65201],[2.67626,48.65252],[2.67526,48.65304],[2.67452,48.65372],[2.67372,48.65488],[2.6718,48.65633],[2.67072,48.65665],[2.66956,48.65661],[2.66841,48.65633],[2.66578,48.65508]],"type":"LineString"}},{"type":"Feature","properties":{},"geometry":{"coordinates":[[2.77267,48.64996],[2.77081,48.64765],[2.76978,48.64684],[2.76853,48.64614],[2.76735,48.64571],[2.76586,48.6454],[2.76243,48.64535],[2.76116,48.64544],[2.75713,48.64605],[2.75585,48.64636],[2.75469,48.64685],[2.75373,48.64758],[2.75312,48.64849],[2.75297,48.64942],[2.75312,48.65044]],"type":"LineString"}},{"type":"Feature","properties":{},"geometry":{"coordinates":[[2.36682,48.53578],[2.36541,48.53597],[2.36458,48.53591],[2.36375,48.53564],[2.36249,48.53493],[2.36168,48.53476],[2.35989,48.53486],[2.35961,48.53499],[2.35958,48.53521]],"type":"LineString"}},{"type":"Feature","properties":{},"geometry":{"coordinates":[[2.33838,48.66754],[2.34099,48.66764],[2.34365,48.66802],[2.34542,48.66853],[2.35061,48.67052],[2.35283,48.67102],[2.35531,48.67124],[2.35669,48.67169],[2.35748,48.67214],[2.35841,48.67296],[2.36022,48.67609],[2.36089,48.67683],[2.36164,48.67726]],"type":"LineString"}},{"type":"Feature","properties":{},"geometry":{"coordinates":[[1.71785,48.99599],[1.71249,49.00187],[1.71084,49.00321],[1.7085,49.00453],[1.70339,49.00698],[1.70051,49.00823],[1.6971,49.00946]],"type":"LineString"}},{"type":"Feature","properties":{},"geometry":{"coordinates":[[2.91411,48.85696],[2.91381,48.85607],[2.91247,48.85483],[2.91194,48.85469],[2.91134,48.85472],[2.91044,48.85516]],"type":"LineString"}},{"type":"Feature","properties":{},"geometry":{"coordinates":[[2.56492,48.66724],[2.56347,48.66796],[2.56214,48.66912],[2.55904,48.67279],[2.55745,48.67529],[2.55698,48.67571],[2.55648,48.67589]],"type":"LineString"}},{"type":"Feature","properties":{},"geometry":{"coordinates":[[2.46265,48.60212],[2.46411,48.60216],[2.46511,48.60275],[2.46591,48.60296],[2.46833,48.60301],[2.46941,48.60328]],"type":"LineString"}},{"type":"Feature","properties":{},"geometry":{"coordinates":[[2.74553,48.42856],[2.7453,48.43101],[2.74543,48.43401],[2.74577,48.43575],[2.74649,48.43776],[2.74791,48.44036],[2.74965,48.4428],[2.7517,48.44506],[2.75348,48.44651]],"type":"LineString"}},{"type":"Feature","properties":{},"geometry":{"coordinates":[[2.67043,48.5205],[2.67048,48.52473],[2.67003,48.52722],[2.66897,48.52934],[2.66693,48.53184]],"type":"LineString"}},{"type":"Feature","properties":{},"geometry":{"coordinates":[[3.10112,48.39167],[3.09515,48.39019],[3.09193,48.38976],[3.08931,48.38968],[3.08423,48.3899],[3.0812,48.38988],[3.07251,48.38953],[3.0551,48.38836]],"type":"LineString"}},{"type":"Feature","properties":{},"geometry":{"coordinates":[[2.11763,48.70043],[2.11993,48.70084],[2.12115,48.70094],[2.12217,48.70077],[2.12399,48.70014],[2.12508,48.69996],[2.12581,48.70005],[2.12759,48.70061],[2.12817,48.70035],[2.1283,48.69958]],"type":"LineString"}},{"type":"Feature","properties":{},"geometry":{"coordinates":[[2.20931,49.09359],[2.20867,49.09169],[2.20733,49.08905]],"type":"LineString"}},{"type":"Feature","properties":{},"geometry":{"coordinates":[[1.867,48.82085],[1.86613,48.82099],[1.86469,48.82189],[1.86458,48.82218],[1.86524,48.82248]],"type":"LineString"}},{"type":"Feature","properties":{},"geometry":{"coordinates":[[2.1895,49.07215],[2.1866,49.07152],[2.18182,49.07072],[2.17915,49.06996],[2.17715,49.06893],[2.17154,49.06529],[2.17047,49.06478],[2.16923,49.06439],[2.16704,49.06417],[2.16177,49.06451],[2.15861,49.06452]],"type":"LineString"}},{"type":"Feature","properties":{},"geometry":{"coordinates":[[2.46943,48.81877],[2.46967,48.81854]],"type":"LineString"}},{"type":"Feature","properties":{},"geometry":{"coordinates":[[2.36201,48.67746],[2.36396,48.67817]],"type":"LineString"}},{"type":"Feature","properties":{},"geometry":{"coordinates":[[2.78963,48.39129],[2.78969,48.39323],[2.79058,48.39629],[2.79168,48.39832],[2.79542,48.40357],[2.79616,48.40572],[2.79612,48.4071],[2.79551,48.40869],[2.7942,48.41042],[2.79238,48.41197],[2.79034,48.4131],[2.78851,48.41373],[2.78682,48.41407],[2.78485,48.41421],[2.78295,48.41412],[2.78082,48.41383],[2.77278,48.41214],[2.76967,48.41168],[2.76675,48.4114],[2.76311,48.41124],[2.75942,48.41128],[2.75667,48.4115],[2.75445,48.41187],[2.7528,48.41233],[2.75136,48.41294],[2.74996,48.41381],[2.74888,48.41479],[2.74802,48.41589],[2.74732,48.41714],[2.7467,48.41881],[2.74622,48.42112]],"type":"LineString"}},{"type":"Feature","properties":{},"geometry":{"coordinates":[[2.72486,48.92161],[2.72251,48.91989],[2.71974,48.91713],[2.7182,48.91501],[2.7173,48.913],[2.71655,48.90984],[2.7165,48.90792],[2.71698,48.90637],[2.71745,48.90566],[2.71887,48.90441],[2.72038,48.90367],[2.72223,48.90316],[2.72509,48.90278],[2.72865,48.90259],[2.73124,48.90265],[2.73511,48.90312],[2.73834,48.90337],[2.74792,48.90357],[2.75566,48.90401],[2.75806,48.90402],[2.76085,48.90376],[2.7633,48.90317],[2.76444,48.90274],[2.76615,48.90175],[2.76682,48.90115],[2.76736,48.90048],[2.76795,48.89932],[2.76833,48.89783],[2.76839,48.8963]],"type":"LineString"}},{"type":"Feature","properties":{},"geometry":{"coordinates":[[1.87467,48.87702],[1.8745,48.8774],[1.87418,48.87758],[1.87394,48.87819]],"type":"LineString"}},{"type":"Feature","properties":{},"geometry":{"coordinates":[[2.74905,48.33449],[2.75816,48.33545],[2.76016,48.33577],[2.76132,48.3361],[2.76415,48.33728],[2.76797,48.33855],[2.77229,48.34044],[2.77319,48.3407],[2.77436,48.34085],[2.77544,48.34078],[2.7764,48.34058],[2.77739,48.3402],[2.77874,48.33947],[2.78036,48.33816],[2.78213,48.336]],"type":"LineString"}},{"type":"Feature","properties":{},"geometry":{"coordinates":[[2.68663,48.30773],[2.68721,48.30827],[2.68712,48.30865],[2.6873,48.30881]],"type":"LineString"}},{"type":"Feature","properties":{},"geometry":{"coordinates":[[2.71719,48.19988],[2.71714,48.20073],[2.71751,48.2015],[2.71776,48.20168],[2.71871,48.20191]],"type":"LineString"}},{"type":"Feature","properties":{},"geometry":{"coordinates":[[2.72896,48.18334],[2.72793,48.18341],[2.72727,48.18361],[2.72683,48.18418],[2.72677,48.18474]],"type":"LineString"}},{"type":"Feature","properties":{},"geometry":{"coordinates":[[2.06278,48.53087],[2.06908,48.53214],[2.07008,48.53269],[2.07054,48.53346]],"type":"LineString"}},{"type":"Feature","properties":{},"geometry":{"coordinates":[[1.86467,48.89945],[1.86418,48.9],[1.86349,48.90143],[1.86357,48.90178],[1.86416,48.90247],[1.86382,48.90335]],"type":"LineString"}},{"type":"Feature","properties":{},"geometry":{"coordinates":[[1.8723,48.82919],[1.8726,48.82951],[1.87286,48.83029],[1.8742,48.83141]],"type":"LineString"}},{"type":"Feature","properties":{},"geometry":{"coordinates":[[2.62729,48.85728],[2.62638,48.85783],[2.62473,48.85826],[2.61991,48.85879],[2.61846,48.85885]],"type":"LineString"}},{"type":"Feature","properties":{},"geometry":{"coordinates":[[3.36316,48.87342],[3.36293,48.87352]],"type":"LineString"}},{"type":"Feature","properties":{},"geometry":{"coordinates":[[2.42172,48.57282],[2.42248,48.57322],[2.42397,48.57338],[2.42482,48.57457],[2.427,48.57563]],"type":"LineString"}},{"type":"Feature","properties":{},"geometry":{"coordinates":[[1.69595,49.06387],[1.69493,49.06513],[1.69332,49.06627],[1.6896,49.06819],[1.68331,49.07191],[1.68065,49.07315],[1.67764,49.07432]],"type":"LineString"}},{"type":"Feature","properties":{},"geometry":{"coordinates":[[3.15768,48.91184],[3.15814,48.91203],[3.15835,48.91236],[3.15851,48.91354],[3.15913,48.91499],[3.15891,48.9155]],"type":"LineString"}},{"type":"Feature","properties":{},"geometry":{"coordinates":[[2.82257,48.91096],[2.82221,48.91107]],"type":"LineString"}},{"type":"Feature","properties":{},"geometry":{"coordinates":[[2.07171,48.9863],[2.0685,48.98465]],"type":"LineString"}},{"type":"Feature","properties":{},"geometry":{"coordinates":[[2.10966,48.70209],[2.11007,48.70214]],"type":"LineString"}},{"type":"Feature","properties":{},"geometry":{"coordinates":[[1.82595,48.95772],[1.82555,48.95832],[1.82539,48.95906],[1.82472,48.9597]],"type":"LineString"}},{"type":"Feature","properties":{},"geometry":{"coordinates":[[2.88237,48.9509],[2.88221,48.95278]],"type":"LineString"}},{"type":"Feature","properties":{},"geometry":{"coordinates":[[2.88426,48.94775],[2.88315,48.9492],[2.88237,48.9509]],"type":"LineString"}},{"type":"Feature","properties":{},"geometry":{"coordinates":[[2.54327,48.68661],[2.54444,48.68743],[2.54789,48.68857],[2.55042,48.68976],[2.55079,48.69013],[2.55085,48.69058],[2.55048,48.69111],[2.54978,48.69172]],"type":"LineString"}},{"type":"Feature","properties":{},"geometry":{"coordinates":[[2.75312,48.65044],[2.75236,48.65226],[2.75151,48.65318],[2.7504,48.65366],[2.74919,48.65364],[2.74834,48.6534],[2.74708,48.6528],[2.74263,48.64958],[2.73677,48.64654],[2.73514,48.64597],[2.73365,48.6457],[2.73271,48.64566],[2.73089,48.64584],[2.72926,48.64619],[2.7281,48.64662],[2.72698,48.64727],[2.72592,48.64833],[2.72523,48.64986],[2.72445,48.65443],[2.72412,48.65514],[2.72385,48.65528]],"type":"LineString"}},{"type":"Feature","properties":{},"geometry":{"coordinates":[[2.34219,48.52802],[2.34052,48.52861],[2.33896,48.52948],[2.33851,48.52992],[2.33805,48.53089],[2.3371,48.53213],[2.33702,48.53261],[2.3374,48.53453],[2.33898,48.53647]],"type":"LineString"}},{"type":"Feature","properties":{},"geometry":{"coordinates":[[2.26787,48.60638],[2.26777,48.60686],[2.26906,48.60739]],"type":"LineString"}},{"type":"Feature","properties":{},"geometry":{"coordinates":[[2.97475,48.36813],[2.97047,48.36931],[2.96561,48.37122],[2.96203,48.37314],[2.96057,48.37417],[2.95945,48.37524],[2.95839,48.37706],[2.95813,48.378],[2.95801,48.37954],[2.95823,48.38108],[2.95932,48.38464],[2.95942,48.38615],[2.95896,48.38755],[2.95845,48.38817],[2.95787,48.38861]],"type":"LineString"}},{"type":"Feature","properties":{},"geometry":{"coordinates":[[2.13291,48.92925],[2.1406,48.93404],[2.14548,48.93733],[2.14735,48.93836],[2.15271,48.94083],[2.1546,48.94203],[2.15652,48.94351]],"type":"LineString"}},{"type":"Feature","properties":{},"geometry":{"coordinates":[[3.16597,48.98377],[3.16586,48.9818],[3.16601,48.9795],[3.16567,48.97788],[3.16237,48.97203],[3.1615,48.96949],[3.16078,48.96806],[3.15993,48.96672],[3.15931,48.96615]],"type":"LineString"}},{"type":"Feature","properties":{},"geometry":{"coordinates":[[3.18468,48.90046],[3.18398,48.90098],[3.18373,48.90165],[3.1838,48.90213],[3.18332,48.90271]],"type":"LineString"}},{"type":"Feature","properties":{},"geometry":{"coordinates":[[2.39005,48.40341],[2.38949,48.4043],[2.38859,48.40723]],"type":"LineString"}},{"type":"Feature","properties":{},"geometry":{"coordinates":[[2.37204,48.43516],[2.37217,48.43466]],"type":"LineString"}},{"type":"Feature","properties":{},"geometry":{"coordinates":[[2.75557,48.14588],[2.7558,48.14719],[2.75559,48.14873],[2.75461,48.15133],[2.75369,48.15269],[2.75263,48.15355],[2.75065,48.1547],[2.74926,48.1559],[2.74672,48.15718],[2.74529,48.15833],[2.74458,48.15855],[2.74315,48.15859]],"type":"LineString"}},{"type":"Feature","properties":{},"geometry":{"coordinates":[[1.87322,48.86989],[1.87366,48.87033],[1.87384,48.87093],[1.87389,48.87194],[1.87342,48.87247],[1.87486,48.87347]],"type":"LineString"}},{"type":"Feature","properties":{},"geometry":{"coordinates":[[2.09837,49.04205],[2.09759,49.04145],[2.09727,49.04075]],"type":"LineString"}},{"type":"Feature","properties":{},"geometry":{"coordinates":[[3.01061,49.00916],[3.00976,49.00714],[3.00863,49.00551],[3.00561,49.00316],[3.00376,49.00213]],"type":"LineString"}},{"type":"Feature","properties":{},"geometry":{"coordinates":[[3.1913,48.89902],[3.18963,48.89907],[3.18855,48.8989],[3.18758,48.89905],[3.18614,48.89885]],"type":"LineString"}},{"type":"Feature","properties":{},"geometry":{"coordinates":[[3.28702,48.79829],[3.28632,48.79851],[3.28557,48.7985],[3.28386,48.79776],[3.28205,48.79582],[3.28088,48.79429],[3.2798,48.7937],[3.27744,48.79273]],"type":"LineString"}},{"type":"Feature","properties":{},"geometry":{"coordinates":[[2.54197,48.67956],[2.54118,48.68029],[2.54067,48.68116],[2.54054,48.68235],[2.54077,48.68319]],"type":"LineString"}},{"type":"Feature","properties":{},"geometry":{"coordinates":[[2.69973,48.6552],[2.69795,48.65528],[2.69631,48.65497],[2.69512,48.65443],[2.69343,48.653],[2.69261,48.65252],[2.69077,48.65194],[2.68979,48.6518],[2.68925,48.65185]],"type":"LineString"}},{"type":"Feature","properties":{},"geometry":{"coordinates":[[2.37684,48.69203],[2.37842,48.69535],[2.37945,48.69709],[2.38206,48.70036],[2.38385,48.70201],[2.38495,48.70267],[2.38838,48.70414],[2.39381,48.70693],[2.39878,48.71014],[2.40001,48.71078],[2.40125,48.71122],[2.40246,48.71145],[2.4038,48.71153],[2.40488,48.71145]],"type":"LineString"}},{"type":"Feature","properties":{},"geometry":{"coordinates":[[2.24948,48.51536],[2.24946,48.51516],[2.24983,48.51474],[2.25084,48.51424],[2.25407,48.51426],[2.25562,48.51413],[2.25749,48.51458],[2.26017,48.51593],[2.26046,48.51621]],"type":"LineString"}},{"type":"Feature","properties":{},"geometry":{"coordinates":[[2.3831,48.35267],[2.38364,48.35322],[2.38361,48.3537],[2.38311,48.35433],[2.38245,48.35475]],"type":"LineString"}},{"type":"Feature","properties":{},"geometry":{"coordinates":[[3.17419,48.99048],[3.17082,48.98892]],"type":"LineString"}},{"type":"Feature","properties":{},"geometry":{"coordinates":[[2.06881,48.70548],[2.06903,48.70548]],"type":"LineString"}},{"type":"Feature","properties":{},"geometry":{"coordinates":[[1.82282,48.96463],[1.82366,48.96605],[1.82369,48.96775],[1.82261,48.97374],[1.82196,48.97498],[1.82123,48.97562]],"type":"LineString"}},{"type":"Feature","properties":{},"geometry":{"coordinates":[[1.84792,48.92013],[1.84831,48.92075],[1.84832,48.92206],[1.84784,48.92347]],"type":"LineString"}},{"type":"Feature","properties":{},"geometry":{"coordinates":[[3.12288,48.9414],[3.1232,48.94311],[3.12315,48.94367],[3.12285,48.94401],[3.12121,48.94496]],"type":"LineString"}},{"type":"Feature","properties":{},"geometry":{"coordinates":[[2.75292,48.9228],[2.75133,48.92238]],"type":"LineString"}},{"type":"Feature","properties":{},"geometry":{"coordinates":[[2.434,48.81622],[2.43201,48.81614],[2.42861,48.81635],[2.42378,48.8162],[2.42165,48.81651]],"type":"LineString"}},{"type":"Feature","properties":{},"geometry":{"coordinates":[[3.18474,48.80642],[3.18382,48.80672],[3.18275,48.8073],[3.18155,48.80887]],"type":"LineString"}},{"type":"Feature","properties":{},"geometry":{"coordinates":[[3.27744,48.79273],[3.27687,48.7924],[3.27557,48.79221],[3.27452,48.79188],[3.27196,48.79214],[3.27092,48.79255]],"type":"LineString"}},{"type":"Feature","properties":{},"geometry":{"coordinates":[[2.22235,48.50355],[2.22267,48.5043],[2.22274,48.505],[2.2218,48.50614]],"type":"LineString"}},{"type":"Feature","properties":{},"geometry":{"coordinates":[[2.28834,48.95073],[2.28472,48.95021],[2.28163,48.94962],[2.27201,48.94733],[2.26618,48.94547],[2.2608,48.94321],[2.24857,48.93715],[2.24133,48.93306],[2.23278,48.92869],[2.22716,48.92509],[2.21372,48.91579]],"type":"LineString"}},{"type":"Feature","properties":{},"geometry":{"coordinates":[[2.42471,48.75251],[2.42367,48.75338],[2.42234,48.75494],[2.41955,48.7594],[2.41854,48.76071],[2.41386,48.76485],[2.41274,48.76622],[2.41221,48.76724],[2.4118,48.7688],[2.41166,48.77043],[2.41195,48.77312],[2.41255,48.77467],[2.41319,48.77567],[2.41535,48.77803]],"type":"LineString"}},{"type":"Feature","properties":{},"geometry":{"coordinates":[[1.94302,48.5147],[1.94385,48.51466],[1.94563,48.51359],[1.94617,48.51354],[1.947,48.51364]],"type":"LineString"}},{"type":"Feature","properties":{},"geometry":{"coordinates":[[2.38859,48.40723],[2.38852,48.40939],[2.38747,48.41031],[2.38717,48.41091],[2.3872,48.41121],[2.38754,48.41136]],"type":"LineString"}},{"type":"Feature","properties":{},"geometry":{"coordinates":[[2.74519,48.33258],[2.7455,48.33353],[2.74697,48.33397]],"type":"LineString"}},{"type":"Feature","properties":{},"geometry":{"coordinates":[[2.71105,48.22533],[2.71075,48.22735],[2.71052,48.23116],[2.70996,48.23315],[2.70877,48.23579],[2.70862,48.23817],[2.70806,48.23993]],"type":"LineString"}},{"type":"Feature","properties":{},"geometry":{"coordinates":[[3.31493,48.43332],[3.31447,48.43241],[3.31375,48.43169],[3.31278,48.43114],[3.31167,48.43077],[3.29969,48.42944]],"type":"LineString"}},{"type":"Feature","properties":{},"geometry":{"coordinates":[[3.11476,48.81112],[3.11337,48.81091],[3.11149,48.81099],[3.10935,48.8114],[3.10497,48.81272],[3.10113,48.81311],[3.09552,48.81343],[3.09334,48.81335],[3.09092,48.81308],[3.08487,48.81196],[3.08321,48.81186],[3.0824,48.81196]],"type":"LineString"}},{"type":"Feature","properties":{},"geometry":{"coordinates":[[2.54088,48.69122],[2.5346,48.68887],[2.53046,48.68749],[2.52879,48.68718],[2.52637,48.6871],[2.52454,48.68721],[2.52391,48.68739],[2.52335,48.68773],[2.52155,48.68969],[2.52135,48.69033],[2.52162,48.69114]],"type":"LineString"}},{"type":"Feature","properties":{},"geometry":{"coordinates":[[2.55584,48.67601],[2.55441,48.67518],[2.55309,48.67394],[2.55162,48.67097],[2.55104,48.67019],[2.55017,48.66956],[2.54944,48.66953],[2.54857,48.67005],[2.54792,48.67094],[2.54679,48.67428],[2.54614,48.67538],[2.54197,48.67956]],"type":"LineString"}},{"type":"Feature","properties":{},"geometry":{"coordinates":[[3.26055,48.79494],[3.26037,48.79343],[3.26002,48.79246],[3.25966,48.79189],[3.25874,48.79118],[3.25753,48.79075],[3.25614,48.79066],[3.25485,48.79082],[3.25369,48.79127],[3.25289,48.79188],[3.25193,48.79302],[3.24976,48.79747],[3.24718,48.80014],[3.24588,48.80237],[3.24497,48.80357],[3.24292,48.80523]],"type":"LineString"}},{"type":"Feature","properties":{},"geometry":{"coordinates":[[2.47413,48.60445],[2.47487,48.60493]],"type":"LineString"}},{"type":"Feature","properties":{},"geometry":{"coordinates":[[2.3593,48.49876],[2.35985,48.50081],[2.36002,48.5024],[2.36047,48.50336],[2.36118,48.50429],[2.36294,48.50598],[2.3651,48.50686],[2.36565,48.50722],[2.3661,48.508],[2.36592,48.50891]],"type":"LineString"}},{"type":"Feature","properties":{},"geometry":{"coordinates":[[2.26357,48.59844],[2.26407,48.59867],[2.26442,48.59925],[2.26486,48.60117],[2.26609,48.60487],[2.26664,48.60551],[2.26787,48.60638]],"type":"LineString"}},{"type":"Feature","properties":{},"geometry":{"coordinates":[[3.13015,48.93566],[3.12993,48.93571]],"type":"LineString"}},{"type":"Feature","properties":{},"geometry":{"coordinates":[[1.95206,48.52043],[1.95285,48.52099],[1.95321,48.5215],[1.95327,48.52212],[1.953,48.52317],[1.95317,48.52362],[1.95605,48.52646],[1.95705,48.52715],[1.95833,48.52781]],"type":"LineString"}},{"type":"Feature","properties":{},"geometry":{"coordinates":[[2.45657,48.57843],[2.4573,48.5776],[2.45731,48.5771]],"type":"LineString"}},{"type":"Feature","properties":{},"geometry":{"coordinates":[[2.06903,48.70548],[2.07023,48.70545]],"type":"LineString"}},{"type":"Feature","properties":{},"geometry":{"coordinates":[[3.2364,48.97758],[3.23198,48.97703],[3.22942,48.97684],[3.22437,48.97697],[3.22265,48.97691],[3.21926,48.97634],[3.21699,48.97561],[3.21566,48.97482],[3.21309,48.97254],[3.2104,48.97115],[3.2089,48.97009],[3.20758,48.96878],[3.20358,48.96406],[3.20286,48.96341]],"type":"LineString"}},{"type":"Feature","properties":{},"geometry":{"coordinates":[[3.15151,48.9305],[3.15159,48.93269],[3.15215,48.93338],[3.15334,48.93412],[3.15342,48.93491],[3.15262,48.93621],[3.15198,48.93675],[3.14759,48.93888]],"type":"LineString"}},{"type":"Feature","properties":{},"geometry":{"coordinates":[[2.6959,48.26062],[2.69644,48.26115],[2.69847,48.26172],[2.69915,48.26223],[2.69919,48.2626],[2.69862,48.26417],[2.69817,48.26479]],"type":"LineString"}},{"type":"Feature","properties":{},"geometry":{"coordinates":[[2.1234,48.99173],[2.11915,48.99157],[2.11361,48.99088],[2.11138,48.99072],[2.10419,48.9911]],"type":"LineString"}},{"type":"Feature","properties":{},"geometry":{"coordinates":[[3.0589,48.95271],[3.05074,48.95346],[3.04852,48.95391],[3.0455,48.95488]],"type":"LineString"}},{"type":"Feature","properties":{},"geometry":{"coordinates":[[2.84024,48.88903],[2.83877,48.88944],[2.83584,48.89072],[2.83428,48.89119],[2.83366,48.89151]],"type":"LineString"}},{"type":"Feature","properties":{},"geometry":{"coordinates":[[2.91438,48.84633],[2.91878,48.84675],[2.92125,48.84715],[2.92367,48.84776],[2.92505,48.84856],[2.92684,48.8503],[2.92744,48.85169],[2.92738,48.85261],[2.92682,48.85476],[2.92633,48.85547],[2.92559,48.85583]],"type":"LineString"}},{"type":"Feature","properties":{},"geometry":{"coordinates":[[2.47072,48.60324],[2.47232,48.60349],[2.47413,48.60445]],"type":"LineString"}},{"type":"Feature","properties":{},"geometry":{"coordinates":[[2.26021,48.59502],[2.26119,48.59547],[2.2616,48.59587],[2.26202,48.59793]],"type":"LineString"}},{"type":"Feature","properties":{},"geometry":{"coordinates":[[2.10419,48.9911],[2.09557,48.99078],[2.0924,48.99051],[2.08843,48.98995],[2.08383,48.98893]],"type":"LineString"}},{"type":"Feature","properties":{},"geometry":{"coordinates":[[1.84847,48.91904],[1.84771,48.91905],[1.84714,48.91943],[1.84717,48.91982],[1.84792,48.92013]],"type":"LineString"}},{"type":"Feature","properties":{},"geometry":{"coordinates":[[2.55648,48.67589],[2.55613,48.67603]],"type":"LineString"}},{"type":"Feature","properties":{},"geometry":{"coordinates":[[2.80676,48.91483],[2.80595,48.91696],[2.8046,48.92187],[2.80343,48.92785],[2.80291,48.93281],[2.8035,48.93741],[2.80349,48.93922],[2.80304,48.94209],[2.80226,48.94415],[2.80129,48.94541],[2.79993,48.94638],[2.79846,48.94697],[2.79651,48.94746],[2.79406,48.94782],[2.79132,48.94796],[2.78815,48.94779],[2.7858,48.94739]],"type":"LineString"}},{"type":"Feature","properties":{},"geometry":{"coordinates":[[2.45431,48.81355],[2.45268,48.81493],[2.45122,48.81569]],"type":"LineString"}},{"type":"Feature","properties":{},"geometry":{"coordinates":[[3.24121,48.80608],[3.24003,48.80611],[3.23838,48.80587],[3.23695,48.80548],[3.23581,48.80501],[3.23398,48.80392],[3.23043,48.80105],[3.22931,48.80039],[3.22829,48.79998],[3.22573,48.79961],[3.22242,48.79967],[3.22024,48.79956],[3.21879,48.79928],[3.21807,48.79897]],"type":"LineString"}},{"type":"Feature","properties":{},"geometry":{"coordinates":[[3.00096,48.96377],[3.00051,48.96413],[2.99997,48.96491],[2.99907,48.96722],[2.99889,48.96931],[2.99915,48.97096],[2.99975,48.97249],[3.00123,48.97447],[3.00265,48.97563],[3.0051,48.97693],[3.00604,48.97723],[3.00736,48.97746],[3.00952,48.97738],[3.01194,48.97686],[3.01962,48.9748],[3.02266,48.97434],[3.02561,48.97427],[3.03158,48.97467],[3.0353,48.97512],[3.0372,48.97557],[3.03895,48.97614],[3.04058,48.97681],[3.04179,48.97746]],"type":"LineString"}},{"type":"Feature","properties":{},"geometry":{"coordinates":[[2.36724,48.53094],[2.36762,48.53106],[2.36857,48.53192],[2.36851,48.53306],[2.36868,48.5335],[2.36913,48.53385],[2.37013,48.53429],[2.37114,48.53512],[2.37164,48.53569],[2.37193,48.53633]],"type":"LineString"}},{"type":"Feature","properties":{},"geometry":{"coordinates":[[2.54209,48.56047],[2.54448,48.56182]],"type":"LineString"}},{"type":"Feature","properties":{},"geometry":{"coordinates":[[2.11122,48.70186],[2.11207,48.70165],[2.11282,48.7017]],"type":"LineString"}},{"type":"Feature","properties":{},"geometry":{"coordinates":[[2.24759,48.59041],[2.24879,48.59059],[2.2508,48.59146],[2.25276,48.59194]],"type":"LineString"}},{"type":"Feature","properties":{},"geometry":{"coordinates":[[2.96858,48.80692],[2.96858,48.80722],[2.96828,48.8075],[2.96624,48.80809],[2.96581,48.80815],[2.96473,48.80792],[2.96371,48.80812]],"type":"LineString"}},{"type":"Feature","properties":{},"geometry":{"coordinates":[[2.50713,48.7842],[2.5033,48.78452]],"type":"LineString"}},{"type":"Feature","properties":{},"geometry":{"coordinates":[[2.0685,48.98465],[2.06804,48.98396],[2.0667,48.98255],[2.05897,48.97574],[2.05585,48.97232],[2.05484,48.97065],[2.05316,48.96675],[2.05013,48.96188],[2.04916,48.95916]],"type":"LineString"}},{"type":"Feature","properties":{},"geometry":{"coordinates":[[2.77176,48.46845],[2.77089,48.47119],[2.77023,48.47239]],"type":"LineString"}},{"type":"Feature","properties":{},"geometry":{"coordinates":[[3.15925,48.90869],[3.15911,48.90961],[3.1586,48.9102],[3.15859,48.91059],[3.15834,48.91075],[3.1577,48.91088],[3.15752,48.91105],[3.15768,48.91184]],"type":"LineString"}},{"type":"Feature","properties":{},"geometry":{"coordinates":[[2.71871,48.20191],[2.71883,48.20308],[2.71853,48.20488],[2.71793,48.20714],[2.71717,48.20875],[2.71637,48.20987],[2.71456,48.21189],[2.71375,48.21254],[2.71162,48.21389],[2.71077,48.21488],[2.71061,48.21596],[2.71094,48.21941],[2.71072,48.22348]],"type":"LineString"}},{"type":"Feature","properties":{},"geometry":{"coordinates":[[3.0551,48.38836],[3.03299,48.38811],[3.03027,48.38822],[3.02939,48.38833],[3.02896,48.3885]],"type":"LineString"}},{"type":"Feature","properties":{},"geometry":{"coordinates":[[2.51193,48.69695],[2.51114,48.6968]],"type":"LineString"}},{"type":"Feature","properties":{},"geometry":{"coordinates":[[2.94524,48.99656],[2.94476,48.99554],[2.94399,48.9946],[2.94303,48.99417],[2.94175,48.99409]],"type":"LineString"}},{"type":"Feature","properties":{},"geometry":{"coordinates":[[2.80265,48.35127],[2.80285,48.35172],[2.80361,48.35202],[2.80473,48.35213],[2.8056,48.35193]],"type":"LineString"}},{"type":"Feature","properties":{},"geometry":{"coordinates":[[3.20791,48.42719],[3.20575,48.4262],[3.2041,48.42581],[3.20271,48.42584],[3.20029,48.42642],[3.19918,48.42656],[3.19787,48.42653],[3.19649,48.42629]],"type":"LineString"}},{"type":"Feature","properties":{},"geometry":{"coordinates":[[2.21597,49.12282],[2.21345,49.12156],[2.21229,49.12054],[2.21156,49.11896],[2.21091,49.11564]],"type":"LineString"}},{"type":"Feature","properties":{},"geometry":{"coordinates":[[1.82667,48.95599],[1.82639,48.95643],[1.82634,48.95714],[1.82595,48.95772]],"type":"LineString"}},{"type":"Feature","properties":{},"geometry":{"coordinates":[[2.31962,48.68496],[2.32223,48.68356],[2.32404,48.68209],[2.32569,48.68122]],"type":"LineString"}},{"type":"Feature","properties":{},"geometry":{"coordinates":[[3.26799,48.88724],[3.26771,48.88729]],"type":"LineString"}},{"type":"Feature","properties":{},"geometry":{"coordinates":[[2.70569,48.88072],[2.70276,48.88063],[2.69688,48.88014],[2.6942,48.88009],[2.69029,48.88025],[2.68736,48.87995]],"type":"LineString"}},{"type":"Feature","properties":{},"geometry":{"coordinates":[[3.20286,48.96341],[3.2015,48.96025],[3.20041,48.95831],[3.19877,48.95645],[3.19708,48.95521],[3.19494,48.95419],[3.19381,48.95382],[3.19185,48.95347],[3.19042,48.95347],[3.18922,48.95368],[3.18817,48.95407],[3.18694,48.95483],[3.18582,48.95616],[3.18537,48.95745],[3.18532,48.95913],[3.186,48.96181],[3.18738,48.96494],[3.18931,48.96802],[3.19119,48.97034],[3.19426,48.97343],[3.19536,48.97492],[3.1962,48.97674],[3.19698,48.97934],[3.19751,48.98326]],"type":"LineString"}},{"type":"Feature","properties":{},"geometry":{"coordinates":[[1.82472,48.9597],[1.82457,48.96012],[1.82377,48.96091],[1.82314,48.96233],[1.82219,48.96356],[1.82222,48.96409],[1.82282,48.96463]],"type":"LineString"}},{"type":"Feature","properties":{},"geometry":{"coordinates":[[2.78071,48.94602],[2.77967,48.94381],[2.77944,48.94264]],"type":"LineString"}},{"type":"Feature","properties":{},"geometry":{"coordinates":[[2.20733,49.08905],[2.20656,49.08743],[2.20544,49.08579],[2.20252,49.08249],[2.19995,49.07912],[2.19754,49.07661],[2.19608,49.0754],[2.19415,49.07415],[2.19192,49.07305],[2.1895,49.07215]],"type":"LineString"}},{"type":"Feature","properties":{},"geometry":{"coordinates":[[2.66478,48.87489],[2.66376,48.87492],[2.66277,48.87479],[2.66184,48.87453],[2.66089,48.87399]],"type":"LineString"}},{"type":"Feature","properties":{},"geometry":{"coordinates":[[3.18099,48.80944],[3.18072,48.80934],[3.18037,48.80945],[3.17992,48.81016],[3.17903,48.81076]],"type":"LineString"}},{"type":"Feature","properties":{},"geometry":{"coordinates":[[3.28452,48.79183],[3.28515,48.79221],[3.28525,48.79268],[3.28586,48.79323],[3.28584,48.79345],[3.28555,48.7937]],"type":"LineString"}},{"type":"Feature","properties":{},"geometry":{"coordinates":[[3.28347,48.78787],[3.282,48.78823],[3.28142,48.78886],[3.28139,48.78935],[3.28218,48.79063]],"type":"LineString"}},{"type":"Feature","properties":{},"geometry":{"coordinates":[[3.22933,48.89989],[3.22298,48.90073],[3.2207,48.90152],[3.21942,48.9024],[3.21732,48.90447],[3.21624,48.90579],[3.21473,48.90702],[3.21338,48.90792],[3.21209,48.90838],[3.21122,48.90843],[3.2104,48.9083],[3.20641,48.90714],[3.20527,48.90655],[3.20384,48.90521]],"type":"LineString"}},{"type":"Feature","properties":{},"geometry":{"coordinates":[[2.36682,48.53578],[2.36968,48.53553],[2.37046,48.53573],[2.37099,48.53615]],"type":"LineString"}},{"type":"Feature","properties":{},"geometry":{"coordinates":[[2.72813,48.9222],[2.72614,48.92195],[2.72486,48.92161]],"type":"LineString"}},{"type":"Feature","properties":{},"geometry":{"coordinates":[[3.13715,48.95314],[3.13598,48.95203],[3.13249,48.94936]],"type":"LineString"}},{"type":"Feature","properties":{},"geometry":{"coordinates":[[2.05234,48.70534],[2.05526,48.70428],[2.05853,48.70416]],"type":"LineString"}},{"type":"Feature","properties":{},"geometry":{"coordinates":[[2.34024,49.14648],[2.3367,49.14687],[2.33196,49.14715],[2.32926,49.14745],[2.32611,49.14795],[2.32226,49.14881]],"type":"LineString"}},{"type":"Feature","properties":{},"geometry":{"coordinates":[[3.00806,48.81581],[3.00775,48.81564],[3.00724,48.81564]],"type":"LineString"}},{"type":"Feature","properties":{},"geometry":{"coordinates":[[2.45687,48.81131],[2.45484,48.81307]],"type":"LineString"}},{"type":"Feature","properties":{},"geometry":{"coordinates":[[2.3569,48.53661],[2.35889,48.53602],[2.35907,48.53567]],"type":"LineString"}},{"type":"Feature","properties":{},"geometry":{"coordinates":[[2.6873,48.30881],[2.68732,48.3095],[2.6886,48.31088]],"type":"LineString"}},{"type":"Feature","properties":{},"geometry":{"coordinates":[[2.71841,48.1951],[2.71907,48.19604],[2.71925,48.19654]],"type":"LineString"}},{"type":"Feature","properties":{},"geometry":{"coordinates":[[3.01324,49.01385],[3.01173,49.01254]],"type":"LineString"}},{"type":"Feature","properties":{},"geometry":{"coordinates":[[3.04179,48.97746],[3.04301,48.97863],[3.04483,48.98078],[3.04539,48.98177],[3.04562,48.98278]],"type":"LineString"}},{"type":"Feature","properties":{},"geometry":{"coordinates":[[2.88221,48.95278],[2.88177,48.95572],[2.8814,48.95677],[2.88104,48.95717],[2.88037,48.95756],[2.87952,48.95773],[2.87886,48.95771],[2.8775,48.95739],[2.87659,48.95698],[2.87562,48.95621],[2.87509,48.95551],[2.87473,48.95457],[2.87469,48.95384],[2.87496,48.95276],[2.87549,48.95188]],"type":"LineString"}},{"type":"Feature","properties":{},"geometry":{"coordinates":[[2.85409,48.88426],[2.854,48.88492]],"type":"LineString"}},{"type":"Feature","properties":{},"geometry":{"coordinates":[[2.86216,48.87608],[2.86071,48.87742],[2.85867,48.88066],[2.85586,48.88247]],"type":"LineString"}},{"type":"Feature","properties":{},"geometry":{"coordinates":[[2.21476,48.49633],[2.21548,48.49704],[2.21607,48.49834],[2.2165,48.49886],[2.22016,48.50147]],"type":"LineString"}},{"type":"Feature","properties":{},"geometry":{"coordinates":[[2.17083,48.4324],[2.17127,48.43327]],"type":"LineString"}},{"type":"Feature","properties":{},"geometry":{"coordinates":[[2.41057,48.81659],[2.40841,48.81692]],"type":"LineString"}},{"type":"Feature","properties":{},"geometry":{"coordinates":[[3.2569,48.41627],[3.25617,48.41605],[3.25496,48.41593],[3.24991,48.41606],[3.2466,48.41553],[3.24504,48.41549],[3.24359,48.41579],[3.23882,48.4174],[3.23426,48.41811]],"type":"LineString"}},{"type":"Feature","properties":{},"geometry":{"coordinates":[[3.24274,48.80552],[3.24238,48.8057]],"type":"LineString"}},{"type":"Feature","properties":{},"geometry":{"coordinates":[[2.26507,49.13745],[2.26291,49.13466]],"type":"LineString"}},{"type":"Feature","properties":{},"geometry":{"coordinates":[[2.26291,49.13466],[2.2616,49.1335],[2.25941,49.13232],[2.25829,49.13198],[2.2563,49.1318]],"type":"LineString"}},{"type":"Feature","properties":{},"geometry":{"coordinates":[[2.91044,48.85516],[2.90994,48.85524],[2.90892,48.8551]],"type":"LineString"}},{"type":"Feature","properties":{},"geometry":{"coordinates":[[2.38754,48.41136],[2.38644,48.41302],[2.38637,48.41384],[2.38576,48.41462],[2.3859,48.41516]],"type":"LineString"}},{"type":"Feature","properties":{},"geometry":{"coordinates":[[2.39431,48.33288],[2.39355,48.33465],[2.39153,48.33671],[2.39029,48.33754]],"type":"LineString"}},{"type":"Feature","properties":{},"geometry":{"coordinates":[[2.92822,48.9932],[2.92505,48.99186],[2.92313,48.99076],[2.9216,48.98953],[2.92121,48.98891],[2.92116,48.98847],[2.92145,48.98779],[2.92214,48.98711],[2.92721,48.98405],[2.92903,48.98267]],"type":"LineString"}},{"type":"Feature","properties":{},"geometry":{"coordinates":[[2.14922,48.37936],[2.14884,48.38033],[2.14743,48.38228],[2.14375,48.38536],[2.14178,48.38617]],"type":"LineString"}},{"type":"Feature","properties":{},"geometry":{"coordinates":[[2.42272,48.28713],[2.42294,48.28823],[2.42272,48.29054],[2.42314,48.29311],[2.42301,48.29434],[2.4214,48.29668],[2.4207,48.29861],[2.42014,48.29968],[2.41865,48.30148],[2.41747,48.30246],[2.41739,48.30274]],"type":"LineString"}},{"type":"Feature","properties":{},"geometry":{"coordinates":[[2.41739,48.30274],[2.41542,48.3041],[2.41423,48.30565],[2.41297,48.30688],[2.41159,48.30777],[2.41029,48.30824],[2.40977,48.30859],[2.40935,48.30961],[2.40863,48.31063],[2.40849,48.31114]],"type":"LineString"}},{"type":"Feature","properties":{},"geometry":{"coordinates":[[2.3525,48.85437],[2.35133,48.85502],[2.34989,48.85562],[2.34556,48.85697],[2.34025,48.85808],[2.33761,48.85825]],"type":"LineString"}},{"type":"Feature","properties":{},"geometry":{"coordinates":[[2.64912,48.53673],[2.64727,48.53599],[2.64467,48.53469],[2.63693,48.53018],[2.63345,48.52834],[2.62966,48.52654],[2.6219,48.52321],[2.61227,48.5183],[2.60956,48.51724],[2.60762,48.51667],[2.60531,48.5162],[2.60273,48.51594],[2.6001,48.51594],[2.59674,48.51634],[2.59478,48.51682],[2.59229,48.51783],[2.59051,48.51885],[2.58821,48.52057],[2.58169,48.52698],[2.57923,48.52895],[2.57711,48.53023],[2.57499,48.53133],[2.57275,48.53233],[2.57041,48.53312]],"type":"LineString"}},{"type":"Feature","properties":{},"geometry":{"coordinates":[[2.82138,48.89865],[2.82244,48.89885],[2.82387,48.90018],[2.82485,48.90053],[2.82561,48.90055],[2.8262,48.9004],[2.82764,48.89951],[2.82842,48.89923],[2.82919,48.89929],[2.82993,48.89974]],"type":"LineString"}},{"type":"Feature","properties":{},"geometry":{"coordinates":[[3.00149,48.96353],[3.00096,48.96377]],"type":"LineString"}},{"type":"Feature","properties":{},"geometry":{"coordinates":[[2.26817,48.70406],[2.26811,48.70314],[2.26842,48.70187],[2.26908,48.70063],[2.26974,48.69993]],"type":"LineString"}},{"type":"Feature","properties":{},"geometry":{"coordinates":[[3.1066,48.39838],[3.10577,48.39721],[3.10393,48.39381],[3.10271,48.39257]],"type":"LineString"}},{"type":"Feature","properties":{},"geometry":{"coordinates":[[2.96355,48.82292],[2.96259,48.82275],[2.96205,48.8229],[2.96151,48.82411],[2.96096,48.82485]],"type":"LineString"}},{"type":"Feature","properties":{},"geometry":{"coordinates":[[2.29496,48.69549],[2.29507,48.69548]],"type":"LineString"}},{"type":"Feature","properties":{},"geometry":{"coordinates":[[2.38619,48.38022],[2.38619,48.38054],[2.3866,48.38118],[2.38646,48.38156]],"type":"LineString"}},{"type":"Feature","properties":{},"geometry":{"coordinates":[[3.02896,48.3885],[3.02771,48.38857],[3.0258,48.3889],[3.02012,48.39028],[3.00996,48.39248],[3.00012,48.39368],[2.99652,48.39437]],"type":"LineString"}},{"type":"Feature","properties":{},"geometry":{"coordinates":[[1.51943,49.06982],[1.51722,49.07215]],"type":"LineString"}},{"type":"Feature","properties":{},"geometry":{"coordinates":[[2.50425,48.81051],[2.50469,48.81094],[2.50527,48.81102],[2.50744,48.81051],[2.5087,48.81002]],"type":"LineString"}},{"type":"Feature","properties":{},"geometry":{"coordinates":[[3.4458,48.86063],[3.44512,48.86051],[3.4438,48.86065],[3.44243,48.8605],[3.43983,48.86065],[3.43855,48.86057],[3.4377,48.86044],[3.4358,48.8598]],"type":"LineString"}},{"type":"Feature","properties":{},"geometry":{"coordinates":[[2.39386,48.32813],[2.39302,48.32858],[2.39267,48.32891],[2.39213,48.33029]],"type":"LineString"}},{"type":"Feature","properties":{},"geometry":{"coordinates":[[3.20384,48.90521],[3.20034,48.90277]],"type":"LineString"}},{"type":"Feature","properties":{},"geometry":{"coordinates":[[2.25699,48.59308],[2.25789,48.59407],[2.26021,48.59502]],"type":"LineString"}},{"type":"Feature","properties":{},"geometry":{"coordinates":[[2.44299,48.7266],[2.44371,48.72789],[2.44435,48.72968],[2.44477,48.73274],[2.4445,48.73536],[2.44416,48.73625],[2.44337,48.73757],[2.4372,48.74447],[2.43511,48.74642],[2.4313,48.74907],[2.42471,48.75251]],"type":"LineString"}},{"type":"Feature","properties":{},"geometry":{"coordinates":[[2.88285,48.64943],[2.88025,48.64888],[2.87829,48.64871],[2.87677,48.64891],[2.87547,48.64955],[2.87445,48.65058],[2.87356,48.65195],[2.86978,48.6591],[2.86914,48.65983],[2.86837,48.6602],[2.86761,48.66028],[2.86689,48.66017],[2.86575,48.6597],[2.86429,48.65868],[2.86041,48.65533],[2.85919,48.65455],[2.85766,48.65403],[2.85606,48.65397],[2.85417,48.65444],[2.85238,48.65539],[2.851,48.65662]],"type":"LineString"}},{"type":"Feature","properties":{},"geometry":{"coordinates":[[1.99318,48.7094],[1.99285,48.70881],[1.99333,48.70692]],"type":"LineString"}},{"type":"Feature","properties":{},"geometry":{"coordinates":[[2.99281,48.3952],[2.98618,48.39676]],"type":"LineString"}},{"type":"Feature","properties":{},"geometry":{"coordinates":[[2.45804,48.63441],[2.45581,48.63592],[2.4511,48.63816],[2.44901,48.63934],[2.44687,48.64095],[2.44122,48.64599],[2.43874,48.6479],[2.43436,48.65063],[2.42631,48.65517]],"type":"LineString"}},{"type":"Feature","properties":{},"geometry":{"coordinates":[[1.95944,48.52859],[1.96001,48.5291],[1.96117,48.52931],[1.96385,48.5287],[1.96697,48.52868],[1.96958,48.52826]],"type":"LineString"}},{"type":"Feature","properties":{},"geometry":{"coordinates":[[1.947,48.51364],[1.94594,48.51479],[1.9456,48.51541],[1.94561,48.51681],[1.94584,48.51758],[1.94656,48.51824],[1.94802,48.51914],[1.95206,48.52043]],"type":"LineString"}},{"type":"Feature","properties":{},"geometry":{"coordinates":[[1.91792,48.5083],[1.91855,48.50829],[1.92031,48.50873],[1.92222,48.50887],[1.92366,48.50916],[1.92504,48.50894],[1.92652,48.509],[1.92702,48.50878]],"type":"LineString"}},{"type":"Feature","properties":{},"geometry":{"coordinates":[[2.78213,48.336],[2.78331,48.33581],[2.78483,48.33605],[2.78656,48.33673],[2.78784,48.33748],[2.78871,48.3382],[2.79232,48.34214],[2.79833,48.34748],[2.80176,48.35022],[2.80265,48.35127]],"type":"LineString"}},{"type":"Feature","properties":{},"geometry":{"coordinates":[[2.95787,48.38861],[2.95615,48.38887],[2.95337,48.38911],[2.94711,48.38912],[2.94333,48.38886],[2.94048,48.38854],[2.93804,48.38816],[2.93592,48.38768],[2.93411,48.38708],[2.93217,48.38614],[2.92746,48.38248],[2.92126,48.37906]],"type":"LineString"}},{"type":"Feature","properties":{},"geometry":{"coordinates":[[3.3952,48.46185],[3.39493,48.46107],[3.39395,48.46043],[3.39292,48.46023],[3.3914,48.46032]],"type":"LineString"}},{"type":"Feature","properties":{},"geometry":{"coordinates":[[2.22985,49.12923],[2.2204,49.12705]],"type":"LineString"}},{"type":"Feature","properties":{},"geometry":{"coordinates":[[2.59222,48.86564],[2.5888,48.86495],[2.58749,48.86503]],"type":"LineString"}},{"type":"Feature","properties":{},"geometry":{"coordinates":[[2.7633,48.92056],[2.76241,48.92068],[2.76035,48.92146],[2.75931,48.92172],[2.75607,48.92234],[2.75292,48.9228]],"type":"LineString"}},{"type":"Feature","properties":{},"geometry":{"coordinates":[[2.59404,48.86607],[2.59222,48.86564]],"type":"LineString"}},{"type":"Feature","properties":{},"geometry":{"coordinates":[[2.95143,48.81425],[2.94961,48.81458],[2.94657,48.8155],[2.94,48.81849],[2.93706,48.81945],[2.93332,48.82044],[2.9256,48.8238],[2.92374,48.82441],[2.92173,48.82484],[2.92019,48.82503],[2.91914,48.82502],[2.91632,48.8246],[2.91239,48.82326],[2.90834,48.82141]],"type":"LineString"}},{"type":"Feature","properties":{},"geometry":{"coordinates":[[2.47167,48.79466],[2.47057,48.79842],[2.46931,48.80131],[2.46875,48.80319]],"type":"LineString"}},{"type":"Feature","properties":{},"geometry":{"coordinates":[[2.25415,48.59295],[2.25507,48.59321],[2.25699,48.59308]],"type":"LineString"}},{"type":"Feature","properties":{},"geometry":{"coordinates":[[2.14148,48.364],[2.14333,48.36525],[2.14352,48.3658]],"type":"LineString"}},{"type":"Feature","properties":{},"geometry":{"coordinates":[[2.40849,48.31114],[2.4071,48.31222],[2.40474,48.31499],[2.40415,48.31641],[2.40304,48.31837],[2.40298,48.32007],[2.40236,48.32107],[2.4017,48.32163],[2.39773,48.32351]],"type":"LineString"}},{"type":"Feature","properties":{},"geometry":{"coordinates":[[1.92313,49.00403],[1.91517,49.00229],[1.91174,49.00142]],"type":"LineString"}},{"type":"Feature","properties":{},"geometry":{"coordinates":[[2.00126,48.70269],[2.00341,48.70214],[2.00597,48.70171],[2.0066,48.7017],[2.00675,48.70191]],"type":"LineString"}},{"type":"Feature","properties":{},"geometry":{"coordinates":[[2.32569,48.68122],[2.32615,48.68096],[2.32682,48.67968],[2.3274,48.67913],[2.32819,48.67875],[2.32957,48.67834],[2.33069,48.67776]],"type":"LineString"}},{"type":"Feature","properties":{},"geometry":{"coordinates":[[2.04149,48.93978],[2.03887,48.9365],[2.03768,48.93535],[2.03679,48.93489]],"type":"LineString"}},{"type":"Feature","properties":{},"geometry":{"coordinates":[[2.2576,48.89],[2.26286,48.89448],[2.26432,48.89547],[2.2659,48.89628],[2.27046,48.89815],[2.27417,48.89951],[2.27672,48.90026],[2.28203,48.90157],[2.28413,48.90224]],"type":"LineString"}},{"type":"Feature","properties":{},"geometry":{"coordinates":[[2.77023,48.47239],[2.76749,48.47638],[2.76599,48.47801]],"type":"LineString"}},{"type":"Feature","properties":{},"geometry":{"coordinates":[[3.24292,48.80523],[3.24274,48.80552]],"type":"LineString"}},{"type":"Feature","properties":{},"geometry":{"coordinates":[[2.7858,48.94739],[2.7831,48.94705]],"type":"LineString"}},{"type":"Feature","properties":{},"geometry":{"coordinates":[[3.20129,48.80277],[3.20076,48.80488],[3.19991,48.806],[3.19744,48.80731],[3.19499,48.8081],[3.19389,48.80828],[3.19285,48.80826],[3.19014,48.80746],[3.18793,48.80714],[3.18474,48.80642]],"type":"LineString"}},{"type":"Feature","properties":{},"geometry":{"coordinates":[[2.52403,48.79658],[2.52277,48.79226],[2.52194,48.79121]],"type":"LineString"}},{"type":"Feature","properties":{},"geometry":{"coordinates":[[3.13305,48.9349],[3.13298,48.93488]],"type":"LineString"}},{"type":"Feature","properties":{},"geometry":{"coordinates":[[2.46103,48.60133],[2.46113,48.60198]],"type":"LineString"}},{"type":"Feature","properties":{},"geometry":{"coordinates":[[2.46369,48.57671],[2.46451,48.57687],[2.46605,48.57745]],"type":"LineString"}},{"type":"Feature","properties":{},"geometry":{"coordinates":[[2.40488,48.71145],[2.40563,48.71231],[2.4068,48.71334],[2.4102,48.71561],[2.41735,48.71939],[2.42186,48.72146],[2.42431,48.72232],[2.42652,48.7229],[2.43441,48.72419],[2.43745,48.72479],[2.4405,48.72563],[2.44299,48.7266]],"type":"LineString"}},{"type":"Feature","properties":{},"geometry":{"coordinates":[[3.16267,48.41891],[3.15949,48.4179]],"type":"LineString"}},{"type":"Feature","properties":{},"geometry":{"coordinates":[[2.02057,48.52634],[2.02383,48.5276],[2.02613,48.52827],[2.03098,48.52865],[2.03198,48.52851],[2.03282,48.52806]],"type":"LineString"}},{"type":"Feature","properties":{},"geometry":{"coordinates":[[2.39029,48.33754],[2.38883,48.33807],[2.38763,48.33902],[2.388,48.33945],[2.38764,48.33978],[2.38773,48.34032],[2.38806,48.3404]],"type":"LineString"}},{"type":"Feature","properties":{},"geometry":{"coordinates":[[2.20418,48.4871],[2.20437,48.48783]],"type":"LineString"}},{"type":"Feature","properties":{},"geometry":{"coordinates":[[1.84796,48.91746],[1.84847,48.91904]],"type":"LineString"}},{"type":"Feature","properties":{},"geometry":{"coordinates":[[2.39326,48.55838],[2.39725,48.55937],[2.39896,48.56001],[2.39934,48.56032],[2.39985,48.56129],[2.40037,48.56182],[2.40208,48.56301],[2.40416,48.56416],[2.41105,48.56628]],"type":"LineString"}},{"type":"Feature","properties":{},"geometry":{"coordinates":[[2.26884,48.52238],[2.26901,48.52304],[2.26975,48.52383],[2.27015,48.52394],[2.27117,48.52388]],"type":"LineString"}},{"type":"Feature","properties":{},"geometry":{"coordinates":[[2.38903,48.34053],[2.38842,48.34106],[2.38561,48.34464],[2.38537,48.34535],[2.38572,48.34603],[2.38564,48.34645]],"type":"LineString"}},{"type":"Feature","properties":{},"geometry":{"coordinates":[[2.33652,48.85857],[2.33154,48.8598],[2.3224,48.86259],[2.31844,48.86345],[2.31386,48.86372],[2.30511,48.86359],[2.30199,48.86341],[2.29987,48.86316],[2.29813,48.8628],[2.29594,48.86209],[2.29381,48.86107],[2.29207,48.85997],[2.28966,48.85806],[2.28825,48.85667]],"type":"LineString"}},{"type":"Feature","properties":{},"geometry":{"coordinates":[[2.38611,48.39507],[2.38992,48.397],[2.3904,48.39737],[2.39078,48.39791],[2.39148,48.39984],[2.39152,48.40038],[2.39052,48.40209],[2.39005,48.40341]],"type":"LineString"}},{"type":"Feature","properties":{},"geometry":{"coordinates":[[2.10089,48.70291],[2.10207,48.70247],[2.10333,48.70216],[2.10374,48.70223],[2.10449,48.70277],[2.10531,48.7026],[2.10639,48.70267],[2.10882,48.7024]],"type":"LineString"}},{"type":"Feature","properties":{},"geometry":{"coordinates":[[2.00675,48.70191],[2.00825,48.7015],[2.00977,48.70131],[2.01226,48.70126],[2.01321,48.70142]],"type":"LineString"}},{"type":"Feature","properties":{},"geometry":{"coordinates":[[2.02497,48.70129],[2.02594,48.70109],[2.0264,48.70111],[2.02761,48.7021]],"type":"LineString"}},{"type":"Feature","properties":{},"geometry":{"coordinates":[[2.68736,48.87995],[2.68191,48.87876],[2.67537,48.87691],[2.66842,48.87521],[2.66699,48.87495],[2.66551,48.87484]],"type":"LineString"}},{"type":"Feature","properties":{},"geometry":{"coordinates":[[3.44171,48.78206],[3.44147,48.78213],[3.44018,48.78344],[3.43947,48.78394],[3.43859,48.7843],[3.43762,48.78438],[3.43704,48.78426],[3.43622,48.78383],[3.43377,48.78133],[3.43241,48.78047],[3.43101,48.78002],[3.42963,48.77979],[3.42871,48.77983],[3.4278,48.78006],[3.42698,48.78049],[3.42582,48.78137],[3.42472,48.78271],[3.4243,48.7842],[3.42418,48.78707],[3.4238,48.78804],[3.42331,48.78844]],"type":"LineString"}},{"type":"Feature","properties":{},"geometry":{"coordinates":[[2.4704,48.57985],[2.47073,48.58204],[2.47047,48.58342],[2.47028,48.58368],[2.46918,48.58422],[2.46891,48.58467],[2.46889,48.58506]],"type":"LineString"}},{"type":"Feature","properties":{},"geometry":{"coordinates":[[2.15214,48.41742],[2.15318,48.41805],[2.15655,48.41947]],"type":"LineString"}},{"type":"Feature","properties":{},"geometry":{"coordinates":[[2.1382,48.36341],[2.13952,48.36364],[2.14017,48.36347],[2.14148,48.364]],"type":"LineString"}},{"type":"Feature","properties":{},"geometry":{"coordinates":[[2.09482,48.32302],[2.09473,48.324],[2.09493,48.3255],[2.09564,48.32774],[2.09608,48.3286],[2.0969,48.32967],[2.09778,48.33038],[2.10039,48.33215],[2.10238,48.33318],[2.10302,48.33372],[2.10361,48.33488],[2.10445,48.33857]],"type":"LineString"}},{"type":"Feature","properties":{},"geometry":{"coordinates":[[1.53309,49.04762],[1.53105,49.05064],[1.52993,49.05284],[1.52697,49.0614]],"type":"LineString"}},{"type":"Feature","properties":{},"geometry":{"coordinates":[[3.18501,48.90735],[3.18451,48.90805],[3.18321,48.90889],[3.1818,48.90944],[3.18002,48.90974],[3.17833,48.9097],[3.17664,48.90941],[3.17516,48.90898],[3.17241,48.90786],[3.17049,48.90757],[3.16683,48.90772],[3.16113,48.90873],[3.15925,48.90869]],"type":"LineString"}},{"type":"Feature","properties":{},"geometry":{"coordinates":[[2.07023,48.70545],[2.07118,48.70508],[2.07289,48.70505],[2.0745,48.70531],[2.07707,48.70599],[2.08078,48.70616],[2.08418,48.70576],[2.08834,48.70475]],"type":"LineString"}},{"type":"Feature","properties":{},"geometry":{"coordinates":[[2.1283,48.69958],[2.129,48.69916],[2.12939,48.69856],[2.13047,48.69807],[2.13282,48.69849]],"type":"LineString"}},{"type":"Feature","properties":{},"geometry":{"coordinates":[[2.21423,48.58295],[2.21545,48.58325],[2.22129,48.5839]],"type":"LineString"}},{"type":"Feature","properties":{},"geometry":{"coordinates":[[2.84913,48.91866],[2.84835,48.91755]],"type":"LineString"}},{"type":"Feature","properties":{},"geometry":{"coordinates":[[2.91518,48.85743],[2.91484,48.85737]],"type":"LineString"}},{"type":"Feature","properties":{},"geometry":{"coordinates":[[2.50204,48.69647],[2.5016,48.69652],[2.5008,48.69687],[2.49785,48.69861],[2.49495,48.70098],[2.49435,48.70164],[2.49411,48.70252],[2.49439,48.70361],[2.49506,48.70446],[2.49622,48.7053]],"type":"LineString"}},{"type":"Feature","properties":{},"geometry":{"coordinates":[[2.35229,48.4899],[2.35496,48.49119],[2.35495,48.49159],[2.3543,48.49203]],"type":"LineString"}},{"type":"Feature","properties":{},"geometry":{"coordinates":[[2.14519,48.39933],[2.14532,48.40041]],"type":"LineString"}},{"type":"Feature","properties":{},"geometry":{"coordinates":[[2.14933,48.37829],[2.14952,48.37858],[2.14922,48.37936]],"type":"LineString"}},{"type":"Feature","properties":{},"geometry":{"coordinates":[[2.36622,48.53003],[2.36598,48.53038],[2.36619,48.53067],[2.36724,48.53094]],"type":"LineString"}},{"type":"Feature","properties":{},"geometry":{"coordinates":[[1.83781,48.98464],[1.83596,48.98431],[1.83348,48.98348],[1.82804,48.98124],[1.8211,48.97858],[1.81407,48.9754]],"type":"LineString"}},{"type":"Feature","properties":{},"geometry":{"coordinates":[[2.41535,48.77803],[2.41926,48.78335],[2.4212,48.78644],[2.42195,48.78807],[2.42232,48.78939],[2.42237,48.79154],[2.42173,48.79351],[2.4203,48.79556],[2.41823,48.79757],[2.41237,48.8026],[2.41109,48.80398],[2.41002,48.80553],[2.40944,48.80688],[2.40907,48.80889],[2.40934,48.81361],[2.40927,48.81531],[2.40887,48.81653],[2.40841,48.81692]],"type":"LineString"}},{"type":"Feature","properties":{},"geometry":{"coordinates":[[2.45484,48.81307],[2.45431,48.81355]],"type":"LineString"}},{"type":"Feature","properties":{},"geometry":{"coordinates":[[3.32205,48.44566],[3.32179,48.44486],[3.32136,48.44421],[3.32055,48.44344],[3.31958,48.44285],[3.31765,48.44209],[3.31393,48.44137],[3.3131,48.44092],[3.31265,48.44025],[3.31251,48.43934],[3.31271,48.43837],[3.31315,48.4375]],"type":"LineString"}},{"type":"Feature","properties":{},"geometry":{"coordinates":[[2.46599,48.62794],[2.46319,48.6292],[2.46147,48.63027]],"type":"LineString"}},{"type":"Feature","properties":{},"geometry":{"coordinates":[[3.19751,48.98326],[3.19725,48.98532],[3.19649,48.98733],[3.19417,48.99036],[3.19236,48.99335],[3.19164,48.99411]],"type":"LineString"}},{"type":"Feature","properties":{},"geometry":{"coordinates":[[2.83126,48.90053],[2.83098,48.90072]],"type":"LineString"}},{"type":"Feature","properties":{},"geometry":{"coordinates":[[2.98618,48.39676],[2.9834,48.39689],[2.98148,48.39685],[2.97965,48.39667],[2.97721,48.39614],[2.97542,48.39555],[2.97262,48.39439],[2.96338,48.38993],[2.96111,48.38918],[2.95787,48.38861]],"type":"LineString"}},{"type":"Feature","properties":{},"geometry":{"coordinates":[[2.11007,48.70214],[2.11122,48.70186]],"type":"LineString"}},{"type":"Feature","properties":{},"geometry":{"coordinates":[[2.18091,48.56656],[2.18206,48.56684],[2.18348,48.56791],[2.18442,48.56832]],"type":"LineString"}},{"type":"Feature","properties":{},"geometry":{"coordinates":[[2.21725,49.12398],[2.21697,49.1236],[2.21597,49.12282]],"type":"LineString"}},{"type":"Feature","properties":{},"geometry":{"coordinates":[[1.86823,48.89344],[1.86776,48.89432]],"type":"LineString"}},{"type":"Feature","properties":{},"geometry":{"coordinates":[[2.51193,48.69695],[2.5114,48.69651],[2.51083,48.69627],[2.5069,48.69543],[2.50349,48.69586],[2.50251,48.69617],[2.50204,48.69647]],"type":"LineString"}},{"type":"Feature","properties":{},"geometry":{"coordinates":[[2.77092,48.46255],[2.77204,48.46613],[2.77208,48.46707],[2.77176,48.46845]],"type":"LineString"}},{"type":"Feature","properties":{},"geometry":{"coordinates":[[2.38323,48.3608],[2.38365,48.36141],[2.38312,48.36178]],"type":"LineString"}},{"type":"Feature","properties":{},"geometry":{"coordinates":[[3.35901,48.4636],[3.35803,48.46329]],"type":"LineString"}},{"type":"Feature","properties":{},"geometry":{"coordinates":[[2.85586,48.88247],[2.85527,48.88323],[2.85409,48.88426]],"type":"LineString"}},{"type":"Feature","properties":{},"geometry":{"coordinates":[[2.09269,48.31013],[2.09387,48.3109],[2.09423,48.31165],[2.09416,48.31218],[2.09354,48.31353],[2.09351,48.31743]],"type":"LineString"}},{"type":"Feature","properties":{},"geometry":{"coordinates":[[2.13012,48.87104],[2.12747,48.87235],[2.12505,48.8739],[2.11796,48.87944],[2.11612,48.88122],[2.11327,48.88486],[2.11064,48.88764]],"type":"LineString"}},{"type":"Feature","properties":{},"geometry":{"coordinates":[[3.3446,48.46197],[3.34361,48.46179],[3.34265,48.4614],[3.34184,48.46083],[3.34004,48.45908],[3.33936,48.45874],[3.33824,48.45846],[3.33663,48.45831],[3.33508,48.45841],[3.33101,48.45913],[3.33004,48.45949]],"type":"LineString"}},{"type":"Feature","properties":{},"geometry":{"coordinates":[[2.01923,48.70119],[2.02117,48.7014],[2.02305,48.70088],[2.024,48.701],[2.02497,48.70129]],"type":"LineString"}},{"type":"Feature","properties":{},"geometry":{"coordinates":[[2.11069,49.05285],[2.10997,49.05193]],"type":"LineString"}},{"type":"Feature","properties":{},"geometry":{"coordinates":[[2.87549,48.95188],[2.87655,48.95119]],"type":"LineString"}},{"type":"Feature","properties":{},"geometry":{"coordinates":[[2.73648,48.92387],[2.73481,48.92383]],"type":"LineString"}},{"type":"Feature","properties":{},"geometry":{"coordinates":[[2.84835,48.91755],[2.84834,48.91752]],"type":"LineString"}},{"type":"Feature","properties":{},"geometry":{"coordinates":[[2.36164,48.67726],[2.36201,48.67746]],"type":"LineString"}},{"type":"Feature","properties":{},"geometry":{"coordinates":[[2.11279,48.34907],[2.11251,48.35006],[2.11261,48.35054]],"type":"LineString"}},{"type":"Feature","properties":{},"geometry":{"coordinates":[[1.62052,49.0302],[1.62281,49.03145],[1.62541,49.03264],[1.6317,49.03505],[1.63503,49.03594],[1.64557,49.03805],[1.65059,49.03932],[1.65419,49.04049],[1.66285,49.04372],[1.66698,49.04501]],"type":"LineString"}},{"type":"Feature","properties":{},"geometry":{"coordinates":[[2.3859,48.41516],[2.38543,48.41552],[2.38502,48.41616],[2.38346,48.42025],[2.38196,48.42199],[2.38112,48.42326],[2.37932,48.42482]],"type":"LineString"}},{"type":"Feature","properties":{},"geometry":{"coordinates":[[2.71674,48.19156],[2.71651,48.19217],[2.71673,48.19283]],"type":"LineString"}},{"type":"Feature","properties":{},"geometry":{"coordinates":[[2.72718,48.18066],[2.72902,48.18174],[2.72935,48.18214],[2.72946,48.1826]],"type":"LineString"}},{"type":"Feature","properties":{},"geometry":{"coordinates":[[2.03282,48.52806],[2.03342,48.52753],[2.03471,48.5272],[2.03641,48.527],[2.03822,48.52712],[2.03985,48.52763],[2.04149,48.52867],[2.04386,48.5294],[2.04427,48.52962],[2.04427,48.52974]],"type":"LineString"}},{"type":"Feature","properties":{},"geometry":{"coordinates":[[2.00366,48.53201],[2.00112,48.53258]],"type":"LineString"}},{"type":"Feature","properties":{},"geometry":{"coordinates":[[1.86724,48.82464],[1.87105,48.82695],[1.87174,48.82802],[1.87193,48.82877],[1.8723,48.82919]],"type":"LineString"}},{"type":"Feature","properties":{},"geometry":{"coordinates":[[3.31011,48.78136],[3.30956,48.78141]],"type":"LineString"}},{"type":"Feature","properties":{},"geometry":{"coordinates":[[2.45194,48.71515],[2.4519,48.71515]],"type":"LineString"}},{"type":"Feature","properties":{},"geometry":{"coordinates":[[2.62414,48.65734],[2.6221,48.65792],[2.61924,48.65849],[2.61802,48.65894]],"type":"LineString"}},{"type":"Feature","properties":{},"geometry":{"coordinates":[[2.21133,49.11198],[2.21051,49.11026],[2.20929,49.10896],[2.2088,49.10812]],"type":"LineString"}},{"type":"Feature","properties":{},"geometry":{"coordinates":[[2.27432,48.6954],[2.27657,48.69432]],"type":"LineString"}},{"type":"Feature","properties":{},"geometry":{"coordinates":[[2.87175,48.86749],[2.87105,48.86831],[2.87029,48.86885],[2.86628,48.87024],[2.86337,48.87172],[2.86288,48.87231],[2.86259,48.87311],[2.86254,48.87544],[2.86233,48.87594]],"type":"LineString"}},{"type":"Feature","properties":{},"geometry":{"coordinates":[[2.72385,48.65528],[2.7231,48.65572],[2.7224,48.65591],[2.72178,48.65593]],"type":"LineString"}},{"type":"Feature","properties":{},"geometry":{"coordinates":[[2.19243,48.47804],[2.19222,48.47885]],"type":"LineString"}},{"type":"Feature","properties":{},"geometry":{"coordinates":[[2.118,48.3537],[2.11947,48.35372],[2.12055,48.35391],[2.12151,48.35431],[2.12226,48.35493],[2.12306,48.35634],[2.1222,48.35832],[2.12236,48.36018],[2.12303,48.36103],[2.1249,48.36186]],"type":"LineString"}},{"type":"Feature","properties":{},"geometry":{"coordinates":[[2.69258,48.28133],[2.69195,48.28366],[2.69166,48.28622],[2.69212,48.28997],[2.69241,48.29068],[2.69316,48.29165]],"type":"LineString"}},{"type":"Feature","properties":{},"geometry":{"coordinates":[[3.32181,48.44768],[3.32205,48.44566]],"type":"LineString"}},{"type":"Feature","properties":{},"geometry":{"coordinates":[[2.47283,48.71378],[2.46915,48.71223]],"type":"LineString"}},{"type":"Feature","properties":{},"geometry":{"coordinates":[[2.22603,48.51091],[2.22664,48.51128],[2.22805,48.51157],[2.22824,48.51235],[2.22854,48.51259],[2.22887,48.51265]],"type":"LineString"}},{"type":"Feature","properties":{},"geometry":{"coordinates":[[2.09223,48.31881],[2.09242,48.31942],[2.09454,48.32089],[2.09472,48.3214],[2.09482,48.32302]],"type":"LineString"}},{"type":"Feature","properties":{},"geometry":{"coordinates":[[2.95521,48.75314],[2.95607,48.75306],[2.95694,48.75271],[2.95861,48.75104],[2.9589,48.75056],[2.95961,48.74831],[2.96068,48.74689]],"type":"LineString"}},{"type":"Feature","properties":{},"geometry":{"coordinates":[[2.36057,48.84867],[2.35879,48.84966],[2.35363,48.85122]],"type":"LineString"}},{"type":"Feature","properties":{},"geometry":{"coordinates":[[2.69855,48.31978],[2.69914,48.31964],[2.70026,48.31978]],"type":"LineString"}},{"type":"Feature","properties":{},"geometry":{"coordinates":[[2.27428,49.1416],[2.27044,49.14039],[2.26863,49.1397],[2.26674,49.1387],[2.26507,49.13745]],"type":"LineString"}},{"type":"Feature","properties":{},"geometry":{"coordinates":[[2.28231,48.69561],[2.28435,48.6958],[2.28756,48.69577],[2.28967,48.69543],[2.29117,48.69537]],"type":"LineString"}},{"type":"Feature","properties":{},"geometry":{"coordinates":[[3.04562,48.98278],[3.04528,48.98385],[3.04336,48.9879],[3.04272,48.99058]],"type":"LineString"}},{"type":"Feature","properties":{},"geometry":{"coordinates":[[3.09652,48.95089],[3.09516,48.95097],[3.09378,48.9508]],"type":"LineString"}},{"type":"Feature","properties":{},"geometry":{"coordinates":[[2.45122,48.81569],[2.44962,48.81595],[2.44646,48.81616],[2.44116,48.81627]],"type":"LineString"}},{"type":"Feature","properties":{},"geometry":{"coordinates":[[2.29896,48.65027],[2.30096,48.65211],[2.30282,48.65347],[2.3043,48.65423],[2.30607,48.65493],[2.30694,48.65562]],"type":"LineString"}},{"type":"Feature","properties":{},"geometry":{"coordinates":[[2.20437,48.48783],[2.2055,48.48825],[2.20586,48.48895]],"type":"LineString"}},{"type":"Feature","properties":{},"geometry":{"coordinates":[[2.71726,48.48544],[2.71499,48.48496],[2.70798,48.48309]],"type":"LineString"}},{"type":"Feature","properties":{},"geometry":{"coordinates":[[2.69655,48.25644],[2.69541,48.25669],[2.69501,48.25698],[2.69479,48.2574],[2.6959,48.26062]],"type":"LineString"}},{"type":"Feature","properties":{},"geometry":{"coordinates":[[2.54484,48.69288],[2.54396,48.69273],[2.54194,48.6919],[2.54098,48.69124]],"type":"LineString"}},{"type":"Feature","properties":{},"geometry":{"coordinates":[[2.26066,48.83191],[2.25319,48.82674],[2.25099,48.82546],[2.24805,48.82431],[2.2415,48.82252]],"type":"LineString"}},{"type":"Feature","properties":{},"geometry":{"coordinates":[[3.25406,48.88678],[3.25397,48.88679]],"type":"LineString"}},{"type":"Feature","properties":{},"geometry":{"coordinates":[[2.20418,48.4871],[2.20407,48.487]],"type":"LineString"}},{"type":"Feature","properties":{},"geometry":{"coordinates":[[2.22129,48.5839],[2.22508,48.58428],[2.22682,48.58469],[2.22815,48.58524],[2.23126,48.58715],[2.2345,48.58864],[2.23662,48.58926],[2.23883,48.58956]],"type":"LineString"}},{"type":"Feature","properties":{},"geometry":{"coordinates":[[2.19856,48.57549],[2.19858,48.57599],[2.19887,48.57652],[2.19957,48.57719],[2.20032,48.57763],[2.20202,48.57811],[2.20656,48.57877],[2.20718,48.57901],[2.20902,48.58008]],"type":"LineString"}},{"type":"Feature","properties":{},"geometry":{"coordinates":[[2.23883,48.58956],[2.23973,48.5894],[2.24277,48.58937],[2.24511,48.58977]],"type":"LineString"}},{"type":"Feature","properties":{},"geometry":{"coordinates":[[2.92903,48.98267],[2.93025,48.98248],[2.93179,48.98208],[2.93346,48.9813],[2.93421,48.9806],[2.93565,48.97853],[2.93664,48.97743],[2.93774,48.97643],[2.93962,48.97508],[2.94004,48.9746]],"type":"LineString"}},{"type":"Feature","properties":{},"geometry":{"coordinates":[[2.94063,48.97288],[2.94288,48.96829],[2.94418,48.96432],[2.94451,48.96211],[2.94455,48.96034],[2.94429,48.9588],[2.94387,48.95766],[2.94326,48.95666],[2.94241,48.95571],[2.93915,48.95283],[2.93739,48.95147],[2.93551,48.95027],[2.92946,48.94693],[2.9256,48.9446]],"type":"LineString"}},{"type":"Feature","properties":{},"geometry":{"coordinates":[[2.96096,48.82485],[2.95823,48.82549],[2.95701,48.82561],[2.95584,48.82541],[2.95488,48.82466],[2.95428,48.82364],[2.95407,48.82251],[2.95429,48.82186],[2.95561,48.82012],[2.95614,48.81906],[2.95628,48.81573],[2.9559,48.8149],[2.95534,48.81447],[2.95412,48.81413],[2.95286,48.8141]],"type":"LineString"}},{"type":"Feature","properties":{},"geometry":{"coordinates":[[3.2877,48.79757],[3.28761,48.79799],[3.28702,48.79829]],"type":"LineString"}},{"type":"Feature","properties":{},"geometry":{"coordinates":[[3.42331,48.78844],[3.42274,48.7885],[3.42161,48.78837],[3.4197,48.78784],[3.41767,48.7869],[3.41405,48.78459],[3.41274,48.7842],[3.41048,48.78412],[3.40686,48.78453],[3.40499,48.78463],[3.40325,48.78448],[3.40179,48.78415],[3.40008,48.78351],[3.39419,48.7807],[3.3919,48.77994],[3.38988,48.77949],[3.38749,48.77932],[3.38519,48.77944],[3.38306,48.77987],[3.37818,48.78137],[3.37704,48.78149],[3.3761,48.78136],[3.3754,48.78096],[3.37509,48.78046],[3.37504,48.77949],[3.37688,48.77488],[3.37696,48.77338],[3.37658,48.77256],[3.37549,48.77164],[3.37436,48.77121],[3.37369,48.77117],[3.37351,48.77126]],"type":"LineString"}},{"type":"Feature","properties":{},"geometry":{"coordinates":[[2.46915,48.71223],[2.46856,48.71146],[2.4679,48.71112],[2.46676,48.71096],[2.46337,48.71079]],"type":"LineString"}},{"type":"Feature","properties":{},"geometry":{"coordinates":[[2.47482,48.60542],[2.47674,48.60538],[2.47812,48.6057],[2.47862,48.606],[2.47968,48.60714],[2.48069,48.60797],[2.48152,48.60845],[2.4829,48.60891],[2.4832,48.60917],[2.48318,48.60964],[2.48242,48.61105],[2.48036,48.61332],[2.4804,48.61601],[2.48031,48.61365]],"type":"LineString"}},{"type":"Feature","properties":{},"geometry":{"coordinates":[[2.45337,48.57822],[2.45731,48.5771]],"type":"LineString"}},{"type":"Feature","properties":{},"geometry":{"coordinates":[[2.36208,48.52378],[2.36265,48.52509],[2.36304,48.52663],[2.36283,48.52796],[2.36292,48.52824],[2.3635,48.52862],[2.36521,48.52928],[2.36622,48.53003]],"type":"LineString"}},{"type":"Feature","properties":{},"geometry":{"coordinates":[[2.18205,48.45112],[2.18151,48.45127],[2.18024,48.45196]],"type":"LineString"}},{"type":"Feature","properties":{},"geometry":{"coordinates":[[2.33069,48.67776],[2.33199,48.67751],[2.33329,48.67752],[2.33508,48.67706],[2.33548,48.67714],[2.33579,48.67737]],"type":"LineString"}},{"type":"Feature","properties":{},"geometry":{"coordinates":[[3.0134,48.37193],[3.01298,48.37244],[3.01204,48.37315],[3.01026,48.37397],[3.00944,48.37418],[3.00822,48.3743],[3.00747,48.37425],[3.00609,48.37392],[3.005,48.37332],[3.00423,48.37261],[3.00224,48.36934],[3.00087,48.36783],[2.99917,48.36685],[2.99772,48.36642],[2.99625,48.36619],[2.99295,48.3661],[2.9875,48.36648],[2.97942,48.36736],[2.97475,48.36813]],"type":"LineString"}},{"type":"Feature","properties":{},"geometry":{"coordinates":[[1.67764,49.07432],[1.67572,49.07483],[1.66956,49.076]],"type":"LineString"}},{"type":"Feature","properties":{},"geometry":{"coordinates":[[2.23077,48.86802],[2.23274,48.86969]],"type":"LineString"}},{"type":"Feature","properties":{},"geometry":{"coordinates":[[2.80193,48.38777],[2.79804,48.38809],[2.79371,48.38789],[2.792,48.38809],[2.79118,48.38845],[2.79044,48.38911],[2.78998,48.38997],[2.78963,48.39129]],"type":"LineString"}},{"type":"Feature","properties":{},"geometry":{"coordinates":[[1.66698,49.04501],[1.66756,49.04566],[1.66859,49.04639],[1.66987,49.04713],[1.67172,49.04795],[1.67379,49.0486],[1.68052,49.05005],[1.68419,49.05109],[1.68789,49.05251],[1.69032,49.05386],[1.69152,49.05474],[1.6928,49.05596],[1.6939,49.05733],[1.69503,49.05914],[1.69593,49.06154],[1.69595,49.06387]],"type":"LineString"}},{"type":"Feature","properties":{},"geometry":{"coordinates":[[3.24238,48.8057],[3.24237,48.80571]],"type":"LineString"}},{"type":"Feature","properties":{},"geometry":{"coordinates":[[2.75348,48.44651],[2.75519,48.44748]],"type":"LineString"}},{"type":"Feature","properties":{},"geometry":{"coordinates":[[3.40036,48.46631],[3.3988,48.46656],[3.39747,48.46646],[3.39599,48.466],[3.39475,48.46525],[3.39417,48.4645],[3.3941,48.46357],[3.39442,48.46271],[3.3952,48.46185]],"type":"LineString"}},{"type":"Feature","properties":{},"geometry":{"coordinates":[[2.27213,48.69655],[2.27296,48.69608],[2.27332,48.69571],[2.27432,48.6954]],"type":"LineString"}},{"type":"Feature","properties":{},"geometry":{"coordinates":[[3.00376,49.00213],[3.00261,49.00177],[3.00172,49.00129],[2.99967,48.99886],[2.99847,48.99784]],"type":"LineString"}},{"type":"Feature","properties":{},"geometry":{"coordinates":[[2.52306,48.8002],[2.52264,48.79948],[2.52302,48.79741]],"type":"LineString"}},{"type":"Feature","properties":{},"geometry":{"coordinates":[[2.56854,48.6666],[2.56644,48.66717],[2.56492,48.66724]],"type":"LineString"}},{"type":"Feature","properties":{},"geometry":{"coordinates":[[3.36293,48.87352],[3.35982,48.87267],[3.35838,48.87195],[3.35759,48.87122],[3.35586,48.86894],[3.35472,48.86813],[3.3515,48.8669],[3.34764,48.86588],[3.34653,48.86546],[3.34548,48.86482],[3.34319,48.86304]],"type":"LineString"}},{"type":"Feature","properties":{},"geometry":{"coordinates":[[2.08997,48.30688],[2.08908,48.30762],[2.08901,48.30811],[2.08916,48.30853],[2.09059,48.30957],[2.09269,48.31013]],"type":"LineString"}},{"type":"Feature","properties":{},"geometry":{"coordinates":[[1.98005,48.71359],[1.98033,48.71345],[1.98201,48.71325],[1.9836,48.71263],[1.98666,48.71178],[1.98885,48.71082],[1.98979,48.71062]],"type":"LineString"}},{"type":"Feature","properties":{},"geometry":{"coordinates":[[3.24802,48.97491],[3.24558,48.97613],[3.24377,48.97678],[3.23931,48.97748],[3.2364,48.97758]],"type":"LineString"}},{"type":"Feature","properties":{},"geometry":{"coordinates":[[2.28606,49.14594],[2.28479,49.14529],[2.28071,49.14398],[2.27766,49.14251],[2.27428,49.1416]],"type":"LineString"}},{"type":"Feature","properties":{},"geometry":{"coordinates":[[2.10997,49.05193],[2.10759,49.05046],[2.1041,49.0491],[2.10301,49.04886]],"type":"LineString"}},{"type":"Feature","properties":{},"geometry":{"coordinates":[[2.95627,49.00921],[2.9556,49.0101],[2.95458,49.01102],[2.95326,49.01177],[2.9522,49.01211],[2.95086,49.01227],[2.94955,49.01207],[2.94859,49.01165],[2.94778,49.01093],[2.94726,49.00972],[2.94695,49.00616],[2.94617,49.00283],[2.94573,48.99844],[2.94524,48.99656]],"type":"LineString"}},{"type":"Feature","properties":{},"geometry":{"coordinates":[[3.0455,48.95488],[3.04397,48.95509],[3.04053,48.95662]],"type":"LineString"}},{"type":"Feature","properties":{},"geometry":{"coordinates":[[3.12382,48.93964],[3.12272,48.9406],[3.12262,48.94099],[3.12288,48.9414]],"type":"LineString"}},{"type":"Feature","properties":{},"geometry":{"coordinates":[[2.39426,48.33189],[2.39431,48.33288]],"type":"LineString"}},{"type":"Feature","properties":{},"geometry":{"coordinates":[[2.46941,48.60328],[2.46994,48.60314],[2.47072,48.60324]],"type":"LineString"}},{"type":"Feature","properties":{},"geometry":{"coordinates":[[2.45058,48.57867],[2.45193,48.57843],[2.45289,48.5784],[2.45337,48.57822]],"type":"LineString"}},{"type":"Feature","properties":{},"geometry":{"coordinates":[[2.27117,48.52388],[2.28293,48.52143],[2.28636,48.5209],[2.28934,48.52069],[2.29046,48.52082],[2.29113,48.52102],[2.29424,48.52262],[2.29613,48.52326],[2.30013,48.52382],[2.3032,48.52386],[2.30487,48.5236],[2.3059,48.52325],[2.30687,48.52266],[2.30844,48.52117]],"type":"LineString"}},{"type":"Feature","properties":{},"geometry":{"coordinates":[[2.11261,48.35054],[2.11282,48.35095],[2.115,48.35345],[2.11565,48.35367],[2.118,48.3537]],"type":"LineString"}},{"type":"Feature","properties":{},"geometry":{"coordinates":[[2.09049,48.29805],[2.09099,48.29898],[2.09236,48.29999],[2.09328,48.30128],[2.09412,48.30167],[2.09671,48.30235],[2.0978,48.30303]],"type":"LineString"}},{"type":"Feature","properties":{},"geometry":{"coordinates":[[2.73655,48.16608],[2.73488,48.16882],[2.7337,48.17011]],"type":"LineString"}},{"type":"Feature","properties":{},"geometry":{"coordinates":[[2.72705,48.17914],[2.72677,48.17971],[2.72702,48.18022]],"type":"LineString"}},{"type":"Feature","properties":{},"geometry":{"coordinates":[[3.17082,48.98892],[3.16672,48.98578],[3.16625,48.98499],[3.16597,48.98386]],"type":"LineString"}},{"type":"Feature","properties":{},"geometry":{"coordinates":[[3.24237,48.80571],[3.24121,48.80608]],"type":"LineString"}},{"type":"Feature","properties":{},"geometry":{"coordinates":[[2.35958,48.53521],[2.35911,48.53511],[2.35907,48.53567]],"type":"LineString"}},{"type":"Feature","properties":{},"geometry":{"coordinates":[[2.39421,48.32653],[2.39346,48.32741],[2.3938,48.32771],[2.39386,48.32813]],"type":"LineString"}},{"type":"Feature","properties":{},"geometry":{"coordinates":[[1.69643,49.00936],[1.69401,49.00933],[1.68845,49.00959],[1.6861,49.00956],[1.66594,49.00771]],"type":"LineString"}},{"type":"Feature","properties":{},"geometry":{"coordinates":[[2.50425,48.81051],[2.5063,48.81037],[2.5087,48.81002]],"type":"LineString"}},{"type":"Feature","properties":{},"geometry":{"coordinates":[[3.2897,48.78813],[3.2889,48.78773],[3.28792,48.7869],[3.2871,48.78669],[3.28482,48.78693],[3.28395,48.78766],[3.28347,48.78787]],"type":"LineString"}},{"type":"Feature","properties":{},"geometry":{"coordinates":[[2.66578,48.65508],[2.66519,48.65443],[2.66357,48.65344],[2.66205,48.65293],[2.66069,48.65275],[2.65947,48.65284],[2.65813,48.65334],[2.65738,48.65387],[2.6566,48.65472],[2.65581,48.65613],[2.65495,48.65859],[2.65474,48.65983],[2.65493,48.66167],[2.65543,48.66309],[2.65607,48.66413],[2.65833,48.66662],[2.65939,48.668],[2.65991,48.66896],[2.66004,48.66973],[2.65969,48.67053],[2.6593,48.67086],[2.65879,48.67113],[2.65772,48.67139],[2.65681,48.67139],[2.65568,48.6712],[2.65472,48.67079],[2.65416,48.6702]],"type":"LineString"}},{"type":"Feature","properties":{},"geometry":{"coordinates":[[1.58468,49.04453],[1.5821,49.04434],[1.57773,49.043]],"type":"LineString"}},{"type":"Feature","properties":{},"geometry":{"coordinates":[[2.01825,48.7014],[2.01923,48.70119]],"type":"LineString"}},{"type":"Feature","properties":{},"geometry":{"coordinates":[[2.48965,48.71437],[2.48431,48.71565],[2.48294,48.71585],[2.48172,48.71588],[2.48017,48.71573],[2.47612,48.71492],[2.47283,48.71378]],"type":"LineString"}},{"type":"Feature","properties":{},"geometry":{"coordinates":[[2.54211,48.68556],[2.54327,48.68661]],"type":"LineString"}},{"type":"Feature","properties":{},"geometry":{"coordinates":[[2.54206,48.6835],[2.54217,48.68392],[2.54273,48.68455],[2.54258,48.68496],[2.54216,48.68512]],"type":"LineString"}},{"type":"Feature","properties":{},"geometry":{"coordinates":[[2.57177,48.66839],[2.57078,48.66808],[2.56981,48.66716],[2.56854,48.6666]],"type":"LineString"}},{"type":"Feature","properties":{},"geometry":{"coordinates":[[2.29441,48.63549],[2.29548,48.63682],[2.29773,48.63889],[2.2982,48.6397],[2.29821,48.64044],[2.29772,48.64324],[2.29786,48.6478],[2.29817,48.64949]],"type":"LineString"}},{"type":"Feature","properties":{},"geometry":{"coordinates":[[2.4621,48.60003],[2.46154,48.60019],[2.46126,48.60042],[2.46106,48.60076],[2.46103,48.60133]],"type":"LineString"}},{"type":"Feature","properties":{},"geometry":{"coordinates":[[2.37193,48.53633],[2.37259,48.53697],[2.37296,48.53776],[2.37298,48.54003],[2.3737,48.54235],[2.37351,48.54395],[2.37361,48.54451],[2.37599,48.54876],[2.37674,48.5497],[2.3775,48.55038]],"type":"LineString"}},{"type":"Feature","properties":{},"geometry":{"coordinates":[[2.35363,48.85122],[2.3527,48.85307],[2.3525,48.85437]],"type":"LineString"}},{"type":"Feature","properties":{},"geometry":{"coordinates":[[1.64612,49.07937],[1.64066,49.07941],[1.63684,49.07928],[1.63337,49.07891],[1.63082,49.07837],[1.62897,49.07778],[1.62592,49.0765],[1.6151,49.07121],[1.61287,49.06969],[1.61081,49.06774],[1.60946,49.06594],[1.60651,49.06115],[1.6045,49.05871],[1.60218,49.05644],[1.59741,49.05264],[1.59212,49.04879],[1.58915,49.04695],[1.58468,49.04453]],"type":"LineString"}},{"type":"Feature","properties":{},"geometry":{"coordinates":[[2.8056,48.35193],[2.80936,48.35224],[2.81192,48.35262],[2.81371,48.35318],[2.81565,48.35411],[2.81818,48.35584],[2.82033,48.35775],[2.82406,48.3623],[2.82448,48.36299],[2.82521,48.36683],[2.82498,48.36834],[2.82431,48.36939],[2.82139,48.37215],[2.81986,48.37398],[2.81915,48.37521],[2.81808,48.37798]],"type":"LineString"}},{"type":"Feature","properties":{},"geometry":{"coordinates":[[2.86197,48.37187],[2.85972,48.37203],[2.85701,48.37272],[2.85389,48.37389],[2.85128,48.37511]],"type":"LineString"}},{"type":"Feature","properties":{},"geometry":{"coordinates":[[3.15132,48.41426],[3.14982,48.41351]],"type":"LineString"}},{"type":"Feature","properties":{},"geometry":{"coordinates":[[1.83455,48.94202],[1.83412,48.94249],[1.83421,48.94369],[1.83373,48.94568]],"type":"LineString"}},{"type":"Feature","properties":{},"geometry":{"coordinates":[[2.90642,48.85538],[2.90617,48.85543]],"type":"LineString"}},{"type":"Feature","properties":{},"geometry":{"coordinates":[[2.52241,48.80406],[2.52294,48.80226],[2.52306,48.8002]],"type":"LineString"}},{"type":"Feature","properties":{},"geometry":{"coordinates":[[2.5033,48.78452],[2.49982,48.78473],[2.49735,48.78453]],"type":"LineString"}},{"type":"Feature","properties":{},"geometry":{"coordinates":[[2.49398,48.71287],[2.49281,48.71356],[2.49058,48.71424],[2.48965,48.71437]],"type":"LineString"}},{"type":"Feature","properties":{},"geometry":{"coordinates":[[2.52162,48.69114],[2.52882,48.69411],[2.53035,48.69506],[2.53105,48.69581],[2.53144,48.69668],[2.53164,48.69764],[2.5315,48.69902],[2.53054,48.70093],[2.52886,48.70306],[2.52768,48.704],[2.52603,48.70463],[2.52443,48.70473],[2.52321,48.70438],[2.52212,48.70353],[2.52044,48.70099],[2.51957,48.69997],[2.51804,48.6986],[2.51671,48.69772]],"type":"LineString"}},{"type":"Feature","properties":{},"geometry":{"coordinates":[[2.46605,48.57745],[2.46763,48.5772],[2.4684,48.57727],[2.46908,48.57751],[2.46963,48.57794],[2.47011,48.57857],[2.4704,48.57931],[2.4704,48.57985]],"type":"LineString"}},{"type":"Feature","properties":{},"geometry":{"coordinates":[[2.41105,48.56628],[2.41259,48.56666],[2.41437,48.56733]],"type":"LineString"}},{"type":"Feature","properties":{},"geometry":{"coordinates":[[2.33761,48.85825],[2.33715,48.85847],[2.33652,48.85857]],"type":"LineString"}},{"type":"Feature","properties":{},"geometry":{"coordinates":[[3.01173,48.95371],[3.01008,48.95412],[3.00906,48.9545],[3.0076,48.95556],[3.00559,48.95814],[3.00353,48.96158],[3.00234,48.96291],[3.00149,48.96353]],"type":"LineString"}},{"type":"Feature","properties":{},"geometry":{"coordinates":[[2.69509,48.31766],[2.6968,48.3189],[2.69855,48.31978]],"type":"LineString"}},{"type":"Feature","properties":{},"geometry":{"coordinates":[[2.74315,48.15859],[2.74256,48.15928],[2.74111,48.15985],[2.74062,48.16017],[2.73971,48.16169],[2.73815,48.16365],[2.73655,48.16608]],"type":"LineString"}},{"type":"Feature","properties":{},"geometry":{"coordinates":[[1.52543,49.0631],[1.5246,49.06416],[1.52046,49.06822],[1.51943,49.06982]],"type":"LineString"}},{"type":"Feature","properties":{},"geometry":{"coordinates":[[2.05853,48.70416],[2.06327,48.70523],[2.06647,48.70646]],"type":"LineString"}},{"type":"Feature","properties":{},"geometry":{"coordinates":[[1.87294,48.86418],[1.87261,48.86448],[1.8725,48.86502],[1.87219,48.8653],[1.8724,48.86562]],"type":"LineString"}},{"type":"Feature","properties":{},"geometry":{"coordinates":[[1.87567,48.8346],[1.87589,48.83511],[1.87624,48.83541]],"type":"LineString"}},{"type":"Feature","properties":{},"geometry":{"coordinates":[[2.51135,48.82943],[2.51034,48.82908],[2.50861,48.82902],[2.49851,48.83072],[2.49119,48.83121]],"type":"LineString"}},{"type":"Feature","properties":{},"geometry":{"coordinates":[[3.03248,49.01025],[3.02911,49.01115],[3.02729,49.01197],[3.02506,49.01277],[3.02267,49.01393]],"type":"LineString"}},{"type":"Feature","properties":{},"geometry":{"coordinates":[[2.886,48.94482],[2.88547,48.94617],[2.88426,48.94775]],"type":"LineString"}},{"type":"Feature","properties":{},"geometry":{"coordinates":[[2.53522,48.85372],[2.52269,48.85253],[2.51894,48.852],[2.51667,48.85142],[2.51541,48.85092],[2.5143,48.85028],[2.51317,48.84936],[2.51225,48.84818],[2.51176,48.84714],[2.51148,48.84551],[2.51163,48.84394],[2.51225,48.84189],[2.51289,48.84054],[2.51586,48.83642],[2.51642,48.83501],[2.51647,48.83399],[2.51587,48.83239],[2.51505,48.83141],[2.51442,48.83088],[2.5129,48.82996],[2.51135,48.82943]],"type":"LineString"}},{"type":"Feature","properties":{},"geometry":{"coordinates":[[2.22016,48.50147],[2.22158,48.50259],[2.22235,48.50355]],"type":"LineString"}},{"type":"Feature","properties":{},"geometry":{"coordinates":[[2.31875,48.66593],[2.31995,48.66759],[2.32072,48.66825],[2.32158,48.66859],[2.32395,48.66922],[2.32509,48.66916],[2.32699,48.66847],[2.32935,48.66785]],"type":"LineString"}},{"type":"Feature","properties":{},"geometry":{"coordinates":[[2.44017,48.57716],[2.4426,48.57732],[2.44334,48.57788]],"type":"LineString"}},{"type":"Feature","properties":{},"geometry":{"coordinates":[[1.93489,48.51193],[1.93693,48.51258],[1.93887,48.51373],[1.93993,48.51419],[1.94176,48.51464],[1.94302,48.5147]],"type":"LineString"}},{"type":"Feature","properties":{},"geometry":{"coordinates":[[3.13249,48.94936],[3.13028,48.9476],[3.12856,48.94557],[3.12722,48.94477],[3.12625,48.94447],[3.12531,48.94441],[3.12274,48.94483],[3.12121,48.94496]],"type":"LineString"}},{"type":"Feature","properties":{},"geometry":{"coordinates":[[1.91174,49.00142],[1.90921,49.00059]],"type":"LineString"}},{"type":"Feature","properties":{},"geometry":{"coordinates":[[2.55613,48.67603],[2.55584,48.67601]],"type":"LineString"}},{"type":"Feature","properties":{},"geometry":{"coordinates":[[2.45194,48.71515],[2.4519,48.71492],[2.45163,48.71484],[2.45139,48.71491],[2.4513,48.71513]],"type":"LineString"}},{"type":"Feature","properties":{},"geometry":{"coordinates":[[2.1249,48.36186],[2.12594,48.36193],[2.1292,48.36246],[2.13215,48.36312],[2.13504,48.3629],[2.1382,48.36341]],"type":"LineString"}},{"type":"Feature","properties":{},"geometry":{"coordinates":[[2.38364,48.35794],[2.38323,48.35836],[2.38304,48.35895],[2.38323,48.3608]],"type":"LineString"}},{"type":"Feature","properties":{},"geometry":{"coordinates":[[2.81654,48.6641],[2.8164,48.66393],[2.81658,48.66355],[2.81844,48.66078],[2.81861,48.65972],[2.81839,48.65906],[2.8177,48.6583],[2.81658,48.65773],[2.81527,48.65743],[2.81374,48.65733],[2.81207,48.65751],[2.8049,48.65959],[2.80274,48.65985],[2.80139,48.65976],[2.80011,48.65953],[2.79455,48.65789],[2.79258,48.65772],[2.79167,48.65787],[2.79037,48.65839],[2.78907,48.65927],[2.78797,48.66034]],"type":"LineString"}},{"type":"Feature","properties":{},"geometry":{"coordinates":[[1.92702,48.50878],[1.92735,48.50861],[1.9281,48.50849]],"type":"LineString"}},{"type":"Feature","properties":{},"geometry":{"coordinates":[[2.82221,48.91107],[2.81433,48.91175],[2.81207,48.91213],[2.81086,48.9125],[2.80948,48.91311],[2.80765,48.91417],[2.80676,48.91483]],"type":"LineString"}},{"type":"Feature","properties":{},"geometry":{"coordinates":[[1.86096,48.90623],[1.8589,48.90685],[1.85804,48.90754],[1.8561,48.90854],[1.85497,48.90872]],"type":"LineString"}},{"type":"Feature","properties":{},"geometry":{"coordinates":[[1.8736,48.86067],[1.87331,48.8612],[1.87345,48.86304],[1.87296,48.86383],[1.87294,48.86418]],"type":"LineString"}},{"type":"Feature","properties":{},"geometry":{"coordinates":[[3.04272,48.99058],[3.04095,48.99253],[3.04047,48.99355],[3.04038,48.99443],[3.04075,48.99659]],"type":"LineString"}},{"type":"Feature","properties":{},"geometry":{"coordinates":[[2.59735,48.86659],[2.59404,48.86607]],"type":"LineString"}},{"type":"Feature","properties":{},"geometry":{"coordinates":[[3.45467,48.85608],[3.45372,48.85629],[3.45208,48.85688]],"type":"LineString"}},{"type":"Feature","properties":{},"geometry":{"coordinates":[[3.28218,48.79063],[3.28283,48.79069],[3.28351,48.79102],[3.28422,48.79113],[3.28448,48.79141],[3.28452,48.79183]],"type":"LineString"}},{"type":"Feature","properties":{},"geometry":{"coordinates":[[3.31442,48.77875],[3.3143,48.77911],[3.31443,48.77969],[3.31524,48.78089],[3.3151,48.78185],[3.31474,48.78231],[3.31394,48.78251],[3.31295,48.78245],[3.31102,48.78185],[3.31011,48.78136]],"type":"LineString"}},{"type":"Feature","properties":{},"geometry":{"coordinates":[[2.00254,48.97208],[2.00248,48.9744],[2.00166,48.97743],[2.00023,48.98043],[1.99833,48.98312],[1.99646,48.98474],[1.99421,48.9862],[1.99142,48.98771],[1.98596,48.99033],[1.98255,48.99241]],"type":"LineString"}},{"type":"Feature","properties":{},"geometry":{"coordinates":[[3.15891,48.9155],[3.15969,48.91608],[3.15985,48.91641],[3.1594,48.91775],[3.15879,48.91817],[3.15912,48.91906],[3.15895,48.9197]],"type":"LineString"}},{"type":"Feature","properties":{},"geometry":{"coordinates":[[3.32344,48.45578],[3.32341,48.45576]],"type":"LineString"}},{"type":"Feature","properties":{},"geometry":{"coordinates":[[3.37496,48.46239],[3.37353,48.46339],[3.37247,48.4639],[3.37128,48.46423],[3.36978,48.46433],[3.36853,48.46413],[3.36742,48.46376],[3.36362,48.46181],[3.36296,48.46164],[3.36213,48.4616],[3.36132,48.46184],[3.35984,48.46319],[3.35901,48.4636]],"type":"LineString"}},{"type":"Feature","properties":{},"geometry":{"coordinates":[[2.20902,48.58008],[2.20913,48.58084],[2.21004,48.5814],[2.21041,48.58184],[2.21086,48.58183]],"type":"LineString"}},{"type":"Feature","properties":{},"geometry":{"coordinates":[[2.29507,48.69548],[2.29707,48.69623],[2.29831,48.69651],[2.2997,48.69645],[2.30134,48.69609],[2.30332,48.69531],[2.30438,48.69469],[2.3062,48.69268],[2.30763,48.69165],[2.31156,48.68997],[2.31421,48.68919]],"type":"LineString"}},{"type":"Feature","properties":{},"geometry":{"coordinates":[[3.33732,48.77424],[3.33664,48.77436],[3.33545,48.77489],[3.33404,48.77465],[3.33345,48.77471],[3.33168,48.77559]],"type":"LineString"}},{"type":"Feature","properties":{},"geometry":{"coordinates":[[2.47487,48.60493],[2.47526,48.60512],[2.47487,48.60493]],"type":"LineString"}},{"type":"Feature","properties":{},"geometry":{"coordinates":[[2.2218,48.50614],[2.22197,48.50676],[2.22333,48.5082],[2.22403,48.50977],[2.22603,48.51091]],"type":"LineString"}},{"type":"Feature","properties":{},"geometry":{"coordinates":[[2.18245,48.45441],[2.1837,48.45502],[2.18385,48.45575],[2.1844,48.45585],[2.18519,48.45578]],"type":"LineString"}},{"type":"Feature","properties":{},"geometry":{"coordinates":[[1.94318,49.00644],[1.94683,49.00621],[1.95102,49.00562],[1.95517,49.0047],[1.95908,49.00354],[1.96192,49.00251],[1.96528,49.00108],[1.97406,48.99665],[1.97651,48.99561]],"type":"LineString"}},{"type":"Feature","properties":{},"geometry":{"coordinates":[[1.89593,48.99687],[1.89215,48.99642],[1.88763,48.9957],[1.8818,48.994]],"type":"LineString"}},{"type":"Feature","properties":{},"geometry":{"coordinates":[[1.76981,48.96644],[1.76504,48.9667]],"type":"LineString"}},{"type":"Feature","properties":{},"geometry":{"coordinates":[[2.95479,48.75373],[2.95521,48.75314]],"type":"LineString"}},{"type":"Feature","properties":{},"geometry":{"coordinates":[[2.8708,48.94284],[2.86664,48.93955],[2.86163,48.93584],[2.8602,48.93462],[2.85867,48.93307],[2.85163,48.92436],[2.85051,48.92231],[2.84913,48.91866]],"type":"LineString"}},{"type":"Feature","properties":{},"geometry":{"coordinates":[[3.01173,49.01254],[3.01096,49.01177],[3.01017,49.01035],[3.01018,49.00985],[3.01061,49.00916]],"type":"LineString"}},{"type":"Feature","properties":{},"geometry":{"coordinates":[[2.60585,48.86484],[2.59964,48.86648]],"type":"LineString"}},{"type":"Feature","properties":{},"geometry":{"coordinates":[[2.68987,48.3008],[2.68877,48.30238],[2.68827,48.30266],[2.68731,48.30286]],"type":"LineString"}},{"type":"Feature","properties":{},"geometry":{"coordinates":[[1.52697,49.0614],[1.52543,49.0631]],"type":"LineString"}},{"type":"Feature","properties":{},"geometry":{"coordinates":[[2.11282,48.7017],[2.11328,48.70146],[2.11419,48.70122]],"type":"LineString"}},{"type":"Feature","properties":{},"geometry":{"coordinates":[[2.32053,49.1488],[2.31939,49.14928],[2.31735,49.14975],[2.31278,49.15012],[2.30767,49.15086],[2.30383,49.15103]],"type":"LineString"}},{"type":"Feature","properties":{},"geometry":{"coordinates":[[3.02267,49.01393],[3.01995,49.01464],[3.01789,49.01482],[3.01613,49.01466],[3.01324,49.01385]],"type":"LineString"}},{"type":"Feature","properties":{},"geometry":{"coordinates":[[2.66089,48.87399],[2.66008,48.87334],[2.65881,48.87262],[2.65453,48.87087],[2.6526,48.86941]],"type":"LineString"}},{"type":"Feature","properties":{},"geometry":{"coordinates":[[3.41938,48.86582],[3.41827,48.86576],[3.41668,48.86589],[3.41555,48.86579],[3.41486,48.86504],[3.41343,48.86402]],"type":"LineString"}},{"type":"Feature","properties":{},"geometry":{"coordinates":[[2.99566,48.81299],[2.9928,48.81285]],"type":"LineString"}},{"type":"Feature","properties":{},"geometry":{"coordinates":[[2.29082,48.61864],[2.29162,48.61894]],"type":"LineString"}},{"type":"Feature","properties":{},"geometry":{"coordinates":[[3.18332,48.90271],[3.18369,48.9032],[3.1843,48.90352],[3.18463,48.90409],[3.18458,48.90493],[3.18419,48.90542]],"type":"LineString"}},{"type":"Feature","properties":{},"geometry":{"coordinates":[[2.08383,48.98893],[2.07171,48.9863]],"type":"LineString"}},{"type":"Feature","properties":{},"geometry":{"coordinates":[[1.83629,48.93976],[1.83455,48.94202]],"type":"LineString"}},{"type":"Feature","properties":{},"geometry":{"coordinates":[[3.39963,48.86638],[3.39659,48.86832],[3.39356,48.86975],[3.39092,48.87061],[3.38833,48.87101],[3.38588,48.87104],[3.38404,48.87084],[3.37956,48.86959],[3.37657,48.86858],[3.37585,48.86848],[3.37514,48.86856],[3.37386,48.86911],[3.37261,48.86994],[3.37004,48.87277],[3.36919,48.87341],[3.36833,48.87381]],"type":"LineString"}},{"type":"Feature","properties":{},"geometry":{"coordinates":[[2.0978,48.30303],[2.09772,48.3034],[2.09743,48.30373],[2.09548,48.30472],[2.09454,48.30499],[2.09152,48.30547],[2.09067,48.30575],[2.09018,48.30616],[2.08997,48.30688]],"type":"LineString"}},{"type":"Feature","properties":{},"geometry":{"coordinates":[[3.25397,48.88679],[3.25321,48.88662]],"type":"LineString"}},{"type":"Feature","properties":{},"geometry":{"coordinates":[[3.03393,48.95721],[3.03363,48.95728]],"type":"LineString"}},{"type":"Feature","properties":{},"geometry":{"coordinates":[[3.23988,48.89528],[3.23781,48.89657],[3.23637,48.89779],[3.23514,48.89852],[3.234,48.89947],[3.23332,48.89987],[3.23228,48.90008],[3.23032,48.89984],[3.22933,48.89989]],"type":"LineString"}},{"type":"Feature","properties":{},"geometry":{"coordinates":[[3.10581,48.3481],[3.10494,48.34847],[3.10356,48.3494],[3.10196,48.35091],[3.10115,48.35237],[3.10041,48.3552],[3.09981,48.35603],[3.09912,48.35656],[3.09732,48.35726],[3.09529,48.3576],[3.08942,48.35781],[3.08722,48.35807],[3.08553,48.35849],[3.08155,48.36],[3.07944,48.36046],[3.07767,48.36049],[3.07583,48.36025],[3.07006,48.35862],[3.06774,48.35813],[3.06479,48.3578],[3.06294,48.35774],[3.06092,48.35785],[3.05912,48.35813],[3.05306,48.35993],[3.05117,48.36027],[3.05031,48.36021]],"type":"LineString"}},{"type":"Feature","properties":{},"geometry":{"coordinates":[[2.9256,48.9446],[2.92035,48.94227],[2.91572,48.93947],[2.91371,48.93855],[2.90757,48.93665],[2.90122,48.93556]],"type":"LineString"}},{"type":"Feature","properties":{},"geometry":{"coordinates":[[2.75133,48.92238],[2.75022,48.92239],[2.74789,48.92302],[2.74592,48.92313]],"type":"LineString"}},{"type":"Feature","properties":{},"geometry":{"coordinates":[[2.84924,48.88707],[2.84863,48.88734],[2.84712,48.88757],[2.84534,48.88834],[2.84198,48.8887],[2.84024,48.88903]],"type":"LineString"}},{"type":"Feature","properties":{},"geometry":{"coordinates":[[2.7426,48.88311],[2.73733,48.88289],[2.72994,48.8832],[2.72413,48.88295],[2.72013,48.88257],[2.713,48.8815],[2.70569,48.88072]],"type":"LineString"}},{"type":"Feature","properties":{},"geometry":{"coordinates":[[3.31263,48.86135],[3.31172,48.86093],[3.31061,48.86076],[3.3071,48.86232],[3.30612,48.8625]],"type":"LineString"}},{"type":"Feature","properties":{},"geometry":{"coordinates":[[2.5087,48.81002],[2.51084,48.80963],[2.51401,48.80933]],"type":"LineString"}},{"type":"Feature","properties":{},"geometry":{"coordinates":[[3.30956,48.78141],[3.3092,48.78124],[3.30886,48.78074],[3.30807,48.78033],[3.30767,48.77997]],"type":"LineString"}},{"type":"Feature","properties":{},"geometry":{"coordinates":[[2.4558,48.71393],[2.45313,48.71491],[2.45194,48.71515]],"type":"LineString"}},{"type":"Feature","properties":{},"geometry":{"coordinates":[[2.18135,48.44898],[2.18224,48.44983]],"type":"LineString"}},{"type":"Feature","properties":{},"geometry":{"coordinates":[[1.61963,49.00846],[1.61746,49.00933],[1.61526,49.01086],[1.61381,49.01247],[1.61274,49.01451],[1.61237,49.0163],[1.61246,49.01913],[1.61283,49.02072],[1.61399,49.02371]],"type":"LineString"}},{"type":"Feature","properties":{},"geometry":{"coordinates":[[1.94318,49.00644],[1.93792,49.00649],[1.93485,49.00625],[1.92867,49.00519],[1.92313,49.00403]],"type":"LineString"}},{"type":"Feature","properties":{},"geometry":{"coordinates":[[1.99378,48.70876],[1.99364,48.70793],[1.99372,48.70725],[1.99393,48.70681],[1.99444,48.70631],[1.99574,48.70558],[1.99853,48.70496],[1.99952,48.70459],[2.00052,48.7038],[2.00126,48.70269]],"type":"LineString"}},{"type":"Feature","properties":{},"geometry":{"coordinates":[[2.92145,48.67732],[2.92111,48.67716],[2.92051,48.67655]],"type":"LineString"}},{"type":"Feature","properties":{},"geometry":{"coordinates":[[2.83442,48.89976],[2.83259,48.89998],[2.83126,48.90053]],"type":"LineString"}},{"type":"Feature","properties":{},"geometry":{"coordinates":[[2.36159,48.45098],[2.36154,48.45116],[2.36127,48.4513],[2.36029,48.45151],[2.35313,48.45162],[2.35025,48.45206],[2.34883,48.45248],[2.34718,48.45326],[2.34658,48.45373],[2.34599,48.45462],[2.34564,48.4559],[2.3456,48.45739],[2.34691,48.46374],[2.34671,48.46817],[2.34683,48.46903],[2.3473,48.47053],[2.34956,48.47381],[2.34995,48.47483]],"type":"LineString"}},{"type":"Feature","properties":{},"geometry":{"coordinates":[[2.71072,48.22348],[2.71065,48.22446],[2.71105,48.22533]],"type":"LineString"}},{"type":"Feature","properties":{},"geometry":{"coordinates":[[2.71925,48.19654],[2.71885,48.1969],[2.71749,48.19745],[2.71724,48.19782],[2.71726,48.19825]],"type":"LineString"}},{"type":"Feature","properties":{},"geometry":{"coordinates":[[2.84834,48.91752],[2.84811,48.91635],[2.84837,48.91524]],"type":"LineString"}},{"type":"Feature","properties":{},"geometry":{"coordinates":[[3.18137,48.80905],[3.18099,48.80944]],"type":"LineString"}},{"type":"Feature","properties":{},"geometry":{"coordinates":[[2.35283,48.53699],[2.3542,48.53712],[2.35618,48.53684],[2.3569,48.53661]],"type":"LineString"}},{"type":"Feature","properties":{},"geometry":{"coordinates":[[2.20586,48.48895],[2.20608,48.4895],[2.20773,48.49045],[2.209,48.49195],[2.21054,48.49344],[2.21348,48.49559],[2.21476,48.49633]],"type":"LineString"}},{"type":"Feature","properties":{},"geometry":{"coordinates":[[2.14178,48.38617],[2.14207,48.38696],[2.14173,48.38869],[2.142,48.38992],[2.14242,48.39088],[2.14339,48.39147],[2.14336,48.3923],[2.14372,48.39406],[2.14402,48.39464],[2.14446,48.39498]],"type":"LineString"}},{"type":"Feature","properties":{},"geometry":{"coordinates":[[2.33708,48.66744],[2.33796,48.66762],[2.33838,48.66754]],"type":"LineString"}},{"type":"Feature","properties":{},"geometry":{"coordinates":[[2.11064,48.88764],[2.10994,48.88833],[2.10904,48.88961]],"type":"LineString"}},{"type":"Feature","properties":{},"geometry":{"coordinates":[[2.94827,48.67931],[2.94498,48.67899],[2.94148,48.67827],[2.94052,48.67796],[2.93966,48.67737],[2.93913,48.67662],[2.93894,48.67578],[2.93916,48.67484]],"type":"LineString"}},{"type":"Feature","properties":{},"geometry":{"coordinates":[[1.9281,48.50849],[1.92912,48.5083],[1.92977,48.50849],[1.93015,48.50948],[1.93079,48.51035],[1.93116,48.51073],[1.93163,48.5109]],"type":"LineString"}},{"type":"Feature","properties":{},"geometry":{"coordinates":[[2.83964,48.90001],[2.83442,48.89976]],"type":"LineString"}},{"type":"Feature","properties":{},"geometry":{"coordinates":[[2.81885,48.90022],[2.81891,48.90041]],"type":"LineString"}},{"type":"Feature","properties":{},"geometry":{"coordinates":[[2.2204,49.12705],[2.21835,49.12519],[2.21725,49.12398]],"type":"LineString"}},{"type":"Feature","properties":{},"geometry":{"coordinates":[[1.8742,48.83141],[1.87402,48.83202],[1.87445,48.83282],[1.87462,48.83375],[1.8751,48.83439],[1.87567,48.8346]],"type":"LineString"}},{"type":"Feature","properties":{},"geometry":{"coordinates":[[2.0642,49.00832],[2.06719,49.00641],[2.06913,49.0048],[2.0706,49.00319],[2.07162,49.00133],[2.072,48.99933],[2.07167,48.99474],[2.07212,48.99109],[2.07164,48.98738],[2.07171,48.9863]],"type":"LineString"}},{"type":"Feature","properties":{},"geometry":{"coordinates":[[3.27124,48.88635],[3.26926,48.88703],[3.26799,48.88724]],"type":"LineString"}},{"type":"Feature","properties":{},"geometry":{"coordinates":[[2.54978,48.69172],[2.54941,48.69179],[2.5484,48.69248],[2.54655,48.69302]],"type":"LineString"}},{"type":"Feature","properties":{},"geometry":{"coordinates":[[2.38564,48.34645],[2.38563,48.34717],[2.38494,48.3487],[2.38524,48.34952]],"type":"LineString"}},{"type":"Feature","properties":{},"geometry":{"coordinates":[[1.90921,49.00059],[1.89593,48.99687]],"type":"LineString"}},{"type":"Feature","properties":{},"geometry":{"coordinates":[[2.26257,48.83382],[2.26066,48.83191]],"type":"LineString"}},{"type":"Feature","properties":{},"geometry":{"coordinates":[[2.40841,48.81692],[2.40729,48.81744],[2.4022,48.81925],[2.39879,48.82063],[2.39599,48.82201],[2.39278,48.82396],[2.38936,48.82638],[2.38476,48.82994],[2.37846,48.83497],[2.3706,48.84159],[2.36443,48.84621]],"type":"LineString"}},{"type":"Feature","properties":{},"geometry":{"coordinates":[[2.47753,48.61877],[2.47467,48.62196],[2.47217,48.62415],[2.46964,48.62599],[2.46599,48.62794]],"type":"LineString"}},{"type":"Feature","properties":{},"geometry":{"coordinates":[[1.86382,48.90335],[1.86291,48.90495],[1.86096,48.90623]],"type":"LineString"}},{"type":"Feature","properties":{},"geometry":{"coordinates":[[2.27837,48.69533],[2.28064,48.69538],[2.28231,48.69561]],"type":"LineString"}},{"type":"Feature","properties":{},"geometry":{"coordinates":[[3.09378,48.9508],[3.09265,48.95065],[3.09159,48.95069],[3.08904,48.95135],[3.0858,48.95197]],"type":"LineString"}},{"type":"Feature","properties":{},"geometry":{"coordinates":[[2.75935,48.88665],[2.75502,48.88432],[2.75374,48.88396],[2.75216,48.8838]],"type":"LineString"}},{"type":"Feature","properties":{},"geometry":{"coordinates":[[3.365,48.87327],[3.36357,48.87319],[3.36316,48.87342]],"type":"LineString"}},{"type":"Feature","properties":{},"geometry":{"coordinates":[[3.26184,48.79998],[3.26099,48.79921],[3.26,48.79723],[3.2602,48.79556],[3.26055,48.79494]],"type":"LineString"}},{"type":"Feature","properties":{},"geometry":{"coordinates":[[2.34607,48.4864],[2.34646,48.48716],[2.34689,48.48758],[2.34753,48.48752],[2.34833,48.4871]],"type":"LineString"}},{"type":"Feature","properties":{},"geometry":{"coordinates":[[2.32935,48.66785],[2.33168,48.66686],[2.33308,48.66663],[2.33573,48.6669],[2.33708,48.66744]],"type":"LineString"}},{"type":"Feature","properties":{},"geometry":{"coordinates":[[2.17615,48.97533],[2.17491,48.97716]],"type":"LineString"}},{"type":"Feature","properties":{},"geometry":{"coordinates":[[2.22696,48.82832],[2.2259,48.83109],[2.22405,48.83514],[2.2234,48.83756],[2.22336,48.83899],[2.22354,48.84034],[2.22482,48.84531],[2.2252,48.84779],[2.22513,48.84974],[2.22453,48.85296],[2.22442,48.8548],[2.22496,48.85747],[2.22646,48.86114],[2.22853,48.8651],[2.22968,48.86681],[2.23077,48.86802]],"type":"LineString"}},{"type":"Feature","properties":{},"geometry":{"coordinates":[[1.95833,48.52781],[1.95866,48.52808],[1.95942,48.52826],[1.95944,48.52859]],"type":"LineString"}},{"type":"Feature","properties":{},"geometry":{"coordinates":[[2.15652,48.69909],[2.15872,48.69965],[2.16138,48.70006],[2.16532,48.69981]],"type":"LineString"}},{"type":"Feature","properties":{},"geometry":{"coordinates":[[1.62697,49.00658],[1.62343,49.00732],[1.61963,49.00846]],"type":"LineString"}},{"type":"Feature","properties":{},"geometry":{"coordinates":[[2.00212,48.9456],[2.00242,48.95062],[2.00238,48.95749],[2.00311,48.96519],[2.00283,48.97119],[2.00254,48.97208]],"type":"LineString"}},{"type":"Feature","properties":{},"geometry":{"coordinates":[[2.83903,48.38561],[2.83689,48.38695],[2.83494,48.38798],[2.83088,48.38934],[2.82912,48.39008],[2.82631,48.39185]],"type":"LineString"}},{"type":"Feature","properties":{},"geometry":{"coordinates":[[3.00097,48.70777],[3.00079,48.70736]],"type":"LineString"}},{"type":"Feature","properties":{},"geometry":{"coordinates":[[2.3543,48.49203],[2.35471,48.49237],[2.35612,48.49286],[2.35647,48.49313],[2.35676,48.49399],[2.35763,48.49504],[2.35853,48.49699],[2.35915,48.49787],[2.3593,48.49876]],"type":"LineString"}},{"type":"Feature","properties":{},"geometry":{"coordinates":[[2.34401,48.48607],[2.34456,48.48632],[2.34607,48.4864]],"type":"LineString"}},{"type":"Feature","properties":{},"geometry":{"coordinates":[[2.34572,48.48345],[2.3456,48.48433],[2.34463,48.48483]],"type":"LineString"}},{"type":"Feature","properties":{},"geometry":{"coordinates":[[2.28413,48.90224],[2.28888,48.90437],[2.29148,48.90581],[2.29559,48.90836],[2.2991,48.91004],[2.3016,48.91086],[2.30785,48.91229],[2.31279,48.91368],[2.31803,48.91539],[2.32056,48.91652]],"type":"LineString"}},{"type":"Feature","properties":{},"geometry":{"coordinates":[[2.5365,48.5568],[2.53925,48.55887],[2.54209,48.56047]],"type":"LineString"}},{"type":"Feature","properties":{},"geometry":{"coordinates":[[2.96068,48.74689],[2.96131,48.74681],[2.96255,48.74688],[2.96619,48.74745],[2.96734,48.74723],[2.96807,48.74667],[2.96913,48.74509],[2.9697,48.74452],[2.97056,48.74414],[2.97301,48.74356],[2.97455,48.74291],[2.97546,48.7422],[2.97674,48.74041],[2.97741,48.73977],[2.97907,48.73878],[2.98093,48.73813],[2.98309,48.73782],[2.98707,48.73778],[2.98918,48.73814],[2.99009,48.73848],[2.99105,48.73907]],"type":"LineString"}},{"type":"Feature","properties":{},"geometry":{"coordinates":[[3.1775,48.4226],[3.17241,48.42141]],"type":"LineString"}},{"type":"Feature","properties":{},"geometry":{"coordinates":[[2.09048,48.70453],[2.09108,48.70448],[2.09154,48.7048]],"type":"LineString"}},{"type":"Feature","properties":{},"geometry":{"coordinates":[[1.84784,48.92347],[1.84668,48.92464],[1.84367,48.92649],[1.84294,48.92718],[1.84249,48.92784],[1.84237,48.92831],[1.84249,48.92882],[1.84368,48.93028],[1.84394,48.93089],[1.84387,48.9317],[1.84332,48.93292],[1.84247,48.93352],[1.83918,48.93486]],"type":"LineString"}},{"type":"Feature","properties":{},"geometry":{"coordinates":[[2.59964,48.86648],[2.59828,48.86671],[2.59735,48.86659]],"type":"LineString"}},{"type":"Feature","properties":{},"geometry":{"coordinates":[[2.16532,48.69981],[2.16887,48.7003],[2.1717,48.70047],[2.18019,48.69991],[2.18312,48.69997],[2.19478,48.70096],[2.20334,48.7023],[2.20596,48.70255],[2.21511,48.70206],[2.2252,48.70176],[2.2322,48.7014],[2.23427,48.70143],[2.23665,48.7017],[2.23931,48.70241],[2.2412,48.70333],[2.24236,48.70432]],"type":"LineString"}},{"type":"Feature","properties":{},"geometry":{"coordinates":[[2.46875,48.80319],[2.46833,48.80398],[2.46758,48.80479],[2.46404,48.80741],[2.4619,48.8087],[2.45834,48.8104],[2.45687,48.81131]],"type":"LineString"}},{"type":"Feature","properties":{},"geometry":{"coordinates":[[2.4621,48.60003],[2.46224,48.59966],[2.46213,48.59893],[2.46289,48.59843],[2.46297,48.59795]],"type":"LineString"}},{"type":"Feature","properties":{},"geometry":{"coordinates":[[2.44334,48.57788],[2.44474,48.57857],[2.44555,48.57878],[2.44924,48.5786],[2.45058,48.57867]],"type":"LineString"}},{"type":"Feature","properties":{},"geometry":{"coordinates":[[2.31902,48.68519],[2.31962,48.68496]],"type":"LineString"}},{"type":"Feature","properties":{},"geometry":{"coordinates":[[3.27092,48.79255],[3.2706,48.79301],[3.26994,48.7935]],"type":"LineString"}},{"type":"Feature","properties":{},"geometry":{"coordinates":[[1.78472,48.96758],[1.78219,48.96689],[1.77856,48.96653]],"type":"LineString"}},{"type":"Feature","properties":{},"geometry":{"coordinates":[[2.66693,48.53184],[2.66328,48.53355],[2.65646,48.53573],[2.65256,48.53654],[2.64912,48.53673]],"type":"LineString"}},{"type":"Feature","properties":{},"geometry":{"coordinates":[[3.23426,48.41811],[3.23211,48.41868],[3.23064,48.41935]],"type":"LineString"}},{"type":"Feature","properties":{},"geometry":{"coordinates":[[2.33906,48.94162],[2.33832,48.94262]],"type":"LineString"}},{"type":"Feature","properties":{},"geometry":{"coordinates":[[2.21178,49.11463],[2.21115,49.11286],[2.21133,49.11198]],"type":"LineString"}},{"type":"Feature","properties":{},"geometry":{"coordinates":[[3.01528,48.95418],[3.0145,48.95345],[3.01362,48.95312],[3.01298,48.9531],[3.01245,48.95322],[3.01196,48.95344],[3.01173,48.95371]],"type":"LineString"}},{"type":"Feature","properties":{},"geometry":{"coordinates":[[2.90617,48.85543],[2.90264,48.85588],[2.90139,48.85615],[2.8974,48.85767],[2.89284,48.85911],[2.88841,48.86111],[2.88568,48.86178]],"type":"LineString"}},{"type":"Feature","properties":{},"geometry":{"coordinates":[[3.01536,48.81903],[3.01413,48.81804],[3.01346,48.81768],[3.01104,48.8168],[3.00882,48.81632],[3.00806,48.81581]],"type":"LineString"}},{"type":"Feature","properties":{},"geometry":{"coordinates":[[2.44116,48.81627],[2.43882,48.81676],[2.43765,48.81683],[2.43654,48.81674],[2.434,48.81622]],"type":"LineString"}},{"type":"Feature","properties":{},"geometry":{"coordinates":[[3.34334,48.86248],[3.3425,48.86162],[3.34174,48.86114],[3.34065,48.86077],[3.33861,48.86034],[3.33796,48.8603],[3.3374,48.86045],[3.33663,48.86131],[3.33622,48.86155],[3.33542,48.86175],[3.33464,48.86177],[3.33162,48.86153],[3.32788,48.86041],[3.32529,48.85992]],"type":"LineString"}},{"type":"Feature","properties":{},"geometry":{"coordinates":[[2.46984,48.58725],[2.46863,48.58901],[2.4681,48.59042],[2.46801,48.59155],[2.46838,48.59322],[2.46811,48.59424],[2.46764,48.59475],[2.46687,48.59521],[2.46623,48.59538],[2.46455,48.59545],[2.4639,48.59572],[2.46345,48.59628],[2.46297,48.59795]],"type":"LineString"}},{"type":"Feature","properties":{},"geometry":{"coordinates":[[1.79259,48.96993],[1.79106,48.96969],[1.78895,48.96913],[1.78472,48.96758]],"type":"LineString"}},{"type":"Feature","properties":{},"geometry":{"coordinates":[[2.52241,48.57323],[2.52063,48.57302],[2.51812,48.57241],[2.50883,48.56959],[2.50467,48.56852],[2.50016,48.56765],[2.49653,48.56733],[2.49431,48.56738],[2.49191,48.56764],[2.48845,48.56846],[2.48691,48.56908],[2.48554,48.56982],[2.48429,48.5707],[2.48288,48.57201],[2.48167,48.57358],[2.48095,48.57494],[2.48048,48.57683],[2.4806,48.57854],[2.48131,48.58081],[2.48371,48.58575],[2.4845,48.58778],[2.48494,48.58996],[2.4853,48.59426],[2.48594,48.59662],[2.48706,48.59863],[2.48964,48.60212],[2.49026,48.60352],[2.49048,48.60538],[2.4902,48.60677],[2.48977,48.60782],[2.48898,48.60911],[2.48787,48.61045],[2.48564,48.61248],[2.48184,48.61513]],"type":"LineString"}},{"type":"Feature","properties":{},"geometry":{"coordinates":[[2.57041,48.53312],[2.56696,48.53418],[2.56298,48.53515],[2.5577,48.53606],[2.54876,48.53729]],"type":"LineString"}},{"type":"Feature","properties":{},"geometry":{"coordinates":[[2.76599,48.47801],[2.7635,48.48042],[2.7604,48.48283],[2.75872,48.48374],[2.75462,48.48538]],"type":"LineString"}},{"type":"Feature","properties":{},"geometry":{"coordinates":[[2.37932,48.42482],[2.37986,48.42723],[2.37981,48.42788],[2.37948,48.42858],[2.37763,48.43102],[2.37554,48.43314],[2.37413,48.43397],[2.37217,48.43466]],"type":"LineString"}},{"type":"Feature","properties":{},"geometry":{"coordinates":[[2.44772,48.72005],[2.44831,48.72168],[2.44814,48.72276],[2.44786,48.72332],[2.44659,48.72455],[2.44299,48.7266]],"type":"LineString"}},{"type":"Feature","properties":{},"geometry":{"coordinates":[[2.14446,48.39498],[2.14536,48.39586]],"type":"LineString"}},{"type":"Feature","properties":{},"geometry":{"coordinates":[[2.99105,48.73907],[2.99154,48.739],[2.99424,48.73936],[2.99522,48.73926],[2.99579,48.73899],[2.99775,48.73747],[2.99863,48.73711],[2.99954,48.73698],[3.00181,48.73714],[3.00458,48.73798],[3.00559,48.73817],[3.00697,48.73818],[3.009,48.73799]],"type":"LineString"}},{"type":"Feature","properties":{},"geometry":{"coordinates":[[2.98798,48.69894],[2.98723,48.6992],[2.98416,48.6995],[2.98297,48.69977],[2.9821,48.69976],[2.98109,48.69957],[2.98017,48.69926],[2.97941,48.69881],[2.97881,48.69815],[2.97815,48.69703],[2.97604,48.69573],[2.9745,48.6952],[2.97333,48.6951],[2.97262,48.69516]],"type":"LineString"}},{"type":"Feature","properties":{},"geometry":{"coordinates":[[3.29074,48.87777],[3.28953,48.87767],[3.28664,48.87798],[3.28372,48.87856],[3.2821,48.87932],[3.27949,48.87947],[3.2779,48.87988],[3.2773,48.88028],[3.27651,48.88115],[3.2732,48.88538],[3.27223,48.88611],[3.27124,48.88635]],"type":"LineString"}},{"type":"Feature","properties":{},"geometry":{"coordinates":[[3.0795,48.81387],[3.07841,48.81541],[3.07724,48.81792],[3.07697,48.82056],[3.07671,48.82112],[3.07631,48.82149],[3.07565,48.82182],[3.07377,48.82214],[3.0726,48.82208],[3.07157,48.82184],[3.0691,48.82079],[3.06791,48.82007],[3.06663,48.81882],[3.0661,48.81811],[3.06489,48.81508],[3.06446,48.81442]],"type":"LineString"}},{"type":"Feature","properties":{},"geometry":{"coordinates":[[2.32592,48.51884],[2.32592,48.51786],[2.3263,48.51763],[2.32707,48.51766],[2.33359,48.51923],[2.33608,48.52012],[2.33838,48.52115],[2.33963,48.52206],[2.34114,48.52379],[2.34216,48.52524],[2.34263,48.52658],[2.34253,48.52734],[2.34219,48.52802]],"type":"LineString"}},{"type":"Feature","properties":{},"geometry":{"coordinates":[[2.38312,48.36178],[2.38297,48.36257],[2.38342,48.36374],[2.38371,48.36411],[2.38441,48.36442]],"type":"LineString"}},{"type":"Feature","properties":{},"geometry":{"coordinates":[[2.09727,49.04075],[2.09714,49.04054]],"type":"LineString"}},{"type":"Feature","properties":{},"geometry":{"coordinates":[[2.04106,49.03693],[2.03964,49.03554],[2.03842,49.03405],[2.03777,49.0329],[2.03746,49.03193],[2.03743,49.03101],[2.03774,49.02978],[2.03927,49.02734],[2.04259,49.02356],[2.04498,49.02153],[2.05027,49.01765],[2.05987,49.01154],[2.0642,49.00832]],"type":"LineString"}},{"type":"Feature","properties":{},"geometry":{"coordinates":[[2.90892,48.8551],[2.90792,48.85506],[2.90642,48.85538]],"type":"LineString"}},{"type":"Feature","properties":{},"geometry":{"coordinates":[[2.55588,48.85427],[2.55121,48.85455],[2.54669,48.85447],[2.54493,48.85422],[2.5416,48.85323],[2.54014,48.85305],[2.53815,48.8532],[2.5353,48.85375]],"type":"LineString"}},{"type":"Feature","properties":{},"geometry":{"coordinates":[[3.18155,48.80887],[3.18137,48.80905]],"type":"LineString"}},{"type":"Feature","properties":{},"geometry":{"coordinates":[[2.10895,48.88975],[2.10811,48.89095],[2.10777,48.89235],[2.10789,48.89381],[2.10847,48.89601],[2.10867,48.90045]],"type":"LineString"}},{"type":"Feature","properties":{},"geometry":{"coordinates":[[2.70798,48.48309],[2.70329,48.48188],[2.69948,48.4814],[2.69456,48.48135],[2.69188,48.48154],[2.68981,48.48182],[2.68523,48.48288],[2.68271,48.48367],[2.6808,48.48441],[2.67791,48.48597],[2.67473,48.48842]],"type":"LineString"}},{"type":"Feature","properties":{},"geometry":{"coordinates":[[1.97651,48.71448],[1.97664,48.71424],[1.9771,48.71395],[1.97748,48.71394],[1.97835,48.71417],[1.97924,48.7141],[1.98005,48.71359]],"type":"LineString"}},{"type":"Feature","properties":{},"geometry":{"coordinates":[[2.33919,48.94145],[2.33906,48.94162]],"type":"LineString"}},{"type":"Feature","properties":{},"geometry":{"coordinates":[[2.5836,48.86556],[2.57342,48.86521],[2.56993,48.86469],[2.56741,48.86399],[2.5659,48.86318],[2.56541,48.86263],[2.56524,48.86211],[2.56534,48.86142],[2.56658,48.8583],[2.56685,48.8572],[2.56665,48.85615],[2.56615,48.85558],[2.56535,48.8551],[2.56425,48.85469],[2.56183,48.85414],[2.55904,48.85398],[2.55588,48.85427]],"type":"LineString"}},{"type":"Feature","properties":{},"geometry":{"coordinates":[[3.32878,48.77663],[3.32805,48.77692],[3.3257,48.77739],[3.324,48.77756],[3.32167,48.77744],[3.31835,48.77691]],"type":"LineString"}},{"type":"Feature","properties":{},"geometry":{"coordinates":[[2.50812,48.78417],[2.50713,48.7842]],"type":"LineString"}},{"type":"Feature","properties":{},"geometry":{"coordinates":[[2.23274,48.86969],[2.23366,48.87078],[2.23547,48.87237],[2.24498,48.87949],[2.25206,48.88528],[2.25576,48.88864],[2.2576,48.89]],"type":"LineString"}},{"type":"Feature","properties":{},"geometry":{"coordinates":[[2.27179,48.699],[2.27245,48.69845],[2.27249,48.69773],[2.27213,48.69655]],"type":"LineString"}},{"type":"Feature","properties":{},"geometry":{"coordinates":[[2.36076,48.44206],[2.36082,48.44276],[2.36135,48.44359],[2.36145,48.44436],[2.36192,48.4451],[2.36175,48.44541],[2.36073,48.44626]],"type":"LineString"}},{"type":"Feature","properties":{},"geometry":{"coordinates":[[2.72946,48.1826],[2.72931,48.18308],[2.72896,48.18334]],"type":"LineString"}},{"type":"Feature","properties":{},"geometry":{"coordinates":[[2.42165,48.81651],[2.41956,48.81676],[2.41599,48.81632],[2.41439,48.81624],[2.41276,48.81632],[2.41057,48.81659]],"type":"LineString"}},{"type":"Feature","properties":{},"geometry":{"coordinates":[[2.15655,48.41947],[2.15935,48.42179],[2.16566,48.42593],[2.16806,48.42783],[2.16935,48.42937],[2.17083,48.4324]],"type":"LineString"}},{"type":"Feature","properties":{},"geometry":{"coordinates":[[1.98979,48.71062],[1.99162,48.71038],[1.99318,48.7094]],"type":"LineString"}},{"type":"Feature","properties":{},"geometry":{"coordinates":[[3.25321,48.88662],[3.25292,48.88659]],"type":"LineString"}},{"type":"Feature","properties":{},"geometry":{"coordinates":[[2.20913,49.10086],[2.20968,49.09702]],"type":"LineString"}},{"type":"Feature","properties":{},"geometry":{"coordinates":[[2.13964,49.06649],[2.1371,49.06691],[2.13492,49.06696],[2.13286,49.06665],[2.13076,49.0659],[2.12304,49.06198],[2.12007,49.06029],[2.11868,49.05924],[2.11443,49.05545],[2.11069,49.05285]],"type":"LineString"}},{"type":"Feature","properties":{},"geometry":{"coordinates":[[3.0858,48.95197],[3.08454,48.95206]],"type":"LineString"}},{"type":"Feature","properties":{},"geometry":{"coordinates":[[3.10285,48.94991],[3.10178,48.95029],[3.09848,48.95053],[3.09652,48.95089]],"type":"LineString"}},{"type":"Feature","properties":{},"geometry":{"coordinates":[[2.26906,48.60739],[2.27071,48.60795],[2.27205,48.6087],[2.27582,48.61283],[2.27753,48.61426],[2.27848,48.61484],[2.28064,48.61576],[2.28286,48.61641],[2.2841,48.61662],[2.28724,48.61684]],"type":"LineString"}},{"type":"Feature","properties":{},"geometry":{"coordinates":[[2.20198,48.48655],[2.20335,48.48648],[2.20407,48.487]],"type":"LineString"}},{"type":"Feature","properties":{},"geometry":{"coordinates":[[2.39213,48.33029],[2.39258,48.33086],[2.39426,48.33189]],"type":"LineString"}},{"type":"Feature","properties":{},"geometry":{"coordinates":[[1.7425,48.97108],[1.74023,48.97228],[1.7382,48.97358],[1.73213,48.97844],[1.72983,48.98061],[1.72856,48.98251]],"type":"LineString"}},{"type":"Feature","properties":{},"geometry":{"coordinates":[[2.85128,48.37511],[2.8495,48.37611],[2.84786,48.37733],[2.84359,48.38189],[2.84087,48.38427],[2.83903,48.38561]],"type":"LineString"}},{"type":"Feature","properties":{},"geometry":{"coordinates":[[3.18614,48.89885],[3.18579,48.8994],[3.1849,48.89994],[3.18468,48.90046]],"type":"LineString"}},{"type":"Feature","properties":{},"geometry":{"coordinates":[[2.03805,48.70524],[2.03905,48.70548],[2.04122,48.70567],[2.0437,48.70616],[2.04463,48.70624],[2.0454,48.70614],[2.04749,48.70543],[2.04929,48.70502],[2.05033,48.70499],[2.05234,48.70534]],"type":"LineString"}},{"type":"Feature","properties":{},"geometry":{"coordinates":[[2.14536,48.39586],[2.14539,48.39694],[2.14467,48.39741],[2.14458,48.39774],[2.14462,48.39855],[2.14519,48.39933]],"type":"LineString"}},{"type":"Feature","properties":{},"geometry":{"coordinates":[[2.74622,48.42112],[2.74592,48.42647],[2.74553,48.42856]],"type":"LineString"}},{"type":"Feature","properties":{},"geometry":{"coordinates":[[2.74697,48.33397],[2.74819,48.33414],[2.74905,48.33449]],"type":"LineString"}},{"type":"Feature","properties":{},"geometry":{"coordinates":[[2.90058,48.36965],[2.89774,48.36961]],"type":"LineString"}},{"type":"Feature","properties":{},"geometry":{"coordinates":[[2.7831,48.94705],[2.78115,48.94632],[2.78071,48.94602]],"type":"LineString"}},{"type":"Feature","properties":{},"geometry":{"coordinates":[[3.32529,48.85992],[3.32416,48.85945],[3.32204,48.85927],[3.31707,48.85966]],"type":"LineString"}},{"type":"Feature","properties":{},"geometry":{"coordinates":[[3.30767,48.77997],[3.30706,48.7797],[3.30608,48.77958],[3.30425,48.7796],[3.30181,48.77997]],"type":"LineString"}},{"type":"Feature","properties":{},"geometry":{"coordinates":[[2.15652,48.94351],[2.1598,48.94552],[2.16831,48.95022],[2.17133,48.95213],[2.17315,48.95347],[2.17498,48.95507],[2.17692,48.95744],[2.17755,48.95857],[2.17806,48.95998],[2.17851,48.96341],[2.17941,48.96693],[2.17951,48.9684],[2.17928,48.96967],[2.17871,48.97107],[2.17615,48.97533]],"type":"LineString"}},{"type":"Feature","properties":{},"geometry":{"coordinates":[[3.02644,48.73048],[3.02627,48.72976],[3.02642,48.72916],[3.02725,48.72786],[3.02854,48.7269],[3.02888,48.72648],[3.02882,48.72595],[3.0282,48.7254]],"type":"LineString"}},{"type":"Feature","properties":{},"geometry":{"coordinates":[[2.92119,48.6564],[2.91672,48.65539],[2.90813,48.65283],[2.90512,48.65153],[2.90146,48.64906],[2.90039,48.64864],[2.89916,48.6484],[2.89702,48.6485],[2.89486,48.64913],[2.89334,48.65008],[2.89098,48.65232],[2.89012,48.65289],[2.88925,48.65327],[2.88746,48.65367],[2.88549,48.65372]],"type":"LineString"}},{"type":"Feature","properties":{},"geometry":{"coordinates":[[2.83366,48.89151],[2.83291,48.89184],[2.83067,48.89237],[2.82958,48.89293],[2.8292,48.89359],[2.82933,48.89489],[2.82913,48.8952],[2.82868,48.89547],[2.82712,48.89582],[2.82433,48.89607],[2.82298,48.89659],[2.82182,48.89757],[2.82144,48.8982],[2.82138,48.89865]],"type":"LineString"}},{"type":"Feature","properties":{},"geometry":{"coordinates":[[2.81808,48.37798],[2.81654,48.37878],[2.81172,48.38089],[2.81001,48.3818],[2.8034,48.38602],[2.80258,48.38676],[2.80193,48.38777]],"type":"LineString"}},{"type":"Feature","properties":{},"geometry":{"coordinates":[[3.32341,48.45576],[3.32362,48.45461],[3.32347,48.45338],[3.32143,48.44902],[3.32142,48.44835],[3.32181,48.44768]],"type":"LineString"}},{"type":"Feature","properties":{},"geometry":{"coordinates":[[2.45674,48.71314],[2.4558,48.71393]],"type":"LineString"}},{"type":"Feature","properties":{},"geometry":{"coordinates":[[2.09652,49.0377],[2.09504,49.03508],[2.09415,49.03309]],"type":"LineString"}},{"type":"Feature","properties":{},"geometry":{"coordinates":[[3.03363,48.95728],[3.03102,48.95748],[3.02844,48.95726],[3.02615,48.95676],[3.0195,48.95499],[3.01607,48.9543]],"type":"LineString"}},{"type":"Feature","properties":{},"geometry":{"coordinates":[[2.87644,48.94862],[2.87707,48.94981],[2.87655,48.95119]],"type":"LineString"}},{"type":"Feature","properties":{},"geometry":{"coordinates":[[2.47229,48.79074],[2.47191,48.79198],[2.47196,48.79348],[2.47167,48.79466]],"type":"LineString"}},{"type":"Feature","properties":{},"geometry":{"coordinates":[[1.96958,48.52826],[1.97164,48.52832],[1.97302,48.52881],[1.97499,48.5289]],"type":"LineString"}},{"type":"Feature","properties":{},"geometry":{"coordinates":[[3.13298,48.93488],[3.13213,48.93525],[3.13105,48.93496],[3.13081,48.93548],[3.13015,48.93566]],"type":"LineString"}},{"type":"Feature","properties":{},"geometry":{"coordinates":[[3.19999,48.90252],[3.1983,48.9027]],"type":"LineString"}},{"type":"Feature","properties":{},"geometry":{"coordinates":[[1.82123,48.97562],[1.81812,48.97451],[1.81519,48.97292],[1.81413,48.97261],[1.81324,48.97273],[1.80906,48.97444]],"type":"LineString"}},{"type":"Feature","properties":{},"geometry":{"coordinates":[[2.73985,48.32379],[2.74171,48.32414],[2.74342,48.32479],[2.74498,48.32582],[2.74595,48.32695],[2.74649,48.32812],[2.74658,48.32911],[2.74534,48.33134],[2.74516,48.33195],[2.74519,48.33258]],"type":"LineString"}},{"type":"Feature","properties":{},"geometry":{"coordinates":[[1.6971,49.00946],[1.69643,49.00936]],"type":"LineString"}},{"type":"Feature","properties":{},"geometry":{"coordinates":[[2.45731,48.5771],[2.45821,48.57656]],"type":"LineString"}},{"type":"Feature","properties":{},"geometry":{"coordinates":[[3.15895,48.9197],[3.15844,48.92054],[3.15845,48.92138],[3.15818,48.92181],[3.15646,48.92363],[3.15551,48.92432],[3.15448,48.92532],[3.15405,48.92587],[3.15362,48.92685],[3.1518,48.92848],[3.15148,48.92923],[3.15155,48.93039]],"type":"LineString"}},{"type":"Feature","properties":{},"geometry":{"coordinates":[[2.20407,48.487],[2.20418,48.4871]],"type":"LineString"}},{"type":"Feature","properties":{},"geometry":{"coordinates":[[3.17241,48.42141],[3.16267,48.41891]],"type":"LineString"}},{"type":"Feature","properties":{},"geometry":{"coordinates":[[2.01321,48.70142],[2.01427,48.70176]],"type":"LineString"}},{"type":"Feature","properties":{},"geometry":{"coordinates":[[2.66551,48.87484],[2.66478,48.87489]],"type":"LineString"}},{"type":"Feature","properties":{},"geometry":{"coordinates":[[1.86669,48.81436],[1.86965,48.81649],[1.87034,48.81762],[1.87064,48.81898],[1.87043,48.8198],[1.8701,48.82014],[1.86834,48.82072],[1.867,48.82085]],"type":"LineString"}},{"type":"Feature","properties":{},"geometry":{"coordinates":[[2.15861,49.06452],[2.15655,49.06514],[2.15306,49.06581],[2.14979,49.06664],[2.14812,49.0669],[2.14662,49.06701],[2.14379,49.06695],[2.13964,49.06649]],"type":"LineString"}},{"type":"Feature","properties":{},"geometry":{"coordinates":[[2.92559,48.85583],[2.92459,48.85598],[2.92348,48.85632],[2.92257,48.85712],[2.92194,48.85742],[2.9196,48.85794],[2.91856,48.85803],[2.91689,48.85789],[2.91518,48.85743]],"type":"LineString"}},{"type":"Feature","properties":{},"geometry":{"coordinates":[[3.00724,48.81564],[3.00536,48.81533],[3.00253,48.81452],[3.00019,48.81346],[2.99742,48.81297],[2.99566,48.81299]],"type":"LineString"}},{"type":"Feature","properties":{},"geometry":{"coordinates":[[2.5188,48.80789],[2.52007,48.80683]],"type":"LineString"}},{"type":"Feature","properties":{},"geometry":{"coordinates":[[3.29729,48.78626],[3.29664,48.78667],[3.29634,48.7873],[3.29519,48.78818]],"type":"LineString"}},{"type":"Feature","properties":{},"geometry":{"coordinates":[[2.78797,48.66034],[2.78776,48.66046]],"type":"LineString"}},{"type":"Feature","properties":{},"geometry":{"coordinates":[[2.88568,48.86178],[2.88442,48.86222],[2.88296,48.86254]],"type":"LineString"}},{"type":"Feature","properties":{},"geometry":{"coordinates":[[3.25292,48.88659],[3.25147,48.88664]],"type":"LineString"}},{"type":"Feature","properties":{},"geometry":{"coordinates":[[2.92126,48.37906],[2.91884,48.37801],[2.90987,48.3732]],"type":"LineString"}},{"type":"Feature","properties":{},"geometry":{"coordinates":[[2.31421,48.68919],[2.31575,48.68851],[2.31737,48.68731],[2.31762,48.68698],[2.31781,48.68619],[2.31902,48.68519]],"type":"LineString"}},{"type":"Feature","properties":{},"geometry":{"coordinates":[[3.04053,48.95662],[3.03393,48.95721]],"type":"LineString"}},{"type":"Feature","properties":{},"geometry":{"coordinates":[[2.47296,48.82982],[2.47132,48.82894],[2.46948,48.82752],[2.46857,48.82654],[2.46843,48.8257]],"type":"LineString"}},{"type":"Feature","properties":{},"geometry":{"coordinates":[[3.31835,48.77691],[3.31715,48.77744],[3.31634,48.77832],[3.31538,48.77888],[3.31503,48.77894],[3.31442,48.77875]],"type":"LineString"}},{"type":"Feature","properties":{},"geometry":{"coordinates":[[2.78776,48.66046],[2.7856,48.66051],[2.7833,48.6602],[2.78003,48.65899],[2.77881,48.65838],[2.77779,48.65763],[2.7762,48.65606],[2.77491,48.65328],[2.7742,48.65231]],"type":"LineString"}},{"type":"Feature","properties":{},"geometry":{"coordinates":[[2.00818,48.93484],[2.00604,48.93702],[2.00438,48.93936],[2.00313,48.94194],[2.00212,48.9456]],"type":"LineString"}},{"type":"Feature","properties":{},"geometry":{"coordinates":[[3.19164,48.99411],[3.18991,48.99488],[3.18824,48.99527],[3.18489,48.9953],[3.18261,48.99509],[3.18099,48.99458],[3.17863,48.9934],[3.17619,48.99197],[3.17419,48.99048]],"type":"LineString"}},{"type":"Feature","properties":{},"geometry":{"coordinates":[[3.26422,48.95154],[3.26233,48.95195],[3.26053,48.95282],[3.25915,48.95402],[3.25783,48.95587],[3.2558,48.96039],[3.25523,48.9622],[3.25434,48.96662],[3.25214,48.97188]],"type":"LineString"}},{"type":"Feature","properties":{},"geometry":{"coordinates":[[2.07054,48.53346],[2.07145,48.53387],[2.07834,48.53794],[2.08141,48.53913],[2.08412,48.53968],[2.08649,48.5399],[2.08869,48.53991],[2.09337,48.5397],[2.09594,48.53975],[2.10014,48.54032],[2.10261,48.54079],[2.11078,48.54328],[2.12044,48.54742],[2.1273,48.54977],[2.1326,48.55141],[2.13598,48.55228],[2.14877,48.55474],[2.15134,48.5555],[2.15548,48.55715]],"type":"LineString"}},{"type":"Feature","properties":{},"geometry":{"coordinates":[[3.01592,48.95427],[3.01528,48.95418]],"type":"LineString"}},{"type":"Feature","properties":{},"geometry":{"coordinates":[[2.90363,48.82996],[2.90403,48.83194],[2.90495,48.83404],[2.90619,48.83643],[2.9082,48.83954],[2.9112,48.84263],[2.91229,48.84488],[2.9128,48.84561],[2.91362,48.84617],[2.91438,48.84633]],"type":"LineString"}},{"type":"Feature","properties":{},"geometry":{"coordinates":[[2.36162,49.14978],[2.36006,49.14811],[2.35804,49.14678],[2.35592,49.14596],[2.35316,49.14538],[2.35111,49.14517],[2.34944,49.14523],[2.3434,49.14618],[2.34024,49.14648]],"type":"LineString"}},{"type":"Feature","properties":{},"geometry":{"coordinates":[[3.25147,48.88664],[3.24972,48.88738],[3.24721,48.88793],[3.24445,48.8894],[3.24241,48.8916],[3.24109,48.89427],[3.23988,48.89528]],"type":"LineString"}},{"type":"Feature","properties":{},"geometry":{"coordinates":[[2.85316,48.88645],[2.85165,48.88644],[2.85031,48.88669],[2.84924,48.88707]],"type":"LineString"}},{"type":"Feature","properties":{},"geometry":{"coordinates":[[3.01592,48.71496],[3.01353,48.71468],[3.01272,48.71447],[3.0092,48.71231],[3.00738,48.71186],[3.00634,48.7112],[3.00424,48.71025]],"type":"LineString"}},{"type":"Feature","properties":{},"geometry":{"coordinates":[[3.26422,48.95154],[3.26529,48.95127]],"type":"LineString"}},{"type":"Feature","properties":{},"geometry":{"coordinates":[[3.34858,48.46135],[3.34716,48.46188],[3.34547,48.46203],[3.3446,48.46197]],"type":"LineString"}},{"type":"Feature","properties":{},"geometry":{"coordinates":[[3.26051,48.41718],[3.2594,48.41724],[3.2582,48.41706],[3.25746,48.41677],[3.2569,48.41627]],"type":"LineString"}},{"type":"Feature","properties":{},"geometry":{"coordinates":[[2.82138,48.89865],[2.82025,48.89871],[2.81928,48.89898],[2.81902,48.8993],[2.81885,48.90022]],"type":"LineString"}},{"type":"Feature","properties":{},"geometry":{"coordinates":[[2.96083,49.00289],[2.95959,49.00407],[2.95802,49.00672],[2.95627,49.00921]],"type":"LineString"}},{"type":"Feature","properties":{},"geometry":{"coordinates":[[2.74592,48.92313],[2.74383,48.92283],[2.74249,48.92279],[2.73745,48.92366]],"type":"LineString"}},{"type":"Feature","properties":{},"geometry":{"coordinates":[[2.86233,48.87594],[2.86216,48.87608]],"type":"LineString"}},{"type":"Feature","properties":{},"geometry":{"coordinates":[[3.31429,48.86137],[3.31357,48.86129],[3.31263,48.86135]],"type":"LineString"}},{"type":"Feature","properties":{},"geometry":{"coordinates":[[2.29184,48.61977],[2.29213,48.62124],[2.29232,48.62457],[2.2927,48.62683],[2.2929,48.62935],[2.29391,48.63424],[2.29441,48.63549]],"type":"LineString"}},{"type":"Feature","properties":{},"geometry":{"coordinates":[[2.3775,48.55038],[2.37988,48.55184],[2.3828,48.55409],[2.38511,48.55546],[2.38619,48.55591],[2.38804,48.55618]],"type":"LineString"}},{"type":"Feature","properties":{},"geometry":{"coordinates":[[2.14994,48.41404],[2.1509,48.41468],[2.15214,48.41742]],"type":"LineString"}},{"type":"Feature","properties":{},"geometry":{"coordinates":[[2.39019,48.67713],[2.38925,48.67769],[2.38783,48.67908],[2.38711,48.68018],[2.38653,48.68161],[2.38629,48.684],[2.3865,48.68532],[2.38709,48.68703],[2.38877,48.69003],[2.39066,48.69246],[2.39316,48.69502],[2.39824,48.69969],[2.40052,48.70226],[2.40222,48.70509],[2.40488,48.71145]],"type":"LineString"}},{"type":"Feature","properties":{},"geometry":{"coordinates":[[3.33004,48.45949],[3.32565,48.46074],[3.32492,48.4608],[3.32421,48.46059],[3.3233,48.45948],[3.32287,48.45822],[3.32286,48.45725],[3.32341,48.45576]],"type":"LineString"}},{"type":"Feature","properties":{},"geometry":{"coordinates":[[2.06657,48.70603],[2.06798,48.70548],[2.06881,48.70548]],"type":"LineString"}},{"type":"Feature","properties":{},"geometry":{"coordinates":[[1.86776,48.89432],[1.86721,48.89578],[1.86643,48.89639],[1.86617,48.8968],[1.86591,48.89762],[1.86599,48.89863],[1.86467,48.89945]],"type":"LineString"}},{"type":"Feature","properties":{},"geometry":{"coordinates":[[3.29278,48.78998],[3.29214,48.79001],[3.29149,48.78984],[3.29046,48.789]],"type":"LineString"}},{"type":"Feature","properties":{},"geometry":{"coordinates":[[2.49735,48.78453],[2.49433,48.78417],[2.49211,48.78404],[2.48874,48.78408],[2.48656,48.78424],[2.48431,48.78465],[2.4808,48.78551],[2.47596,48.78703]],"type":"LineString"}},{"type":"Feature","properties":{},"geometry":{"coordinates":[[2.4969,48.70864],[2.4965,48.70994],[2.4956,48.71074],[2.49398,48.71287]],"type":"LineString"}},{"type":"Feature","properties":{},"geometry":{"coordinates":[[2.61026,48.67145],[2.60876,48.67215],[2.60702,48.67259],[2.60514,48.67266],[2.60334,48.6723],[2.60178,48.67152],[2.60052,48.67049],[2.59942,48.66919],[2.59791,48.66702],[2.59693,48.66616],[2.59469,48.66496],[2.59359,48.66462],[2.5924,48.66447],[2.59114,48.66445],[2.58936,48.6647],[2.58746,48.66527],[2.58612,48.66589],[2.58468,48.6669],[2.58391,48.6677],[2.5833,48.66872],[2.58322,48.66957]],"type":"LineString"}},{"type":"Feature","properties":{},"geometry":{"coordinates":[[2.46889,48.58506],[2.46961,48.58619],[2.46984,48.58725]],"type":"LineString"}},{"type":"Feature","properties":{},"geometry":{"coordinates":[[2.30844,48.52117],[2.30903,48.52126],[2.31009,48.52096],[2.31116,48.52093],[2.31152,48.52075],[2.31174,48.52036]],"type":"LineString"}},{"type":"Feature","properties":{},"geometry":{"coordinates":[[2.41977,48.28266],[2.41965,48.28396],[2.41997,48.28473],[2.42038,48.28515],[2.42154,48.28555],[2.42203,48.28671],[2.42272,48.28713]],"type":"LineString"}},{"type":"Feature","properties":{},"geometry":{"coordinates":[[3.00079,48.70736],[2.99994,48.70613],[2.99836,48.70476],[2.99629,48.70365],[2.99188,48.70184],[2.9903,48.70073],[2.98939,48.69938],[2.98898,48.69916],[2.98798,48.69894]],"type":"LineString"}},{"type":"Feature","properties":{},"geometry":{"coordinates":[[2.851,48.65662],[2.84995,48.65766],[2.84809,48.66041],[2.84737,48.66123],[2.84641,48.66196],[2.84521,48.66249],[2.84376,48.66273],[2.84188,48.66254],[2.83978,48.66178],[2.83468,48.65938],[2.8329,48.65896],[2.83081,48.65892],[2.82969,48.65915],[2.82856,48.65957],[2.8269,48.66049],[2.8257,48.6615],[2.82337,48.6641],[2.82227,48.66494],[2.82154,48.66522]],"type":"LineString"}},{"type":"Feature","properties":{},"geometry":{"coordinates":[[2.29117,48.69537],[2.29226,48.6952],[2.29496,48.69549]],"type":"LineString"}},{"type":"Feature","properties":{},"geometry":{"coordinates":[[2.70026,48.31978],[2.70333,48.32019],[2.70683,48.32046],[2.70986,48.32037],[2.71437,48.3199],[2.71728,48.32004],[2.71936,48.32038],[2.72138,48.32089],[2.72626,48.32267],[2.72825,48.32315],[2.73109,48.32345],[2.73985,48.32379]],"type":"LineString"}},{"type":"Feature","properties":{},"geometry":{"coordinates":[[1.87505,48.85833],[1.87506,48.85881],[1.87415,48.85966],[1.8736,48.86067]],"type":"LineString"}},{"type":"Feature","properties":{},"geometry":{"coordinates":[[1.86599,48.82281],[1.86601,48.82314],[1.86563,48.82365],[1.86577,48.82394],[1.86724,48.82464]],"type":"LineString"}},{"type":"Feature","properties":{},"geometry":{"coordinates":[[1.86524,48.82248],[1.86599,48.82281]],"type":"LineString"}},{"type":"Feature","properties":{},"geometry":{"coordinates":[[3.41343,48.86402],[3.41115,48.8643],[3.40834,48.86356],[3.40559,48.86389],[3.40404,48.86434],[3.40095,48.86614],[3.40037,48.86633],[3.39963,48.86638]],"type":"LineString"}},{"type":"Feature","properties":{},"geometry":{"coordinates":[[2.61802,48.65894],[2.61638,48.66126],[2.61599,48.6644],[2.61606,48.66656],[2.61566,48.66754],[2.61462,48.66877],[2.6132,48.67],[2.61192,48.67077],[2.61026,48.67145]],"type":"LineString"}},{"type":"Feature","properties":{},"geometry":{"coordinates":[[2.36396,48.67817],[2.36554,48.67912],[2.36653,48.6799],[2.36893,48.68222],[2.37067,48.68473],[2.37341,48.68675],[2.37472,48.68857],[2.37578,48.68938],[2.37686,48.69204]],"type":"LineString"}},{"type":"Feature","properties":{},"geometry":{"coordinates":[[2.26046,48.51621],[2.26252,48.51694],[2.26503,48.51745],[2.26579,48.51783],[2.26869,48.52107],[2.26896,48.52169],[2.26884,48.52238]],"type":"LineString"}},{"type":"Feature","properties":{},"geometry":{"coordinates":[[3.4358,48.8598],[3.43399,48.85982],[3.43214,48.86039],[3.43063,48.86101],[3.42764,48.86254],[3.42618,48.86369],[3.42507,48.86514],[3.42419,48.86668],[3.42338,48.86725],[3.42241,48.86734],[3.42087,48.86702],[3.42001,48.86653],[3.4194,48.86582]],"type":"LineString"}},{"type":"Feature","properties":{},"geometry":{"coordinates":[[3.25214,48.97188],[3.25141,48.97284],[3.25034,48.97374],[3.24924,48.97442],[3.24802,48.97491]],"type":"LineString"}},{"type":"Feature","properties":{},"geometry":{"coordinates":[[2.38646,48.38156],[2.38652,48.38218],[2.38573,48.38363],[2.38563,48.38426],[2.38737,48.38817],[2.38741,48.38885],[2.387,48.38956],[2.3849,48.3919],[2.3845,48.39319],[2.38496,48.39412],[2.38611,48.39507]],"type":"LineString"}},{"type":"Feature","properties":{},"geometry":{"coordinates":[[2.75216,48.8838],[2.74814,48.88401],[2.74503,48.88329],[2.7426,48.88311]],"type":"LineString"}},{"type":"Feature","properties":{},"geometry":{"coordinates":[[2.19222,48.47885],[2.1937,48.48124],[2.19495,48.48241]],"type":"LineString"}},{"type":"Feature","properties":{},"geometry":{"coordinates":[[2.18224,48.44983],[2.18255,48.45031],[2.18205,48.45112]],"type":"LineString"}},{"type":"Feature","properties":{},"geometry":{"coordinates":[[2.26202,48.59793],[2.26311,48.598],[2.26357,48.59844]],"type":"LineString"}},{"type":"Feature","properties":{},"geometry":{"coordinates":[[3.0282,48.7254],[3.02816,48.7242],[3.02881,48.7234],[3.02862,48.72297],[3.02799,48.7224]],"type":"LineString"}},{"type":"Feature","properties":{},"geometry":{"coordinates":[[3.15931,48.96615],[3.15743,48.96531],[3.15461,48.96434],[3.15198,48.96367],[3.14776,48.96295],[3.14297,48.96115]],"type":"LineString"}},{"type":"Feature","properties":{},"geometry":{"coordinates":[[2.90411,48.37075],[2.90192,48.36995],[2.90058,48.36965]],"type":"LineString"}},{"type":"Feature","properties":{},"geometry":{"coordinates":[[3.31315,48.4375],[3.31397,48.43677],[3.31501,48.43502],[3.31518,48.43421],[3.31493,48.43332]],"type":"LineString"}},{"type":"Feature","properties":{},"geometry":{"coordinates":[[2.02761,48.7021],[2.02829,48.70212],[2.02895,48.70233],[2.0308,48.70358],[2.03157,48.70392],[2.03382,48.70417],[2.03547,48.70474],[2.03805,48.70524]],"type":"LineString"}},{"type":"Feature","properties":{},"geometry":{"coordinates":[[2.45337,48.57822],[2.45399,48.57875],[2.45475,48.5789],[2.4553,48.57886],[2.45657,48.57843]],"type":"LineString"}},{"type":"Feature","properties":{},"geometry":{"coordinates":[[3.26912,48.41877],[3.26821,48.41754],[3.26768,48.41714],[3.26719,48.41697]],"type":"LineString"}},{"type":"Feature","properties":{},"geometry":{"coordinates":[[1.99457,48.53013],[1.99621,48.53034],[1.99789,48.53081],[2.00018,48.53121],[2.00047,48.53143],[2.00079,48.53232],[2.00112,48.53258]],"type":"LineString"}},{"type":"Feature","properties":{},"geometry":{"coordinates":[[3.14982,48.41351],[3.14423,48.41115],[3.13614,48.40822],[3.12878,48.40663],[3.11912,48.40476]],"type":"LineString"}},{"type":"Feature","properties":{},"geometry":{"coordinates":[[2.09714,49.04054],[2.09688,49.03994],[2.09652,49.0377]],"type":"LineString"}},{"type":"Feature","properties":{},"geometry":{"coordinates":[[2.96173,49.0016],[2.96083,49.00289]],"type":"LineString"}},{"type":"Feature","properties":{},"geometry":{"coordinates":[[3.19542,48.89988],[3.19421,48.89957],[3.19388,48.8988],[3.19291,48.89832],[3.19205,48.89837],[3.1913,48.89902]],"type":"LineString"}},{"type":"Feature","properties":{},"geometry":{"coordinates":[[3.29046,48.789],[3.2897,48.78813]],"type":"LineString"}},{"type":"Feature","properties":{},"geometry":{"coordinates":[[2.4402,48.25325],[2.43947,48.25407],[2.43828,48.25462],[2.43614,48.25469],[2.43492,48.2549],[2.4338,48.25481],[2.43258,48.25487],[2.43032,48.25537]],"type":"LineString"}},{"type":"Feature","properties":{},"geometry":{"coordinates":[[1.66956,49.076],[1.6637,49.07724],[1.65661,49.07846],[1.65149,49.07899],[1.64612,49.07937]],"type":"LineString"}},{"type":"Feature","properties":{},"geometry":{"coordinates":[[1.99378,48.70876],[1.99369,48.70907],[1.99318,48.7094]],"type":"LineString"}},{"type":"Feature","properties":{},"geometry":{"coordinates":[[3.26719,48.41697],[3.26634,48.4167],[3.26428,48.41641],[3.26168,48.41677],[3.26051,48.41718]],"type":"LineString"}},{"type":"Feature","properties":{},"geometry":{"coordinates":[[2.1663,48.89668],[2.16383,48.89436],[2.16329,48.89362],[2.16282,48.89253]],"type":"LineString"}},{"type":"Feature","properties":{},"geometry":{"coordinates":[[2.01181,48.52717],[2.01579,48.52559],[2.01727,48.52522],[2.01847,48.52538],[2.02057,48.52634]],"type":"LineString"}}]}