{"type":"FeatureCollection","features":[{"type":"Feature","properties":{"code":"940040102","nom":"Rostand","com":"Boissy-Saint-Léger","pop80":101.0,"seuls_n":46.0,"p80":3.4,"seuls":45.4,"chaleur":4.5,"alea_fort":0.0,"pauv":22.0,"nbf":0.0,"f_age":0.0,"f_seuls":0.0,"f_chaleur":0.0},"geometry":{"coordinates":[[[2.50159,48.75484],[2.50152,48.75527],[2.50314,48.75554],[2.5031,48.75596],[2.50298,48.75611],[2.50251,48.75617],[2.50244,48.75624],[2.50163,48.75612],[2.50155,48.75616],[2.50146,48.75644],[2.50164,48.75658],[2.50161,48.75683],[2.50151,48.75693],[2.50155,48.75706],[2.50177,48.75725],[2.50221,48.75729],[2.50237,48.75739],[2.50249,48.75755],[2.50247,48.75769],[2.50239,48.75782],[2.50074,48.7588],[2.50036,48.75874],[2.49998,48.75857],[2.4982,48.7568],[2.49742,48.75617],[2.49727,48.7556],[2.49729,48.75524],[2.4977,48.75442],[2.49749,48.75427],[2.49837,48.75333],[2.49868,48.75364],[2.49888,48.75368],[2.4992,48.75363],[2.49913,48.75389],[2.49919,48.7541],[2.49965,48.75443],[2.50159,48.75484]]],"type":"Polygon"}},{"type":"Feature","properties":{"code":"940340105","nom":"Fleurs-Pasteur","com":"Fresnes","pop80":189.0,"seuls_n":107.0,"p80":7.6,"seuls":56.5,"chaleur":4.0,"alea_fort":2.0,"pauv":7.0,"nbf":2.0,"f_age":1.0,"f_seuls":1.0,"f_chaleur":0.0},"geometry":{"coordinates":[[[2.30967,48.75638],[2.30869,48.75541],[2.31146,48.75433],[2.31089,48.75376],[2.31163,48.75302],[2.31012,48.75219],[2.31235,48.75135],[2.31414,48.75134],[2.31679,48.75014],[2.31773,48.75108],[2.31723,48.75156],[2.31722,48.75173],[2.31851,48.75273],[2.31697,48.75342],[2.31644,48.75313],[2.31615,48.75336],[2.31452,48.75429],[2.31852,48.75504],[2.3188,48.75505],[2.3196,48.75602],[2.31911,48.75615],[2.32011,48.75801],[2.31752,48.75863],[2.31695,48.75822],[2.3162,48.75738],[2.31471,48.75645],[2.31339,48.75532],[2.30967,48.75638]]],"type":"Polygon"}},{"type":"Feature","properties":{"code":"940440107","nom":"Les Grands Champs","com":"Limeil-Brévannes","pop80":21.0,"seuls_n":20.0,"p80":1.0,"seuls":94.8,"chaleur":3.8,"alea_fort":3.0,"pauv":15.0,"nbf":1.0,"f_age":0.0,"f_seuls":1.0,"f_chaleur":0.0},"geometry":{"coordinates":[[[2.48916,48.75858],[2.49413,48.75306],[2.49672,48.75391],[2.4975,48.75426],[2.49299,48.75928],[2.49195,48.75908],[2.49054,48.75896],[2.48916,48.75858]]],"type":"Polygon"}},{"type":"Feature","properties":{"code":"940160109","nom":"Pont Royal","com":"Cachan","pop80":117.0,"seuls_n":60.0,"p80":6.2,"seuls":50.9,"chaleur":5.0,"alea_fort":9.0,"pauv":9.0,"nbf":1.0,"f_age":1.0,"f_seuls":0.0,"f_chaleur":0.0},"geometry":{"coordinates":[[[2.31978,48.79085],[2.32538,48.78923],[2.32649,48.79],[2.32879,48.7919],[2.3239,48.79336],[2.32348,48.79334],[2.32341,48.79365],[2.32282,48.79366],[2.32164,48.79403],[2.32112,48.79409],[2.32106,48.79414],[2.31978,48.79085]]],"type":"Polygon"}},{"type":"Feature","properties":{"code":"940340107","nom":"Fosse aux Loups","com":"Fresnes","pop80":142.0,"seuls_n":68.0,"p80":4.1,"seuls":48.8,"chaleur":6.7,"alea_fort":17.0,"pauv":16.0,"nbf":0.0,"f_age":0.0,"f_seuls":0.0,"f_chaleur":0.0},"geometry":{"coordinates":[[[2.32504,48.75943],[2.32421,48.75875],[2.32828,48.7574],[2.32864,48.75721],[2.32888,48.75731],[2.32902,48.75768],[2.32941,48.75789],[2.33144,48.75978],[2.33155,48.75977],[2.33229,48.76055],[2.33455,48.76438],[2.33364,48.76468],[2.33341,48.76439],[2.3327,48.76466],[2.33229,48.76437],[2.33105,48.7631],[2.32886,48.76354],[2.32848,48.7631],[2.32722,48.76249],[2.32705,48.76251],[2.32601,48.76049],[2.32504,48.75943]]],"type":"Polygon"}},{"type":"Feature","properties":{"code":"940560000","nom":"Périgny (commune non irisée)","com":"Périgny","pop80":67.0,"seuls_n":34.0,"p80":2.5,"seuls":51.0,"chaleur":3.2,"alea_fort":4.0,"pauv":null,"nbf":0.0,"f_age":0.0,"f_seuls":0.0,"f_chaleur":0.0},"geometry":{"coordinates":[[[2.54417,48.69861],[2.54427,48.69856],[2.54368,48.69787],[2.54241,48.69678],[2.54292,48.6963],[2.54347,48.69538],[2.54377,48.69464],[2.5439,48.69456],[2.54417,48.69457],[2.54529,48.6951],[2.54668,48.69535],[2.5466,48.69457],[2.5465,48.69452],[2.54663,48.69391],[2.54678,48.69382],[2.54528,48.69358],[2.54537,48.69315],[2.54578,48.69318],[2.54624,48.69312],[2.5473,48.69277],[2.54845,48.69253],[2.54912,48.69196],[2.54938,48.69166],[2.54991,48.69161],[2.55061,48.691],[2.55108,48.69043],[2.55096,48.69011],[2.5506,48.6898],[2.54986,48.68939],[2.54895,48.68901],[2.54977,48.68849],[2.55031,48.68855],[2.55139,48.68854],[2.55392,48.68836],[2.55368,48.68763],[2.55504,48.68764],[2.55488,48.68839],[2.55493,48.68848],[2.56124,48.68959],[2.56109,48.69072],[2.56433,48.69102],[2.56591,48.691],[2.56609,48.69175],[2.56974,48.69183],[2.56975,48.69158],[2.57176,48.692],[2.57161,48.69275],[2.57163,48.69345],[2.57078,48.69504],[2.57215,48.69535],[2.5747,48.69606],[2.57559,48.69622],[2.57885,48.69697],[2.58013,48.69707],[2.58154,48.69742],[2.58136,48.69756],[2.57532,48.70023],[2.57442,48.70071],[2.57255,48.70208],[2.57136,48.70273],[2.56993,48.70335],[2.5702,48.70355],[2.57077,48.70383],[2.57081,48.70391],[2.56979,48.70522],[2.56992,48.70547],[2.56867,48.70723],[2.56814,48.70706],[2.56719,48.7066],[2.56465,48.70441],[2.56162,48.70246],[2.56075,48.70219],[2.55857,48.70191],[2.55777,48.70164],[2.55485,48.69975],[2.5532,48.69821],[2.55083,48.69903],[2.54838,48.69893],[2.54759,48.699],[2.54683,48.69915],[2.54586,48.69947],[2.54417,48.69861]]],"type":"Polygon"}},{"type":"Feature","properties":{"code":"940380107","nom":"Centre 2","com":"L'Haÿ-les-Roses","pop80":79.0,"seuls_n":48.0,"p80":2.8,"seuls":61.2,"chaleur":4.0,"alea_fort":0.0,"pauv":28.0,"nbf":1.0,"f_age":0.0,"f_seuls":1.0,"f_chaleur":0.0},"geometry":{"coordinates":[[[2.33959,48.77426],[2.34345,48.77348],[2.34277,48.77226],[2.3457,48.77179],[2.34648,48.77809],[2.34201,48.77824],[2.3406,48.77841],[2.34006,48.77653],[2.33959,48.77426]]],"type":"Polygon"}},{"type":"Feature","properties":{"code":"940760110","nom":"Vaux de Rome","com":"Villejuif","pop80":220.0,"seuls_n":116.0,"p80":5.3,"seuls":52.8,"chaleur":4.4,"alea_fort":2.0,"pauv":21.0,"nbf":1.0,"f_age":1.0,"f_seuls":0.0,"f_chaleur":0.0},"geometry":{"coordinates":[[[2.36827,48.78858],[2.36964,48.78855],[2.37044,48.78662],[2.37005,48.78652],[2.37073,48.78539],[2.37172,48.78348],[2.37461,48.78564],[2.37687,48.78664],[2.37421,48.79003],[2.37152,48.79066],[2.37012,48.79107],[2.3695,48.79116],[2.36827,48.78858]]],"type":"Polygon"}},{"type":"Feature","properties":{"code":"940810212","nom":"Le Coteau","com":"Vitry-sur-Seine","pop80":160.0,"seuls_n":63.0,"p80":3.7,"seuls":39.7,"chaleur":2.9,"alea_fort":1.0,"pauv":16.0,"nbf":0.0,"f_age":0.0,"f_seuls":0.0,"f_chaleur":0.0},"geometry":{"coordinates":[[[2.37197,48.79716],[2.37029,48.79654],[2.37081,48.79591],[2.37191,48.79416],[2.37212,48.79354],[2.37253,48.79289],[2.37384,48.79154],[2.37369,48.79136],[2.37479,48.79013],[2.37421,48.79003],[2.37532,48.78861],[2.37724,48.78863],[2.37766,48.7887],[2.38177,48.7913],[2.38636,48.79238],[2.38633,48.79252],[2.3854,48.79371],[2.38429,48.79493],[2.38215,48.79427],[2.38151,48.79401],[2.38124,48.79433],[2.38102,48.7948],[2.38037,48.79536],[2.38009,48.79571],[2.38014,48.7958],[2.38167,48.79641],[2.38019,48.79739],[2.37886,48.79816],[2.37705,48.79954],[2.37576,48.79901],[2.37197,48.79716]]],"type":"Polygon"}},{"type":"Feature","properties":{"code":"940730107","nom":"La Prévoté","com":"Thiais","pop80":54.0,"seuls_n":20.0,"p80":2.1,"seuls":36.5,"chaleur":5.8,"alea_fort":19.0,"pauv":21.0,"nbf":0.0,"f_age":0.0,"f_seuls":0.0,"f_chaleur":0.0},"geometry":{"coordinates":[[[2.38158,48.7615],[2.38339,48.75868],[2.38357,48.75825],[2.38363,48.75785],[2.38357,48.75721],[2.38327,48.75641],[2.38232,48.75545],[2.38159,48.75507],[2.37718,48.75383],[2.37643,48.75369],[2.37626,48.75371],[2.37622,48.75328],[2.37791,48.75321],[2.3792,48.75338],[2.38145,48.75408],[2.38604,48.75535],[2.38649,48.75551],[2.38692,48.75576],[2.38799,48.75673],[2.38788,48.75677],[2.38823,48.75699],[2.39289,48.75836],[2.39186,48.76098],[2.39166,48.76129],[2.39084,48.76195],[2.39052,48.76271],[2.39012,48.76312],[2.38961,48.76389],[2.38757,48.76325],[2.3857,48.76276],[2.38515,48.76267],[2.38327,48.76206],[2.38272,48.7618],[2.38158,48.7615]]],"type":"Polygon"}},{"type":"Feature","properties":{"code":"940810107","nom":"Le Mail","com":"Vitry-sur-Seine","pop80":39.0,"seuls_n":11.0,"p80":1.8,"seuls":28.1,"chaleur":9.3,"alea_fort":0.0,"pauv":35.0,"nbf":1.0,"f_age":0.0,"f_seuls":0.0,"f_chaleur":1.0},"geometry":{"coordinates":[[[2.39187,48.78609],[2.3926,48.78503],[2.39419,48.78276],[2.3943,48.7828],[2.39354,48.78378],[2.39575,48.78457],[2.39511,48.78529],[2.3943,48.78574],[2.39346,48.78653],[2.39275,48.78637],[2.39187,48.78609]]],"type":"Polygon"}},{"type":"Feature","properties":{"code":"940730111","nom":"Le Coulon","com":"Thiais","pop80":94.0,"seuls_n":33.0,"p80":3.4,"seuls":40.4,"chaleur":4.8,"alea_fort":0.0,"pauv":6.0,"nbf":0.0,"f_age":0.0,"f_seuls":0.0,"f_chaleur":0.0},"geometry":{"coordinates":[[[2.38569,48.75525],[2.38727,48.75285],[2.38872,48.75272],[2.38983,48.75249],[2.39095,48.75215],[2.39192,48.75175],[2.39323,48.75085],[2.39696,48.75199],[2.39904,48.7524],[2.39933,48.75083],[2.39943,48.74966],[2.40398,48.75055],[2.40606,48.75108],[2.40521,48.7542],[2.40424,48.75407],[2.40406,48.75417],[2.40392,48.75446],[2.40358,48.75438],[2.4035,48.7543],[2.40357,48.75414],[2.40343,48.75414],[2.39982,48.755],[2.39846,48.75548],[2.39766,48.75584],[2.39753,48.75609],[2.39776,48.75616],[2.39656,48.75942],[2.38823,48.75699],[2.38788,48.75677],[2.38799,48.75673],[2.38692,48.75576],[2.38649,48.75551],[2.38569,48.75525]]],"type":"Polygon"}},{"type":"Feature","properties":{"code":"940160103","nom":"Coteau 1","com":"Cachan","pop80":257.0,"seuls_n":47.0,"p80":12.6,"seuls":32.7,"chaleur":4.2,"alea_fort":0.0,"pauv":7.0,"nbf":1.0,"f_age":1.0,"f_seuls":0.0,"f_chaleur":0.0},"geometry":{"coordinates":[[[2.33376,48.79852],[2.33488,48.79729],[2.33538,48.79699],[2.33618,48.7968],[2.3368,48.79678],[2.33798,48.79664],[2.3385,48.79649],[2.33953,48.79591],[2.3403,48.79398],[2.34002,48.79256],[2.33988,48.79221],[2.34068,48.79189],[2.34058,48.7916],[2.34013,48.791],[2.34012,48.7908],[2.34127,48.79145],[2.34196,48.79122],[2.34307,48.78946],[2.34329,48.78939],[2.34363,48.79106],[2.34422,48.79073],[2.34496,48.79428],[2.34495,48.79508],[2.34473,48.79608],[2.34426,48.79703],[2.34381,48.79766],[2.34297,48.7981],[2.34103,48.79889],[2.34,48.7973],[2.33756,48.7981],[2.33639,48.79827],[2.33501,48.79832],[2.33376,48.79852]]],"type":"Polygon"}},{"type":"Feature","properties":{"code":"940800204","nom":"Ouest 4","com":"Vincennes","pop80":156.0,"seuls_n":104.0,"p80":5.0,"seuls":66.9,"chaleur":13.5,"alea_fort":74.0,"pauv":9.0,"nbf":2.0,"f_age":0.0,"f_seuls":1.0,"f_chaleur":1.0},"geometry":{"coordinates":[[[2.42368,48.84594],[2.42426,48.84589],[2.42435,48.84605],[2.42632,48.8467],[2.4278,48.84704],[2.42875,48.84718],[2.43029,48.84722],[2.4314,48.84719],[2.43153,48.84712],[2.43167,48.84718],[2.43268,48.84718],[2.4347,48.84711],[2.43463,48.84843],[2.42488,48.849],[2.42441,48.84647],[2.424,48.84629],[2.42368,48.84594]]],"type":"Polygon"}},{"type":"Feature","properties":{"code":"940800306","nom":"Est 6","com":"Vincennes","pop80":133.0,"seuls_n":86.0,"p80":4.7,"seuls":64.1,"chaleur":12.0,"alea_fort":10.0,"pauv":12.0,"nbf":2.0,"f_age":0.0,"f_seuls":1.0,"f_chaleur":1.0},"geometry":{"coordinates":[[[2.44425,48.84924],[2.44595,48.84791],[2.4499,48.8481],[2.45273,48.8483],[2.45294,48.84899],[2.45088,48.84908],[2.45091,48.84985],[2.45077,48.84986],[2.44425,48.84924]]],"type":"Polygon"}},{"type":"Feature","properties":{"code":"940280103","nom":"République","com":"Créteil","pop80":103.0,"seuls_n":48.0,"p80":3.3,"seuls":47.0,"chaleur":6.3,"alea_fort":3.0,"pauv":14.0,"nbf":0.0,"f_age":0.0,"f_seuls":0.0,"f_chaleur":0.0},"geometry":{"coordinates":[[[2.46098,48.79003],[2.46213,48.78775],[2.4626,48.7857],[2.46369,48.78387],[2.46392,48.78336],[2.46527,48.78374],[2.46568,48.78452],[2.46571,48.78484],[2.46588,48.78494],[2.46547,48.78545],[2.46394,48.78823],[2.46608,48.78883],[2.4663,48.78901],[2.46683,48.78874],[2.46808,48.78916],[2.46688,48.79091],[2.46641,48.79192],[2.46098,48.79003]]],"type":"Polygon"}},{"type":"Feature","properties":{"code":"940680601","nom":"Les Mûriers 1","com":"Saint-Maur-des-Fossés","pop80":155.0,"seuls_n":58.0,"p80":8.8,"seuls":46.5,"chaleur":2.4,"alea_fort":0.0,"pauv":7.0,"nbf":1.0,"f_age":1.0,"f_seuls":0.0,"f_chaleur":0.0},"geometry":{"coordinates":[[[2.50433,48.79278],[2.5013,48.78824],[2.50763,48.78644],[2.51055,48.79108],[2.50433,48.79278]]],"type":"Polygon"}},{"type":"Feature","properties":{"code":"940170402","nom":"Maroc 2","com":"Champigny-sur-Marne","pop80":71.0,"seuls_n":37.0,"p80":2.7,"seuls":51.9,"chaleur":5.0,"alea_fort":2.0,"pauv":17.0,"nbf":0.0,"f_age":0.0,"f_seuls":0.0,"f_chaleur":0.0},"geometry":{"coordinates":[[[2.49521,48.81121],[2.49711,48.81095],[2.49802,48.81088],[2.50051,48.81112],[2.50241,48.81114],[2.50189,48.81238],[2.50178,48.8137],[2.49554,48.81475],[2.49528,48.81274],[2.49611,48.81274],[2.49587,48.81185],[2.49538,48.8119],[2.49521,48.81121]]],"type":"Polygon"}},{"type":"Feature","properties":{"code":"940210104","nom":"Bretagne 1","com":"Chevilly-Larue","pop80":67.0,"seuls_n":34.0,"p80":2.4,"seuls":51.1,"chaleur":4.7,"alea_fort":0.0,"pauv":32.0,"nbf":0.0,"f_age":0.0,"f_seuls":0.0,"f_chaleur":0.0},"geometry":{"coordinates":[[[2.36806,48.76721],[2.36685,48.76685],[2.36435,48.76563],[2.36489,48.76501],[2.36476,48.76433],[2.36287,48.76355],[2.36396,48.7625],[2.36542,48.76127],[2.36444,48.76031],[2.36634,48.76031],[2.36645,48.76022],[2.36647,48.75982],[2.36748,48.75983],[2.36774,48.75989],[2.368,48.76027],[2.36815,48.76029],[2.36843,48.76097],[2.36806,48.76721]]],"type":"Polygon"}},{"type":"Feature","properties":{"code":"940110101","nom":"Zone d'Activités","com":"Bonneuil-sur-Marne"},"geometry":{"coordinates":[[[2.47463,48.78767],[2.47291,48.78721],[2.47268,48.78721],[2.47348,48.78657],[2.47388,48.78595],[2.47402,48.78548],[2.47424,48.7851],[2.47427,48.7847],[2.47445,48.7843],[2.47447,48.78371],[2.47486,48.78345],[2.47509,48.78309],[2.4759,48.78268],[2.47654,48.78172],[2.47691,48.78101],[2.47798,48.78055],[2.4781,48.78059],[2.48011,48.77994],[2.47851,48.77923],[2.47809,48.77913],[2.47776,48.77926],[2.47732,48.77967],[2.4766,48.78008],[2.47611,48.78018],[2.47591,48.78002],[2.47925,48.77673],[2.47968,48.77671],[2.48532,48.7755],[2.48672,48.77497],[2.48798,48.77478],[2.48801,48.77511],[2.48784,48.77549],[2.48807,48.77601],[2.49001,48.77574],[2.48995,48.77525],[2.49103,48.77517],[2.49081,48.77359],[2.48982,48.77367],[2.48999,48.7735],[2.49045,48.77324],[2.49052,48.77304],[2.49019,48.7725],[2.48973,48.77009],[2.48945,48.76958],[2.48902,48.76918],[2.48812,48.76863],[2.48774,48.7686],[2.4873,48.76893],[2.48531,48.77082],[2.48516,48.77069],[2.4841,48.77021],[2.48605,48.76834],[2.48596,48.76824],[2.48387,48.76731],[2.48477,48.76644],[2.48578,48.76689],[2.48589,48.76687],[2.48705,48.76572],[2.48721,48.76576],[2.488,48.76496],[2.48752,48.76333],[2.48736,48.76315],[2.48035,48.76224],[2.47947,48.76242],[2.47965,48.76275],[2.47963,48.76294],[2.47951,48.76306],[2.47989,48.76334],[2.48016,48.76368],[2.48051,48.76429],[2.4807,48.76486],[2.48055,48.76493],[2.4799,48.76501],[2.47969,48.76509],[2.47675,48.76555],[2.47601,48.76572],[2.47485,48.76532],[2.47582,48.76395],[2.47715,48.76276],[2.4735,48.76173],[2.474,48.76114],[2.47387,48.76109],[2.47631,48.75997],[2.47672,48.75949],[2.47955,48.76047],[2.48346,48.75648],[2.48595,48.75761],[2.4886,48.75845],[2.49054,48.75896],[2.49238,48.75914],[2.49323,48.75936],[2.4968,48.76087],[2.49858,48.76207],[2.4996,48.76298],[2.49688,48.7646],[2.4947,48.76426],[2.49395,48.76669],[2.49411,48.76789],[2.49522,48.76782],[2.49545,48.76923],[2.49755,48.76908],[2.49785,48.77163],[2.4979,48.7727],[2.49744,48.77307],[2.49798,48.77566],[2.50029,48.77643],[2.50231,48.77693],[2.50243,48.77701],[2.50234,48.77853],[2.50294,48.77865],[2.50402,48.77851],[2.50428,48.77869],[2.50484,48.77887],[2.50566,48.77929],[2.50616,48.7797],[2.50632,48.77999],[2.50743,48.78021],[2.50773,48.78056],[2.50832,48.78058],[2.50927,48.78104],[2.51124,48.7816],[2.51206,48.78192],[2.51365,48.783],[2.51407,48.78357],[2.51443,48.78379],[2.51445,48.78387],[2.5143,48.78393],[2.51394,48.78383],[2.51356,48.78391],[2.51273,48.78369],[2.51261,48.78371],[2.51245,48.78387],[2.51218,48.7839],[2.51245,48.78479],[2.51143,48.78436],[2.51023,48.78412],[2.50693,48.78416],[2.50039,48.7847],[2.49948,48.78472],[2.49824,48.78466],[2.4932,48.78407],[2.49089,48.78404],[2.48758,48.7841],[2.48635,48.7842],[2.48179,48.78525],[2.4788,48.78602],[2.47463,48.78767]]],"type":"Polygon"}},{"type":"Feature","properties":{"code":"940220110","nom":"Choisy Nord II","com":"Choisy-le-Roi","pop80":91.0,"seuls_n":30.0,"p80":2.8,"seuls":32.9,"chaleur":9.7,"alea_fort":6.0,"pauv":20.0,"nbf":1.0,"f_age":0.0,"f_seuls":0.0,"f_chaleur":1.0},"geometry":{"coordinates":[[[2.40139,48.77069],[2.40387,48.76691],[2.4086,48.76837],[2.40675,48.76826],[2.40611,48.77139],[2.40139,48.77069]]],"type":"Polygon"}},{"type":"Feature","properties":{"code":"940780201","nom":"Gare Triage SNCF","com":"Villeneuve-Saint-Georges","pop80":24.0,"seuls_n":15.0,"p80":1.0,"seuls":63.2,"chaleur":5.4,"alea_fort":9.0,"pauv":39.0,"nbf":1.0,"f_age":0.0,"f_seuls":1.0,"f_chaleur":0.0},"geometry":{"coordinates":[[[2.43415,48.76339],[2.42664,48.76052],[2.4274,48.75967],[2.4285,48.75814],[2.42569,48.75713],[2.42579,48.75646],[2.42629,48.75582],[2.42716,48.75494],[2.42782,48.75346],[2.42838,48.75298],[2.42857,48.75258],[2.42845,48.75186],[2.42853,48.75153],[2.42748,48.75094],[2.43188,48.74862],[2.43365,48.74754],[2.43505,48.74655],[2.43605,48.74568],[2.43682,48.74488],[2.43943,48.74162],[2.44032,48.74063],[2.44306,48.7383],[2.44373,48.73761],[2.44433,48.73673],[2.44468,48.73581],[2.44484,48.73433],[2.44492,48.73238],[2.44474,48.73038],[2.44448,48.72934],[2.44397,48.72806],[2.44552,48.72768],[2.44661,48.72907],[2.44687,48.72964],[2.44694,48.73008],[2.44679,48.733],[2.44685,48.73313],[2.44682,48.73598],[2.44662,48.74602],[2.44431,48.75534],[2.44468,48.7552],[2.44875,48.75414],[2.4487,48.75404],[2.45053,48.75356],[2.45067,48.75363],[2.45434,48.75268],[2.45366,48.75441],[2.45344,48.75551],[2.45179,48.75803],[2.45036,48.75981],[2.44908,48.76111],[2.44854,48.76093],[2.44788,48.76163],[2.44707,48.76187],[2.44697,48.76197],[2.44712,48.76208],[2.44472,48.76298],[2.44254,48.76194],[2.44142,48.76124],[2.4369,48.76239],[2.43415,48.76339]]],"type":"Polygon"}},{"type":"Feature","properties":{"code":"940790102","nom":"Les Ponceaux","com":"Villiers-sur-Marne","pop80":64.0,"seuls_n":27.0,"p80":2.5,"seuls":42.0,"chaleur":3.7,"alea_fort":0.0,"pauv":17.0,"nbf":0.0,"f_age":0.0,"f_seuls":0.0,"f_chaleur":0.0},"geometry":{"coordinates":[[[2.55133,48.82619],[2.54644,48.82435],[2.54667,48.82404],[2.54575,48.82374],[2.54485,48.8236],[2.54487,48.82342],[2.54783,48.82309],[2.54925,48.823],[2.54932,48.82294],[2.54946,48.82297],[2.54972,48.82289],[2.55133,48.82268],[2.55244,48.82241],[2.55343,48.8224],[2.55571,48.82117],[2.55605,48.82091],[2.55968,48.82277],[2.55908,48.82302],[2.55844,48.82339],[2.55729,48.82376],[2.55516,48.82482],[2.55407,48.82522],[2.5533,48.82521],[2.55133,48.82619]]],"type":"Polygon"}},{"type":"Feature","properties":{"code":"940790109","nom":"Les Stades","com":"Villiers-sur-Marne","pop80":252.0,"seuls_n":38.0,"p80":5.7,"seuls":42.2,"chaleur":4.2,"alea_fort":2.0,"pauv":21.0,"nbf":1.0,"f_age":1.0,"f_seuls":0.0,"f_chaleur":0.0},"geometry":{"coordinates":[[[2.54053,48.83101],[2.54159,48.83071],[2.54256,48.83052],[2.5431,48.83078],[2.54338,48.83059],[2.54699,48.82913],[2.54632,48.82836],[2.54662,48.82824],[2.54755,48.82823],[2.54933,48.82755],[2.54978,48.82802],[2.55147,48.82733],[2.55056,48.82694],[2.55029,48.8269],[2.55033,48.82681],[2.55024,48.82672],[2.55133,48.82619],[2.55481,48.82752],[2.55635,48.82802],[2.55829,48.82848],[2.56059,48.82881],[2.56055,48.82895],[2.55813,48.83004],[2.55677,48.83164],[2.55541,48.83106],[2.55338,48.83267],[2.55274,48.83237],[2.55068,48.83399],[2.55063,48.83395],[2.54916,48.83508],[2.54738,48.83415],[2.54751,48.83487],[2.54745,48.83559],[2.54735,48.83501],[2.5472,48.835],[2.54683,48.83431],[2.54626,48.83379],[2.54553,48.83339],[2.54418,48.83288],[2.54171,48.83179],[2.54053,48.83101]]],"type":"Polygon"}},{"type":"Feature","properties":{"code":"940190103","nom":"Coteaux","com":"Chennevières-sur-Marne","pop80":103.0,"seuls_n":36.0,"p80":4.0,"seuls":35.0,"chaleur":3.2,"alea_fort":0.0,"pauv":7.0,"nbf":0.0,"f_age":0.0,"f_seuls":0.0,"f_chaleur":0.0},"geometry":{"coordinates":[[[2.517,48.78638],[2.51814,48.78562],[2.51793,48.78546],[2.51863,48.78508],[2.51997,48.78606],[2.52106,48.78669],[2.5214,48.78678],[2.52253,48.78761],[2.52295,48.78775],[2.52335,48.78798],[2.52435,48.78922],[2.52475,48.78987],[2.5256,48.7906],[2.52596,48.79082],[2.52654,48.79076],[2.52757,48.79138],[2.52826,48.79211],[2.52894,48.79247],[2.52917,48.79267],[2.52974,48.79347],[2.52978,48.79356],[2.52863,48.79357],[2.52824,48.79364],[2.52852,48.79402],[2.52863,48.79464],[2.52887,48.79526],[2.53045,48.79655],[2.53054,48.79678],[2.53062,48.79709],[2.53006,48.79719],[2.53036,48.79803],[2.53005,48.79972],[2.5297,48.79997],[2.52934,48.80037],[2.52911,48.80071],[2.52881,48.8015],[2.52801,48.80235],[2.52724,48.80461],[2.52703,48.80563],[2.52674,48.80619],[2.5261,48.80689],[2.52573,48.80714],[2.52504,48.80681],[2.52585,48.80588],[2.526,48.80563],[2.52604,48.80508],[2.5262,48.80481],[2.52529,48.80471],[2.52494,48.80461],[2.52481,48.80473],[2.52233,48.80417],[2.52289,48.80215],[2.52299,48.8001],[2.52323,48.79943],[2.52321,48.79895],[2.52307,48.79866],[2.52314,48.79814],[2.52339,48.79756],[2.52354,48.79638],[2.52348,48.79573],[2.52252,48.7923],[2.52121,48.78997],[2.52014,48.78859],[2.51901,48.78756],[2.517,48.78638]]],"type":"Polygon"}},{"type":"Feature","properties":{"code":"940160108","nom":"Prairie","com":"Cachan","pop80":65.0,"seuls_n":40.0,"p80":2.4,"seuls":61.1,"chaleur":7.4,"alea_fort":12.0,"pauv":23.0,"nbf":2.0,"f_age":0.0,"f_seuls":1.0,"f_chaleur":1.0},"geometry":{"coordinates":[[[2.32208,48.78702],[2.32512,48.78632],[2.32474,48.78448],[2.32491,48.78443],[2.32437,48.78332],[2.32484,48.78323],[2.32444,48.78224],[2.32585,48.78189],[2.32645,48.78122],[2.32671,48.78203],[2.32764,48.78205],[2.32864,48.78513],[2.33161,48.79041],[2.33153,48.7905],[2.33167,48.79056],[2.3319,48.79096],[2.32879,48.7919],[2.32649,48.79],[2.32208,48.78702]]],"type":"Polygon"}},{"type":"Feature","properties":{"code":"940670104","nom":"Victor Hugo","com":"Saint-Mandé","pop80":163.0,"seuls_n":133.0,"p80":5.5,"seuls":82.4,"chaleur":12.7,"alea_fort":17.0,"pauv":10.0,"nbf":3.0,"f_age":1.0,"f_seuls":1.0,"f_chaleur":1.0},"geometry":{"coordinates":[[[2.41485,48.84238],[2.41517,48.84127],[2.41764,48.84165],[2.41766,48.84366],[2.41758,48.84584],[2.41746,48.84656],[2.41598,48.84669],[2.41566,48.845],[2.41485,48.84238]]],"type":"Polygon"}},{"type":"Feature","properties":{"code":"940220114","nom":"Port","com":"Choisy-le-Roi","pop80":25.0,"seuls_n":15.0,"p80":1.1,"seuls":60.0,"chaleur":10.3,"alea_fort":25.0,"pauv":21.0,"nbf":2.0,"f_age":0.0,"f_seuls":1.0,"f_chaleur":1.0},"geometry":{"coordinates":[[[2.41102,48.76607],[2.41113,48.76496],[2.41136,48.7638],[2.41212,48.76207],[2.4144,48.75866],[2.41465,48.75867],[2.41491,48.75887],[2.41488,48.75964],[2.415,48.7599],[2.41519,48.75996],[2.417,48.76113],[2.41787,48.76192],[2.41743,48.76228],[2.41477,48.76393],[2.41345,48.76497],[2.41238,48.76609],[2.4122,48.76638],[2.41102,48.76607]]],"type":"Polygon"}},{"type":"Feature","properties":{"code":"940280212","nom":"Pompadour-Grand Marais","com":"Créteil","pop80":7.0,"seuls_n":5.0,"p80":0.3,"seuls":null,"chaleur":7.1,"alea_fort":9.0,"pauv":15.0,"nbf":null,"f_age":null,"f_seuls":null,"f_chaleur":null},"geometry":{"coordinates":[[[2.42825,48.7761],[2.42729,48.77231],[2.42754,48.77083],[2.43813,48.77401],[2.43899,48.77434],[2.4395,48.77472],[2.44301,48.77884],[2.44305,48.78088],[2.44278,48.78303],[2.44261,48.78329],[2.44172,48.78399],[2.44129,48.78449],[2.44101,48.78508],[2.44091,48.78596],[2.44081,48.78596],[2.44081,48.78581],[2.44032,48.78564],[2.44028,48.78656],[2.44039,48.78895],[2.4408,48.79101],[2.44148,48.79299],[2.44213,48.79436],[2.44303,48.79589],[2.44262,48.79621],[2.44239,48.79591],[2.43984,48.79529],[2.4402,48.79437],[2.44067,48.79372],[2.44091,48.79352],[2.43677,48.79234],[2.43809,48.79079],[2.43908,48.78919],[2.43571,48.78824],[2.43603,48.787],[2.43283,48.78662],[2.43392,48.78395],[2.43297,48.78374],[2.43092,48.78254],[2.43056,48.78238],[2.43001,48.78231],[2.43004,48.78038],[2.42883,48.78018],[2.42825,48.7761]]],"type":"Polygon"}},{"type":"Feature","properties":{"code":"940520105","nom":"Le Port","com":"Nogent-sur-Marne","pop80":129.0,"seuls_n":26.0,"p80":3.9,"seuls":35.9,"chaleur":4.7,"alea_fort":5.0,"pauv":6.0,"nbf":0.0,"f_age":0.0,"f_seuls":0.0,"f_chaleur":0.0},"geometry":{"coordinates":[[[2.46955,48.83002],[2.4714,48.829],[2.47222,48.82953],[2.4732,48.82991],[2.47569,48.83056],[2.47761,48.8309],[2.47934,48.83106],[2.48295,48.83152],[2.48478,48.83147],[2.487,48.83107],[2.4885,48.83102],[2.49314,48.83106],[2.49667,48.83082],[2.49765,48.83081],[2.49531,48.83437],[2.49333,48.83401],[2.49311,48.8339],[2.49112,48.83379],[2.48979,48.83344],[2.48933,48.83338],[2.48889,48.83396],[2.48868,48.83489],[2.4886,48.83586],[2.48677,48.83638],[2.48569,48.83653],[2.48559,48.83599],[2.48538,48.83573],[2.48548,48.83477],[2.48476,48.83466],[2.48457,48.83426],[2.48409,48.83378],[2.48354,48.83365],[2.48339,48.83408],[2.48205,48.83392],[2.48029,48.83335],[2.47965,48.83335],[2.479,48.83321],[2.47692,48.83295],[2.47696,48.83242],[2.4765,48.83204],[2.47636,48.83211],[2.47508,48.83199],[2.47365,48.83217],[2.47311,48.83209],[2.47075,48.83108],[2.46955,48.83002]]],"type":"Polygon"}},{"type":"Feature","properties":{"code":"940520102","nom":"Boulevard de Strasbourg","com":"Nogent-sur-Marne","pop80":144.0,"seuls_n":81.0,"p80":4.3,"seuls":55.9,"chaleur":9.1,"alea_fort":19.0,"pauv":14.0,"nbf":2.0,"f_age":0.0,"f_seuls":1.0,"f_chaleur":1.0},"geometry":{"coordinates":[[[2.4815,48.84224],[2.48033,48.84143],[2.4807,48.84111],[2.48108,48.84095],[2.4821,48.83998],[2.48242,48.84019],[2.48294,48.83978],[2.48311,48.83944],[2.4835,48.83918],[2.48598,48.84081],[2.48677,48.84223],[2.48746,48.84373],[2.48751,48.844],[2.48714,48.84385],[2.487,48.84386],[2.48667,48.84404],[2.4857,48.84385],[2.48583,48.84339],[2.48551,48.84319],[2.48413,48.8431],[2.4832,48.84237],[2.48191,48.84238],[2.4815,48.84224]]],"type":"Polygon"}},{"type":"Feature","properties":{"code":"940580113","nom":"Les Joncs Marins-Fosse Moreau","com":"Le Perreux-sur-Marne","pop80":109.0,"seuls_n":57.0,"p80":3.7,"seuls":52.3,"chaleur":4.8,"alea_fort":0.0,"pauv":8.0,"nbf":0.0,"f_age":0.0,"f_seuls":0.0,"f_chaleur":0.0},"geometry":{"coordinates":[[[2.50457,48.8573],[2.50427,48.85593],[2.50397,48.85557],[2.4994,48.85263],[2.49928,48.85236],[2.49718,48.85093],[2.49623,48.84963],[2.49624,48.8495],[2.49591,48.84941],[2.49601,48.84928],[2.51141,48.85245],[2.50856,48.85342],[2.50809,48.85409],[2.50729,48.85464],[2.50666,48.85534],[2.50548,48.85721],[2.50457,48.8573]]],"type":"Polygon"}},{"type":"Feature","properties":{"code":"940780208","nom":"Bernard de Palissy","com":"Villeneuve-Saint-Georges","pop80":65.0,"seuls_n":27.0,"p80":2.9,"seuls":42.0,"chaleur":3.4,"alea_fort":0.0,"pauv":31.0,"nbf":0.0,"f_age":0.0,"f_seuls":0.0,"f_chaleur":0.0},"geometry":{"coordinates":[[[2.44571,48.74967],[2.44662,48.74602],[2.44669,48.74234],[2.4522,48.74219],[2.45221,48.74413],[2.45271,48.7461],[2.45279,48.74679],[2.44903,48.74717],[2.44895,48.74708],[2.4488,48.74709],[2.44879,48.74725],[2.44571,48.74967]]],"type":"Polygon"}},{"type":"Feature","properties":{"code":"940810203","nom":"Rabelais Commune de Paris 1","com":"Vitry-sur-Seine","pop80":84.0,"seuls_n":41.0,"p80":2.6,"seuls":49.0,"chaleur":8.0,"alea_fort":3.0,"pauv":28.0,"nbf":1.0,"f_age":0.0,"f_seuls":0.0,"f_chaleur":1.0},"geometry":{"coordinates":[[[2.38981,48.78324],[2.39032,48.78145],[2.39119,48.77978],[2.3928,48.77913],[2.39318,48.77905],[2.39354,48.77886],[2.39453,48.77751],[2.39458,48.77732],[2.39652,48.7782],[2.39549,48.7802],[2.39485,48.78172],[2.39419,48.78276],[2.39319,48.78241],[2.39247,48.78237],[2.39196,48.78245],[2.39151,48.78263],[2.39046,48.78343],[2.38981,48.78324]]],"type":"Polygon"}},{"type":"Feature","properties":{"code":"940180102","nom":"Gabrielle Leclerc","com":"Charenton-le-Pont","pop80":164.0,"seuls_n":97.0,"p80":5.8,"seuls":59.3,"chaleur":12.6,"alea_fort":61.0,"pauv":5.0,"nbf":3.0,"f_age":1.0,"f_seuls":1.0,"f_chaleur":1.0},"geometry":{"coordinates":[[[2.41288,48.82206],[2.41454,48.82098],[2.41979,48.82131],[2.41996,48.82408],[2.41891,48.82424],[2.41787,48.8245],[2.41782,48.82439],[2.41791,48.8237],[2.41398,48.82235],[2.41288,48.82206]]],"type":"Polygon"}},{"type":"Feature","properties":{"code":"940210105","nom":"Bretagne 2","com":"Chevilly-Larue","pop80":165.0,"seuls_n":72.0,"p80":5.5,"seuls":43.5,"chaleur":4.4,"alea_fort":5.0,"pauv":12.0,"nbf":1.0,"f_age":1.0,"f_seuls":0.0,"f_chaleur":0.0},"geometry":{"coordinates":[[[2.35549,48.76564],[2.35737,48.76429],[2.35833,48.76335],[2.3586,48.76331],[2.35998,48.76388],[2.36017,48.76386],[2.36096,48.76315],[2.36276,48.76129],[2.36421,48.76033],[2.36444,48.76031],[2.36542,48.76127],[2.36396,48.7625],[2.36287,48.76355],[2.36476,48.76433],[2.36489,48.76501],[2.36435,48.76563],[2.36685,48.76685],[2.36806,48.76721],[2.36798,48.76871],[2.36777,48.76872],[2.36738,48.76896],[2.36131,48.77126],[2.36036,48.77076],[2.35924,48.77041],[2.35915,48.77041],[2.35884,48.77081],[2.3578,48.77055],[2.35789,48.77018],[2.35814,48.76972],[2.35897,48.76853],[2.35922,48.76831],[2.35919,48.76824],[2.35968,48.76755],[2.35577,48.76582],[2.35549,48.76564]]],"type":"Polygon"}},{"type":"Feature","properties":{"code":"940750104","nom":"Grosbois","com":"Villecresnes","pop80":109.0,"seuls_n":31.0,"p80":2.8,"seuls":28.1,"chaleur":3.6,"alea_fort":2.0,"pauv":9.0,"nbf":0.0,"f_age":0.0,"f_seuls":0.0,"f_chaleur":0.0},"geometry":{"coordinates":[[[2.51971,48.71259],[2.5185,48.71248],[2.51805,48.71234],[2.51809,48.71224],[2.51823,48.71216],[2.51913,48.71205],[2.52025,48.7121],[2.52148,48.71233],[2.52256,48.7099],[2.52436,48.70993],[2.52641,48.70961],[2.52652,48.70801],[2.52735,48.70795],[2.52931,48.70798],[2.52904,48.70631],[2.53265,48.70541],[2.53342,48.70699],[2.53378,48.70807],[2.53398,48.70919],[2.53438,48.70971],[2.53647,48.70956],[2.53719,48.71011],[2.53728,48.71],[2.53794,48.71051],[2.53906,48.71121],[2.53917,48.71104],[2.54153,48.71185],[2.54317,48.71191],[2.54529,48.71184],[2.54545,48.71234],[2.54733,48.71213],[2.54852,48.7119],[2.54884,48.71235],[2.54913,48.71297],[2.55043,48.71461],[2.55009,48.71494],[2.55171,48.71584],[2.55198,48.71566],[2.55321,48.71643],[2.55359,48.71616],[2.55324,48.71579],[2.554,48.71542],[2.55556,48.71661],[2.55699,48.71813],[2.55341,48.71941],[2.55328,48.71924],[2.55198,48.71958],[2.55344,48.72233],[2.54922,48.7258],[2.54888,48.7254],[2.54427,48.72545],[2.54427,48.72524],[2.54352,48.72532],[2.5433,48.7251],[2.54318,48.72482],[2.54206,48.72522],[2.54165,48.7253],[2.54142,48.72526],[2.54122,48.72539],[2.54032,48.72554],[2.53981,48.72438],[2.53729,48.72206],[2.53795,48.72199],[2.53883,48.72178],[2.54109,48.72098],[2.54144,48.72094],[2.54205,48.72096],[2.54235,48.72087],[2.54269,48.72058],[2.54304,48.72044],[2.54295,48.72027],[2.54268,48.72014],[2.54242,48.71961],[2.54183,48.7193],[2.54121,48.71913],[2.5408,48.7191],[2.54049,48.71885],[2.54011,48.71869],[2.5399,48.71849],[2.53882,48.71818],[2.53884,48.71798],[2.53861,48.71789],[2.53867,48.71763],[2.53786,48.71707],[2.53709,48.717],[2.53676,48.71707],[2.53642,48.71688],[2.53577,48.71699],[2.53557,48.71683],[2.53531,48.71687],[2.5348,48.71681],[2.53361,48.71634],[2.53319,48.71602],[2.53143,48.71542],[2.53034,48.71487],[2.52995,48.71481],[2.52944,48.71446],[2.52895,48.71425],[2.52808,48.71406],[2.52747,48.71412],[2.5264,48.71411],[2.52621,48.71402],[2.52592,48.71366],[2.52543,48.71346],[2.52528,48.71321],[2.5252,48.71318],[2.52502,48.71328],[2.52434,48.71317],[2.52389,48.71329],[2.52363,48.7135],[2.52295,48.71368],[2.52277,48.71379],[2.52217,48.71392],[2.522,48.71407],[2.52151,48.71426],[2.52124,48.71426],[2.52061,48.71406],[2.52043,48.71393],[2.52051,48.7136],[2.52078,48.71334],[2.52064,48.71303],[2.52089,48.71285],[2.51971,48.71259]]],"type":"Polygon"}},{"type":"Feature","properties":{"code":"940790105","nom":"Les Boutareines","com":"Villiers-sur-Marne","pop80":102.0,"seuls_n":54.0,"p80":4.9,"seuls":52.9,"chaleur":3.9,"alea_fort":3.0,"pauv":15.0,"nbf":0.0,"f_age":0.0,"f_seuls":0.0,"f_chaleur":0.0},"geometry":{"coordinates":[[[2.5257,48.82426],[2.52593,48.82403],[2.52584,48.82351],[2.53377,48.82274],[2.53586,48.82263],[2.53761,48.82264],[2.54044,48.82286],[2.54111,48.82298],[2.5412,48.82322],[2.5411,48.82346],[2.54113,48.82379],[2.54041,48.82605],[2.53729,48.82553],[2.53588,48.82549],[2.53529,48.82561],[2.53524,48.82555],[2.53199,48.82537],[2.5279,48.82497],[2.52764,48.82489],[2.52764,48.82458],[2.52663,48.82424],[2.52608,48.82438],[2.5257,48.82426]]],"type":"Polygon"}},{"type":"Feature","properties":{"code":"940780202","nom":"Victor Hugo","com":"Villeneuve-Saint-Georges","pop80":121.0,"seuls_n":50.0,"p80":4.8,"seuls":41.2,"chaleur":7.9,"alea_fort":0.0,"pauv":41.0,"nbf":1.0,"f_age":0.0,"f_seuls":0.0,"f_chaleur":1.0},"geometry":{"coordinates":[[[2.44679,48.733],[2.45123,48.73306],[2.45141,48.73311],[2.45214,48.7337],[2.45412,48.73564],[2.45442,48.73624],[2.45227,48.73684],[2.4521,48.73638],[2.44679,48.73689],[2.44685,48.73313],[2.44679,48.733]]],"type":"Polygon"}},{"type":"Feature","properties":{"code":"940760107","nom":"Zola","com":"Villejuif","pop80":156.0,"seuls_n":86.0,"p80":5.6,"seuls":55.5,"chaleur":7.4,"alea_fort":0.0,"pauv":23.0,"nbf":3.0,"f_age":1.0,"f_seuls":1.0,"f_chaleur":1.0},"geometry":{"coordinates":[[[2.36456,48.80272],[2.36519,48.80069],[2.36605,48.80092],[2.36652,48.80058],[2.36777,48.8009],[2.36865,48.80123],[2.36878,48.80147],[2.36911,48.80174],[2.36955,48.80145],[2.36933,48.80135],[2.36991,48.80079],[2.37307,48.80252],[2.37154,48.8037],[2.37029,48.80498],[2.36456,48.80272]]],"type":"Polygon"}},{"type":"Feature","properties":{"code":"940800102","nom":"Centre Nord 2","com":"Vincennes","pop80":142.0,"seuls_n":107.0,"p80":6.1,"seuls":75.4,"chaleur":15.2,"alea_fort":95.0,"pauv":7.0,"nbf":3.0,"f_age":1.0,"f_seuls":1.0,"f_chaleur":1.0},"geometry":{"coordinates":[[[2.43459,48.84992],[2.4347,48.84726],[2.43905,48.8471],[2.43921,48.84704],[2.43922,48.84691],[2.43997,48.8469],[2.44017,48.84794],[2.44123,48.84785],[2.44107,48.84934],[2.43797,48.84932],[2.4381,48.85044],[2.438,48.85032],[2.43791,48.84957],[2.43775,48.84949],[2.43544,48.84959],[2.4354,48.85041],[2.43459,48.84992]]],"type":"Polygon"}},{"type":"Feature","properties":{"code":"940171002","nom":"Coteaux 2","com":"Champigny-sur-Marne","pop80":136.0,"seuls_n":55.0,"p80":6.7,"seuls":40.7,"chaleur":5.2,"alea_fort":0.0,"pauv":13.0,"nbf":1.0,"f_age":1.0,"f_seuls":0.0,"f_chaleur":0.0},"geometry":{"coordinates":[[[2.50985,48.80987],[2.51107,48.80964],[2.51306,48.8095],[2.5146,48.80929],[2.51636,48.80892],[2.51827,48.80828],[2.51928,48.80769],[2.52001,48.80715],[2.52055,48.80636],[2.52211,48.80468],[2.52233,48.80417],[2.52424,48.80459],[2.52304,48.80661],[2.51992,48.80954],[2.51919,48.80989],[2.51524,48.81141],[2.51394,48.81175],[2.5138,48.81183],[2.51367,48.81179],[2.51283,48.81191],[2.51218,48.81037],[2.51144,48.81053],[2.51103,48.81073],[2.51017,48.81071],[2.50985,48.80987]]],"type":"Polygon"}},{"type":"Feature","properties":{"code":"940590105","nom":"Saint-Pierre-Kiffer","com":"Le Plessis-Trévise","pop80":166.0,"seuls_n":107.0,"p80":9.4,"seuls":64.8,"chaleur":3.2,"alea_fort":3.0,"pauv":11.0,"nbf":2.0,"f_age":1.0,"f_seuls":1.0,"f_chaleur":0.0},"geometry":{"coordinates":[[[2.5709,48.80685],[2.57513,48.80174],[2.57521,48.80127],[2.57537,48.80131],[2.5755,48.80125],[2.57574,48.80126],[2.57597,48.80131],[2.57786,48.8019],[2.58098,48.80304],[2.57754,48.80592],[2.57759,48.80601],[2.58222,48.80634],[2.58228,48.80641],[2.58243,48.80641],[2.58268,48.80862],[2.58281,48.80871],[2.5827,48.80879],[2.58283,48.80887],[2.58272,48.809],[2.58286,48.81009],[2.58163,48.81041],[2.5811,48.8106],[2.57595,48.80739],[2.57576,48.80738],[2.57577,48.80727],[2.57446,48.80647],[2.57432,48.80647],[2.57424,48.80641],[2.5709,48.80685]]],"type":"Polygon"}},{"type":"Feature","properties":{"code":"940020105","nom":"Blanqui Seine Ponton","com":"Alfortville","pop80":64.0,"seuls_n":27.0,"p80":1.7,"seuls":41.9,"chaleur":12.1,"alea_fort":40.0,"pauv":18.0,"nbf":1.0,"f_age":0.0,"f_seuls":0.0,"f_chaleur":1.0},"geometry":{"coordinates":[[[2.41432,48.80995],[2.41015,48.80944],[2.41001,48.80893],[2.41002,48.80769],[2.41029,48.8067],[2.41086,48.80568],[2.41103,48.8057],[2.41349,48.80536],[2.41515,48.80567],[2.41484,48.80731],[2.41446,48.80855],[2.41432,48.80995]]],"type":"Polygon"}},{"type":"Feature","properties":{"code":"940520104","nom":"Centre Ville","com":"Nogent-sur-Marne","pop80":104.0,"seuls_n":63.0,"p80":2.8,"seuls":79.0,"chaleur":13.3,"alea_fort":70.0,"pauv":9.0,"nbf":2.0,"f_age":0.0,"f_seuls":1.0,"f_chaleur":1.0},"geometry":{"coordinates":[[[2.47829,48.83641],[2.48152,48.8363],[2.48199,48.83636],[2.48228,48.83655],[2.48385,48.83706],[2.48455,48.8371],[2.48561,48.83703],[2.4862,48.83714],[2.48681,48.83734],[2.48666,48.83758],[2.48599,48.83822],[2.48496,48.83895],[2.48527,48.83952],[2.48466,48.83996],[2.4835,48.83918],[2.48311,48.83944],[2.48294,48.83978],[2.48242,48.84019],[2.48015,48.83858],[2.47885,48.83752],[2.47859,48.83723],[2.47829,48.83641]]],"type":"Polygon"}},{"type":"Feature","properties":{"code":"940790103","nom":"Les Perroquets","com":"Villiers-sur-Marne","pop80":307.0,"seuls_n":161.0,"p80":8.3,"seuls":52.5,"chaleur":3.6,"alea_fort":2.0,"pauv":10.0,"nbf":1.0,"f_age":1.0,"f_seuls":0.0,"f_chaleur":0.0},"geometry":{"coordinates":[[[2.53903,48.81799],[2.54028,48.8183],[2.54115,48.81878],[2.54145,48.81888],[2.54264,48.81896],[2.54357,48.8195],[2.54491,48.81982],[2.54715,48.81992],[2.54824,48.81984],[2.54868,48.81971],[2.54926,48.8191],[2.55001,48.8187],[2.55048,48.81862],[2.55337,48.81852],[2.55446,48.81821],[2.55579,48.81888],[2.55596,48.81882],[2.55624,48.81897],[2.55685,48.81902],[2.55737,48.81877],[2.5579,48.8194],[2.55571,48.82117],[2.55343,48.8224],[2.55244,48.82241],[2.55133,48.82268],[2.54972,48.82289],[2.54946,48.82297],[2.54936,48.82293],[2.54925,48.823],[2.54888,48.82299],[2.54584,48.82329],[2.54506,48.82342],[2.54495,48.82339],[2.54482,48.82349],[2.54325,48.82299],[2.54122,48.82263],[2.54116,48.82273],[2.54101,48.82269],[2.54038,48.82144],[2.53958,48.81952],[2.53903,48.81799]]],"type":"Polygon"}},{"type":"Feature","properties":{"code":"940170703","nom":"Quatre Cités 3","com":"Champigny-sur-Marne","pop80":57.0,"seuls_n":25.0,"p80":3.7,"seuls":43.5,"chaleur":7.6,"alea_fort":0.0,"pauv":29.0,"nbf":1.0,"f_age":0.0,"f_seuls":0.0,"f_chaleur":1.0},"geometry":{"coordinates":[[[2.5103,48.82355],[2.51081,48.82143],[2.51417,48.82143],[2.51523,48.82137],[2.51568,48.82129],[2.51621,48.8221],[2.5161,48.8231],[2.51339,48.82377],[2.5125,48.8237],[2.51215,48.8235],[2.51119,48.82361],[2.5103,48.82355]]],"type":"Polygon"}},{"type":"Feature","properties":{"code":"940150105","nom":"La Garenne","com":"Bry-sur-Marne","pop80":100.0,"seuls_n":52.0,"p80":3.5,"seuls":52.3,"chaleur":5.4,"alea_fort":8.0,"pauv":9.0,"nbf":0.0,"f_age":0.0,"f_seuls":0.0,"f_chaleur":0.0},"geometry":{"coordinates":[[[2.52479,48.84091],[2.52512,48.84081],[2.52745,48.841],[2.52834,48.84083],[2.52883,48.84056],[2.52926,48.84011],[2.52947,48.83953],[2.52934,48.83895],[2.52962,48.83873],[2.52981,48.83869],[2.53022,48.83885],[2.5307,48.83889],[2.53165,48.8393],[2.53281,48.83842],[2.53394,48.83793],[2.53413,48.83793],[2.53423,48.83802],[2.5344,48.83806],[2.53461,48.83795],[2.53697,48.83862],[2.53791,48.83882],[2.53939,48.83893],[2.53997,48.83904],[2.54081,48.83936],[2.54022,48.83983],[2.53951,48.83981],[2.53915,48.83998],[2.53791,48.84083],[2.5375,48.84102],[2.53744,48.84116],[2.53759,48.84137],[2.53756,48.84146],[2.53605,48.84256],[2.5356,48.84297],[2.53551,48.84367],[2.53455,48.84533],[2.52672,48.84295],[2.52608,48.84256],[2.52479,48.84091]]],"type":"Polygon"}},{"type":"Feature","properties":{"code":"940770107","nom":"La Grusie","com":"Villeneuve-le-Roi","pop80":91.0,"seuls_n":48.0,"p80":3.2,"seuls":52.7,"chaleur":3.9,"alea_fort":2.0,"pauv":23.0,"nbf":0.0,"f_age":0.0,"f_seuls":0.0,"f_chaleur":0.0},"geometry":{"coordinates":[[[2.40092,48.73767],[2.40164,48.73651],[2.40118,48.73549],[2.40143,48.7352],[2.40176,48.73526],[2.40223,48.7345],[2.40249,48.73451],[2.40282,48.73373],[2.40335,48.73307],[2.40392,48.73309],[2.40486,48.73334],[2.40578,48.73369],[2.40539,48.73476],[2.40545,48.73523],[2.40561,48.73557],[2.40595,48.73596],[2.40863,48.73841],[2.40896,48.73884],[2.40912,48.73925],[2.41066,48.73921],[2.41191,48.73933],[2.41294,48.73956],[2.41377,48.73983],[2.41446,48.74014],[2.41555,48.74078],[2.41633,48.74147],[2.41699,48.74237],[2.41732,48.7433],[2.4151,48.74302],[2.41478,48.74364],[2.40872,48.74221],[2.40781,48.74243],[2.40707,48.74227],[2.40744,48.74161],[2.40648,48.74127],[2.40655,48.74117],[2.40572,48.74086],[2.40558,48.74091],[2.40502,48.74074],[2.40541,48.74038],[2.40438,48.73996],[2.40453,48.73977],[2.40211,48.73885],[2.40255,48.73843],[2.40275,48.73799],[2.40246,48.73798],[2.40092,48.73767]]],"type":"Polygon"}},{"type":"Feature","properties":{"code":"940280206","nom":"Port-Source","com":"Créteil","pop80":76.0,"seuls_n":33.0,"p80":1.2,"seuls":43.5,"chaleur":9.0,"alea_fort":26.0,"pauv":21.0,"nbf":1.0,"f_age":0.0,"f_seuls":0.0,"f_chaleur":1.0},"geometry":{"coordinates":[[[2.45413,48.77449],[2.45509,48.77359],[2.45529,48.77358],[2.45529,48.77373],[2.45538,48.77376],[2.45589,48.77383],[2.45632,48.77376],[2.45665,48.77357],[2.45681,48.7733],[2.45681,48.77305],[2.45671,48.77283],[2.45636,48.77253],[2.45682,48.77204],[2.45697,48.77198],[2.45724,48.77203],[2.45771,48.77236],[2.45786,48.77239],[2.45885,48.77201],[2.45779,48.77009],[2.4604,48.7695],[2.46101,48.76931],[2.46105,48.7692],[2.46032,48.76898],[2.45947,48.7685],[2.45879,48.76832],[2.45619,48.76817],[2.45532,48.76798],[2.45531,48.76778],[2.45502,48.76763],[2.45548,48.76679],[2.45654,48.76645],[2.45708,48.76635],[2.45957,48.76668],[2.45998,48.76572],[2.46128,48.76589],[2.46128,48.76594],[2.46336,48.76679],[2.46609,48.76616],[2.466,48.76649],[2.46512,48.76806],[2.46516,48.76848],[2.4651,48.76869],[2.46435,48.76948],[2.46398,48.77001],[2.46357,48.77076],[2.46367,48.77106],[2.46247,48.77364],[2.46183,48.77453],[2.46084,48.77446],[2.45938,48.776],[2.45894,48.77631],[2.4582,48.77669],[2.45795,48.77691],[2.4577,48.77699],[2.45771,48.77757],[2.45518,48.77746],[2.45526,48.77638],[2.45642,48.77644],[2.45712,48.77635],[2.45823,48.77569],[2.45824,48.77517],[2.45799,48.77517],[2.45783,48.77522],[2.45717,48.7752],[2.4572,48.7746],[2.45711,48.77444],[2.45675,48.7747],[2.45649,48.77456],[2.45485,48.7745],[2.45454,48.77442],[2.45413,48.77449]]],"type":"Polygon"}},{"type":"Feature","properties":{"code":"940540106","nom":"Pierre au Prêtre","com":"Orly","pop80":129.0,"seuls_n":64.0,"p80":4.3,"seuls":49.4,"chaleur":5.6,"alea_fort":0.0,"pauv":29.0,"nbf":0.0,"f_age":0.0,"f_seuls":0.0,"f_chaleur":0.0},"geometry":{"coordinates":[[[2.40649,48.74945],[2.40499,48.74923],[2.40174,48.74853],[2.40149,48.74854],[2.40107,48.74778],[2.39878,48.74733],[2.39866,48.74758],[2.3977,48.74604],[2.39821,48.74559],[2.39925,48.74488],[2.40103,48.74511],[2.40413,48.74573],[2.4068,48.74664],[2.4072,48.74681],[2.40649,48.74945]]],"type":"Polygon"}},{"type":"Feature","properties":{"code":"940780206","nom":"Robert Schumann","com":"Villeneuve-Saint-Georges","pop80":59.0,"seuls_n":26.0,"p80":2.7,"seuls":44.9,"chaleur":9.9,"alea_fort":15.0,"pauv":33.0,"nbf":1.0,"f_age":0.0,"f_seuls":0.0,"f_chaleur":1.0},"geometry":{"coordinates":[[[2.44809,48.75259],[2.45109,48.75203],[2.45064,48.75103],[2.45244,48.75068],[2.45189,48.74951],[2.45318,48.74911],[2.45332,48.74912],[2.45364,48.75053],[2.45376,48.7519],[2.45382,48.75194],[2.45428,48.75196],[2.45445,48.75231],[2.45445,48.75262],[2.45434,48.75268],[2.45067,48.75363],[2.45053,48.75356],[2.4487,48.75404],[2.44809,48.75259]]],"type":"Polygon"}},{"type":"Feature","properties":{"code":"940040106","nom":"Bois Clary","com":"Boissy-Saint-Léger","pop80":101.0,"seuls_n":32.0,"p80":3.3,"seuls":31.3,"chaleur":3.2,"alea_fort":0.0,"pauv":7.0,"nbf":0.0,"f_age":0.0,"f_seuls":0.0,"f_chaleur":0.0},"geometry":{"coordinates":[[[2.51178,48.74477],[2.5118,48.74462],[2.51891,48.73613],[2.5222,48.73236],[2.52268,48.73196],[2.53082,48.72739],[2.53634,48.72814],[2.53652,48.72817],[2.53442,48.72951],[2.5446,48.73636],[2.55263,48.74682],[2.54347,48.74877],[2.54645,48.75196],[2.54913,48.75202],[2.55117,48.75],[2.55497,48.75367],[2.55727,48.75376],[2.5573,48.7546],[2.53895,48.75539],[2.53724,48.75448],[2.52649,48.75617],[2.52635,48.75579],[2.52601,48.75552],[2.52354,48.75374],[2.52322,48.7534],[2.52297,48.75336],[2.52296,48.75317],[2.52229,48.75288],[2.52202,48.75269],[2.51565,48.74776],[2.51412,48.74643],[2.51178,48.74477]]],"type":"Polygon"}},{"type":"Feature","properties":{"code":"940330118","nom":"Roublot 1","com":"Fontenay-sous-Bois","pop80":76.0,"seuls_n":54.0,"p80":2.9,"seuls":70.1,"chaleur":7.7,"alea_fort":14.0,"pauv":9.0,"nbf":2.0,"f_age":0.0,"f_seuls":1.0,"f_chaleur":1.0},"geometry":{"coordinates":[[[2.45625,48.84965],[2.45633,48.84962],[2.4563,48.84956],[2.45641,48.84959],[2.46098,48.8489],[2.46373,48.84807],[2.46417,48.84788],[2.4648,48.84863],[2.46442,48.84875],[2.46555,48.85002],[2.46325,48.85066],[2.46263,48.85093],[2.46219,48.85126],[2.46086,48.85016],[2.45919,48.85082],[2.45937,48.85106],[2.45731,48.85167],[2.45732,48.85119],[2.45719,48.85084],[2.45684,48.85034],[2.4567,48.8503],[2.45644,48.84975],[2.45625,48.84965]]],"type":"Polygon"}},{"type":"Feature","properties":{"code":"940170801","nom":"Zone Industrielle","com":"Champigny-sur-Marne"},"geometry":{"coordinates":[[[2.51651,48.82722],[2.51615,48.82655],[2.516,48.82599],[2.51597,48.82526],[2.51609,48.82445],[2.51653,48.8244],[2.51648,48.82383],[2.51664,48.82347],[2.51676,48.82328],[2.51736,48.8228],[2.51845,48.82284],[2.51993,48.82242],[2.52093,48.82223],[2.52069,48.82177],[2.52067,48.82066],[2.52139,48.82064],[2.52115,48.81879],[2.52285,48.81872],[2.52279,48.81862],[2.52278,48.81726],[2.52464,48.81732],[2.52625,48.81723],[2.52694,48.81728],[2.52693,48.81711],[2.52713,48.81695],[2.52714,48.81619],[2.52742,48.81485],[2.52716,48.81429],[2.52669,48.8141],[2.52658,48.81387],[2.5267,48.81372],[2.52703,48.81367],[2.52713,48.81303],[2.52739,48.81267],[2.5271,48.81258],[2.52723,48.8123],[2.52866,48.81133],[2.52869,48.81098],[2.52864,48.81084],[2.52833,48.81061],[2.52792,48.81058],[2.52775,48.8105],[2.52664,48.8096],[2.53039,48.8076],[2.53035,48.80906],[2.53041,48.8099],[2.53054,48.80994],[2.53065,48.81244],[2.53053,48.81258],[2.52993,48.81272],[2.52992,48.81276],[2.53065,48.81278],[2.53146,48.81266],[2.53179,48.81272],[2.53329,48.81269],[2.53654,48.81227],[2.53678,48.81289],[2.53795,48.81487],[2.53647,48.81497],[2.53691,48.81754],[2.53476,48.81708],[2.53448,48.81832],[2.53346,48.81833],[2.5333,48.81837],[2.53279,48.81931],[2.53203,48.82],[2.52957,48.82126],[2.52889,48.82115],[2.52882,48.82131],[2.52697,48.82122],[2.52675,48.82116],[2.52663,48.82104],[2.52563,48.82114],[2.52565,48.82127],[2.52497,48.82143],[2.52575,48.82297],[2.52593,48.82403],[2.5257,48.82426],[2.52548,48.82479],[2.52446,48.82483],[2.52424,48.82491],[2.52423,48.82521],[2.52407,48.82523],[2.52412,48.82709],[2.52498,48.82721],[2.52395,48.82778],[2.52292,48.8275],[2.51962,48.82713],[2.51819,48.82708],[2.51651,48.82722]]],"type":"Polygon"}},{"type":"Feature","properties":{"code":"940430101","nom":"Les Plantes","com":"Le Kremlin-Bicêtre","pop80":42.0,"seuls_n":34.0,"p80":1.7,"seuls":80.6,"chaleur":11.9,"alea_fort":48.0,"pauv":21.0,"nbf":2.0,"f_age":0.0,"f_seuls":1.0,"f_chaleur":1.0},"geometry":{"coordinates":[[[2.36068,48.81607],[2.36068,48.81585],[2.36049,48.81579],[2.36054,48.81562],[2.36235,48.80984],[2.3628,48.81004],[2.36459,48.81142],[2.36507,48.81162],[2.36624,48.81194],[2.36499,48.81405],[2.36513,48.81409],[2.36454,48.81506],[2.3647,48.81512],[2.3646,48.81526],[2.36461,48.8155],[2.36482,48.81557],[2.3642,48.8164],[2.36333,48.81615],[2.36068,48.81607]]],"type":"Polygon"}},{"type":"Feature","properties":{"code":"940460304","nom":"Charentonneau 4","com":"Maisons-Alfort","pop80":146.0,"seuls_n":54.0,"p80":5.1,"seuls":36.9,"chaleur":7.4,"alea_fort":7.0,"pauv":10.0,"nbf":1.0,"f_age":0.0,"f_seuls":0.0,"f_chaleur":1.0},"geometry":{"coordinates":[[[2.44241,48.80506],[2.44551,48.80342],[2.44704,48.80251],[2.44822,48.80347],[2.44844,48.80428],[2.44863,48.80572],[2.44886,48.80985],[2.44811,48.80987],[2.44806,48.80899],[2.44347,48.8091],[2.44327,48.80528],[2.44241,48.80506]]],"type":"Polygon"}},{"type":"Feature","properties":{"code":"940160111","nom":"Grange-Ory Lumières 2","com":"Cachan","pop80":98.0,"seuls_n":60.0,"p80":3.7,"seuls":61.7,"chaleur":6.6,"alea_fort":1.0,"pauv":15.0,"nbf":1.0,"f_age":0.0,"f_seuls":1.0,"f_chaleur":0.0},"geometry":{"coordinates":[[[2.32341,48.79365],[2.32348,48.79334],[2.3239,48.79336],[2.32879,48.7919],[2.32997,48.7929],[2.33112,48.79407],[2.33132,48.79442],[2.33101,48.79513],[2.33106,48.7961],[2.33122,48.79713],[2.33108,48.79857],[2.33149,48.79949],[2.32957,48.79968],[2.32815,48.79975],[2.32803,48.79984],[2.32793,48.79896],[2.32775,48.79843],[2.32759,48.79825],[2.32659,48.79865],[2.326,48.79792],[2.32596,48.7977],[2.32588,48.79768],[2.32593,48.7976],[2.32526,48.79588],[2.3246,48.79597],[2.32341,48.79365]]],"type":"Polygon"}},{"type":"Feature","properties":{"code":"940810209","nom":"Dalou","com":"Vitry-sur-Seine","pop80":94.0,"seuls_n":49.0,"p80":6.1,"seuls":52.5,"chaleur":4.7,"alea_fort":1.0,"pauv":19.0,"nbf":1.0,"f_age":1.0,"f_seuls":0.0,"f_chaleur":0.0},"geometry":{"coordinates":[[[2.37172,48.78348],[2.3695,48.7824],[2.37092,48.7807],[2.37282,48.78171],[2.37402,48.78258],[2.37583,48.78409],[2.37667,48.78503],[2.37739,48.78599],[2.37687,48.78664],[2.37461,48.78564],[2.37172,48.78348]]],"type":"Polygon"}},{"type":"Feature","properties":{"code":"940780104","nom":"Bois Matar","com":"Villeneuve-Saint-Georges","pop80":42.0,"seuls_n":23.0,"p80":2.4,"seuls":54.7,"chaleur":4.2,"alea_fort":0.0,"pauv":49.0,"nbf":0.0,"f_age":0.0,"f_seuls":0.0,"f_chaleur":0.0},"geometry":{"coordinates":[[[2.46319,48.73871],[2.46174,48.73684],[2.46136,48.73619],[2.46042,48.73556],[2.4598,48.73527],[2.45987,48.73484],[2.46037,48.73485],[2.4604,48.73408],[2.46048,48.73395],[2.46132,48.73378],[2.46203,48.73338],[2.46556,48.73548],[2.46451,48.73624],[2.4655,48.73724],[2.46488,48.7374],[2.46504,48.73783],[2.46424,48.73802],[2.46319,48.73871]]],"type":"Polygon"}},{"type":"Feature","properties":{"code":"940220206","nom":"Gondoles Nord III","com":"Choisy-le-Roi","pop80":159.0,"seuls_n":88.0,"p80":4.0,"seuls":55.2,"chaleur":5.7,"alea_fort":1.0,"pauv":22.0,"nbf":0.0,"f_age":0.0,"f_seuls":0.0,"f_chaleur":0.0},"geometry":{"coordinates":[[[2.41401,48.77207],[2.41358,48.77113],[2.41357,48.76964],[2.41361,48.76926],[2.41425,48.7673],[2.41442,48.76699],[2.42355,48.76973],[2.42359,48.77196],[2.41401,48.77207]]],"type":"Polygon"}},{"type":"Feature","properties":{"code":"940380111","nom":"Lallier P. Hochart 1","com":"L'Haÿ-les-Roses","pop80":58.0,"seuls_n":6.0,"p80":2.8,"seuls":9.6,"chaleur":6.0,"alea_fort":2.0,"pauv":17.0,"nbf":0.0,"f_age":0.0,"f_seuls":0.0,"f_chaleur":0.0},"geometry":{"coordinates":[[[2.35184,48.77393],[2.35355,48.77315],[2.35371,48.7735],[2.35483,48.7747],[2.35802,48.77609],[2.35999,48.77923],[2.35923,48.77906],[2.35926,48.77896],[2.35808,48.7787],[2.35786,48.77921],[2.35489,48.77876],[2.35484,48.7788],[2.35476,48.77769],[2.35446,48.77708],[2.35184,48.77393]]],"type":"Polygon"}},{"type":"Feature","properties":{"code":"940810113","nom":"Paul Vaillant-Couturier","com":"Vitry-sur-Seine","pop80":121.0,"seuls_n":68.0,"p80":5.1,"seuls":56.4,"chaleur":5.4,"alea_fort":0.0,"pauv":17.0,"nbf":1.0,"f_age":0.0,"f_seuls":1.0,"f_chaleur":0.0},"geometry":{"coordinates":[[[2.39352,48.79585],[2.39557,48.79309],[2.39575,48.79313],[2.39809,48.79604],[2.39891,48.79575],[2.39871,48.79546],[2.40001,48.79581],[2.40009,48.79547],[2.40448,48.79638],[2.40345,48.79843],[2.40087,48.79936],[2.39969,48.79795],[2.39953,48.7978],[2.39938,48.79778],[2.39936,48.7977],[2.39352,48.79585]]],"type":"Polygon"}},{"type":"Feature","properties":{"code":"940330114","nom":"Le Village 1","com":"Fontenay-sous-Bois","pop80":142.0,"seuls_n":80.0,"p80":6.6,"seuls":56.2,"chaleur":3.8,"alea_fort":0.0,"pauv":7.0,"nbf":2.0,"f_age":1.0,"f_seuls":1.0,"f_chaleur":0.0},"geometry":{"coordinates":[[[2.47258,48.8463],[2.47301,48.84503],[2.47212,48.84245],[2.47258,48.84063],[2.47316,48.84006],[2.47602,48.84118],[2.47633,48.84195],[2.47675,48.84248],[2.4768,48.84275],[2.47758,48.8429],[2.47924,48.8435],[2.47907,48.84399],[2.47898,48.84402],[2.47908,48.84411],[2.47887,48.84443],[2.47868,48.84757],[2.47774,48.84874],[2.47701,48.84882],[2.47679,48.84751],[2.47657,48.8475],[2.47622,48.84651],[2.47524,48.84603],[2.47291,48.84631],[2.47258,48.8463]]],"type":"Polygon"}},{"type":"Feature","properties":{"code":"940680301","nom":"Le Parc Saint-Maur 1","com":"Saint-Maur-des-Fossés","pop80":141.0,"seuls_n":83.0,"p80":6.9,"seuls":58.8,"chaleur":3.6,"alea_fort":0.0,"pauv":3.0,"nbf":2.0,"f_age":1.0,"f_seuls":1.0,"f_chaleur":0.0},"geometry":{"coordinates":[[[2.48429,48.80577],[2.48431,48.80561],[2.4847,48.80539],[2.48515,48.80533],[2.49625,48.80687],[2.4962,48.80726],[2.49628,48.80754],[2.49707,48.80885],[2.49731,48.80903],[2.4977,48.8091],[2.49762,48.80924],[2.49714,48.80934],[2.49737,48.80994],[2.49856,48.80995],[2.50118,48.81019],[2.50283,48.81024],[2.50649,48.8099],[2.50658,48.80992],[2.50645,48.81037],[2.50328,48.81058],[2.49788,48.81041],[2.49723,48.81044],[2.49562,48.81064],[2.49116,48.81146],[2.49123,48.81138],[2.48979,48.81017],[2.48878,48.81049],[2.48814,48.81046],[2.48777,48.81021],[2.48717,48.80913],[2.48617,48.80894],[2.48622,48.80886],[2.48613,48.80857],[2.48594,48.80839],[2.48429,48.80577]]],"type":"Polygon"}},{"type":"Feature","properties":{"code":"940340101","nom":"Cerisaie-Médicis","com":"Fresnes"},"geometry":{"coordinates":[[[2.32888,48.75731],[2.32889,48.75712],[2.32913,48.75698],[2.3287,48.7567],[2.32744,48.755],[2.32737,48.75503],[2.32648,48.75382],[2.32645,48.7537],[2.32656,48.75354],[2.32643,48.75352],[2.32609,48.75309],[2.32716,48.7526],[2.3267,48.75195],[2.32653,48.75194],[2.32616,48.75145],[2.32732,48.75094],[2.32843,48.75025],[2.33054,48.74825],[2.33216,48.74949],[2.33323,48.74885],[2.33308,48.74876],[2.33386,48.74834],[2.33417,48.74856],[2.33554,48.74778],[2.33563,48.74785],[2.33609,48.74759],[2.33713,48.74836],[2.33734,48.74828],[2.33826,48.74941],[2.33869,48.75032],[2.33984,48.75205],[2.34101,48.75314],[2.3426,48.75496],[2.34393,48.75632],[2.34163,48.75737],[2.3428,48.75847],[2.34083,48.7592],[2.34074,48.75913],[2.34048,48.75923],[2.34012,48.75892],[2.33703,48.76003],[2.33525,48.76112],[2.33617,48.76153],[2.33663,48.76181],[2.33821,48.76307],[2.33455,48.76438],[2.33229,48.76055],[2.33155,48.75977],[2.33144,48.75978],[2.32941,48.75789],[2.32902,48.75768],[2.32888,48.75731]]],"type":"Polygon"}},{"type":"Feature","properties":{"code":"940430103","nom":"Kremlin-Saint-Germain","com":"Le Kremlin-Bicêtre","pop80":156.0,"seuls_n":70.0,"p80":4.7,"seuls":45.0,"chaleur":9.8,"alea_fort":36.0,"pauv":14.0,"nbf":1.0,"f_age":0.0,"f_seuls":0.0,"f_chaleur":1.0},"geometry":{"coordinates":[[[2.35303,48.81235],[2.35116,48.81143],[2.35043,48.8109],[2.34993,48.8104],[2.34943,48.80976],[2.34953,48.80969],[2.34977,48.80902],[2.35014,48.8087],[2.35185,48.80852],[2.35674,48.80819],[2.35711,48.8081],[2.35842,48.80934],[2.35834,48.80941],[2.35889,48.80983],[2.36178,48.80968],[2.36204,48.80971],[2.3623,48.80984],[2.36141,48.81279],[2.36131,48.81282],[2.36111,48.81285],[2.35812,48.81214],[2.35598,48.81214],[2.35303,48.81235]]],"type":"Polygon"}},{"type":"Feature","properties":{"code":"940330110","nom":"Bois Cadet 1","com":"Fontenay-sous-Bois","pop80":44.0,"seuls_n":14.0,"p80":2.8,"seuls":31.9,"chaleur":7.2,"alea_fort":11.0,"pauv":21.0,"nbf":1.0,"f_age":0.0,"f_seuls":0.0,"f_chaleur":1.0},"geometry":{"coordinates":[[[2.48555,48.85263],[2.48558,48.85226],[2.48213,48.85024],[2.48204,48.85003],[2.48212,48.84984],[2.48381,48.84928],[2.48434,48.84958],[2.48476,48.84973],[2.48492,48.84972],[2.48492,48.84989],[2.48511,48.85006],[2.48513,48.85031],[2.48623,48.85034],[2.48624,48.8502],[2.48701,48.84968],[2.48671,48.84943],[2.48759,48.84843],[2.48775,48.84795],[2.48799,48.84761],[2.4913,48.84826],[2.48972,48.85242],[2.48908,48.85237],[2.48655,48.8524],[2.48626,48.85232],[2.48623,48.85261],[2.48589,48.85273],[2.48555,48.85263]]],"type":"Polygon"}},{"type":"Feature","properties":{"code":"940760117","nom":"Les Lozaits","com":"Villejuif","pop80":87.0,"seuls_n":19.0,"p80":3.6,"seuls":21.5,"chaleur":4.6,"alea_fort":1.0,"pauv":31.0,"nbf":0.0,"f_age":0.0,"f_seuls":0.0,"f_chaleur":0.0},"geometry":{"coordinates":[[[2.35446,48.78556],[2.35456,48.78427],[2.35529,48.78237],[2.35756,48.7826],[2.35838,48.78378],[2.35907,48.78456],[2.3622,48.78447],[2.3619,48.78694],[2.36113,48.78645],[2.36057,48.78681],[2.3604,48.78686],[2.3592,48.78683],[2.35886,48.78657],[2.35772,48.78662],[2.35757,48.78654],[2.35749,48.7864],[2.35748,48.78555],[2.35446,48.78556]]],"type":"Polygon"}},{"type":"Feature","properties":{"code":"940410103","nom":"Centre Ville Ouest","com":"Ivry-sur-Seine","pop80":116.0,"seuls_n":66.0,"p80":4.2,"seuls":57.0,"chaleur":9.1,"alea_fort":23.0,"pauv":20.0,"nbf":2.0,"f_age":0.0,"f_seuls":1.0,"f_chaleur":1.0},"geometry":{"coordinates":[[[2.38059,48.81316],[2.37982,48.81278],[2.37966,48.81259],[2.37961,48.8124],[2.37969,48.81219],[2.38035,48.81134],[2.38037,48.811],[2.38016,48.81082],[2.3799,48.81076],[2.38014,48.81036],[2.38043,48.80956],[2.38096,48.80977],[2.38201,48.80891],[2.38298,48.80825],[2.38337,48.80858],[2.38481,48.80756],[2.38476,48.80743],[2.3859,48.80665],[2.38694,48.80726],[2.38675,48.80776],[2.38687,48.8078],[2.38503,48.8099],[2.38358,48.81105],[2.38396,48.81128],[2.38493,48.81169],[2.38264,48.8139],[2.3812,48.81331],[2.38125,48.81309],[2.38072,48.81329],[2.38071,48.81307],[2.38059,48.81316]]],"type":"Polygon"}},{"type":"Feature","properties":{"code":"940580106","nom":"L'Île de la Roche","com":"Le Perreux-sur-Marne","pop80":343.0,"seuls_n":127.0,"p80":10.1,"seuls":47.9,"chaleur":4.9,"alea_fort":5.0,"pauv":8.0,"nbf":1.0,"f_age":1.0,"f_seuls":0.0,"f_chaleur":0.0},"geometry":{"coordinates":[[[2.50378,48.84295],[2.50347,48.84284],[2.50529,48.84045],[2.5068,48.83722],[2.51535,48.83713],[2.51603,48.83665],[2.5162,48.83642],[2.51653,48.83537],[2.51704,48.83446],[2.51705,48.83415],[2.51766,48.83413],[2.51767,48.83483],[2.51705,48.83622],[2.51653,48.8369],[2.51626,48.83715],[2.51403,48.83863],[2.51344,48.8391],[2.51327,48.83932],[2.51205,48.84251],[2.51147,48.84232],[2.51127,48.8429],[2.5094,48.8425],[2.50409,48.84294],[2.50387,48.84289],[2.50378,48.84295]]],"type":"Polygon"}},{"type":"Feature","properties":{"code":"940460303","nom":"Charentonneau 3","com":"Maisons-Alfort","pop80":123.0,"seuls_n":44.0,"p80":5.6,"seuls":36.0,"chaleur":6.1,"alea_fort":7.0,"pauv":5.0,"nbf":1.0,"f_age":1.0,"f_seuls":0.0,"f_chaleur":0.0},"geometry":{"coordinates":[[[2.44347,48.8091],[2.44806,48.80899],[2.44811,48.80987],[2.44886,48.80985],[2.44895,48.8118],[2.44863,48.81338],[2.44875,48.81418],[2.4491,48.81477],[2.4494,48.81511],[2.44982,48.81545],[2.45054,48.81586],[2.44814,48.81607],[2.44383,48.8162],[2.44347,48.8091]]],"type":"Polygon"}},{"type":"Feature","properties":{"code":"940040105","nom":"Le Centre","com":"Boissy-Saint-Léger","pop80":193.0,"seuls_n":98.0,"p80":4.4,"seuls":51.1,"chaleur":4.6,"alea_fort":1.0,"pauv":15.0,"nbf":0.0,"f_age":0.0,"f_seuls":0.0,"f_chaleur":0.0},"geometry":{"coordinates":[[[2.50589,48.75441],[2.50624,48.75412],[2.50658,48.75362],[2.50662,48.75224],[2.50688,48.75156],[2.51017,48.7469],[2.51044,48.7471],[2.5119,48.74519],[2.51178,48.74477],[2.51412,48.74643],[2.51565,48.74776],[2.52202,48.75269],[2.52229,48.75288],[2.52296,48.75317],[2.52297,48.75336],[2.52322,48.7534],[2.52354,48.75374],[2.52601,48.75552],[2.52635,48.75579],[2.52649,48.75617],[2.52287,48.75752],[2.52045,48.75897],[2.51669,48.76135],[2.51573,48.76118],[2.5138,48.76094],[2.51053,48.76113],[2.50925,48.76138],[2.50839,48.76063],[2.50817,48.76031],[2.50802,48.75853],[2.50767,48.75738],[2.50724,48.75658],[2.50738,48.75617],[2.50726,48.75576],[2.50654,48.75489],[2.50589,48.75441]]],"type":"Polygon"}},{"type":"Feature","properties":{"code":"940670106","nom":"La Pelouse","com":"Saint-Mandé","pop80":167.0,"seuls_n":69.0,"p80":8.4,"seuls":41.2,"chaleur":11.5,"alea_fort":52.0,"pauv":7.0,"nbf":2.0,"f_age":1.0,"f_seuls":0.0,"f_chaleur":1.0},"geometry":{"coordinates":[[[2.418,48.83763],[2.4198,48.83498],[2.42214,48.8358],[2.42169,48.83655],[2.42148,48.8371],[2.42065,48.83692],[2.42016,48.83919],[2.4191,48.83903],[2.41934,48.83799],[2.418,48.83763]]],"type":"Polygon"}},{"type":"Feature","properties":{"code":"940330105","nom":"Jean Zay","com":"Fontenay-sous-Bois","pop80":61.0,"seuls_n":37.0,"p80":2.3,"seuls":60.5,"chaleur":7.6,"alea_fort":27.0,"pauv":25.0,"nbf":2.0,"f_age":0.0,"f_seuls":1.0,"f_chaleur":1.0},"geometry":{"coordinates":[[[2.48014,48.85827],[2.48126,48.85837],[2.48174,48.85757],[2.48196,48.85654],[2.48192,48.85575],[2.48217,48.85533],[2.48194,48.85494],[2.48188,48.85306],[2.48197,48.85273],[2.48178,48.85276],[2.4816,48.85273],[2.48153,48.85255],[2.48164,48.85243],[2.48513,48.85243],[2.48553,48.8523],[2.48555,48.85263],[2.48589,48.85273],[2.48623,48.85261],[2.48626,48.85232],[2.48655,48.8524],[2.48908,48.85237],[2.48972,48.85242],[2.48907,48.85404],[2.4868,48.86067],[2.48159,48.86149],[2.48099,48.86031],[2.48042,48.85972],[2.48047,48.85948],[2.48025,48.8589],[2.48014,48.85827]]],"type":"Polygon"}},{"type":"Feature","properties":{"code":"940430109","nom":"Petits Jardins-Bas de Bicêtre","com":"Le Kremlin-Bicêtre","pop80":71.0,"seuls_n":36.0,"p80":2.7,"seuls":50.6,"chaleur":14.2,"alea_fort":91.0,"pauv":13.0,"nbf":1.0,"f_age":0.0,"f_seuls":0.0,"f_chaleur":1.0},"geometry":{"coordinates":[[[2.36218,48.80977],[2.36223,48.80963],[2.3624,48.80959],[2.36317,48.80705],[2.36552,48.80761],[2.36715,48.80809],[2.3682,48.8085],[2.36794,48.80886],[2.36544,48.80916],[2.36548,48.80922],[2.36422,48.81115],[2.3628,48.81004],[2.36218,48.80977]]],"type":"Polygon"}},{"type":"Feature","properties":{"code":"940650101","nom":"Rungis Ville","com":"Rungis","pop80":109.0,"seuls_n":52.0,"p80":3.7,"seuls":47.9,"chaleur":4.2,"alea_fort":0.0,"pauv":8.0,"nbf":0.0,"f_age":0.0,"f_seuls":0.0,"f_chaleur":0.0},"geometry":{"coordinates":[[[2.34379,48.74718],[2.34477,48.74665],[2.34494,48.74666],[2.34575,48.74707],[2.34695,48.74654],[2.34768,48.74613],[2.34761,48.74588],[2.34794,48.7456],[2.34838,48.74538],[2.34856,48.7454],[2.34881,48.74518],[2.34984,48.74463],[2.34952,48.74354],[2.34926,48.7432],[2.34827,48.7424],[2.34783,48.7415],[2.34894,48.74098],[2.34895,48.7428],[2.34954,48.74328],[2.35005,48.74336],[2.35123,48.74326],[2.35126,48.74285],[2.35143,48.74285],[2.35141,48.74275],[2.35154,48.74269],[2.3524,48.74269],[2.35154,48.74359],[2.35104,48.74399],[2.35125,48.74406],[2.35117,48.74485],[2.35141,48.74508],[2.35145,48.7454],[2.35129,48.74604],[2.35157,48.74703],[2.35152,48.74704],[2.35199,48.74797],[2.35264,48.74877],[2.35328,48.74976],[2.35206,48.7501],[2.35362,48.75132],[2.35287,48.75196],[2.35219,48.75237],[2.35155,48.75262],[2.35058,48.75289],[2.34994,48.75322],[2.34989,48.75306],[2.34949,48.75268],[2.34912,48.75262],[2.34883,48.7527],[2.34872,48.75208],[2.34835,48.75115],[2.34621,48.74889],[2.34595,48.749],[2.34596,48.74874],[2.34586,48.74855],[2.34532,48.74813],[2.3446,48.74775],[2.34379,48.74718]]],"type":"Polygon"}},{"type":"Feature","properties":{"code":"940680303","nom":"Le Parc Saint-Maur 3","com":"Saint-Maur-des-Fossés","pop80":259.0,"seuls_n":110.0,"p80":7.7,"seuls":42.4,"chaleur":4.0,"alea_fort":2.0,"pauv":7.0,"nbf":1.0,"f_age":1.0,"f_seuls":0.0,"f_chaleur":0.0},"geometry":{"coordinates":[[[2.48392,48.80534],[2.4839,48.80523],[2.48428,48.80518],[2.48521,48.80492],[2.48499,48.80487],[2.48492,48.80478],[2.48558,48.80458],[2.48557,48.8045],[2.48575,48.80457],[2.49011,48.80302],[2.49138,48.80254],[2.49207,48.8022],[2.49248,48.80235],[2.49738,48.80304],[2.49746,48.80312],[2.49758,48.80307],[2.50193,48.80369],[2.50199,48.80377],[2.50171,48.80466],[2.50098,48.80456],[2.50044,48.80625],[2.50116,48.80634],[2.5009,48.80717],[2.50365,48.80754],[2.50586,48.80762],[2.50584,48.80819],[2.50552,48.80818],[2.50552,48.80802],[2.50294,48.80784],[2.49253,48.80632],[2.48515,48.80533],[2.4847,48.80539],[2.48431,48.80561],[2.48429,48.80577],[2.48416,48.8055],[2.48402,48.80535],[2.48392,48.80534]]],"type":"Polygon"}},{"type":"Feature","properties":{"code":"940760104","nom":"Monts Cuchets","com":"Villejuif","pop80":65.0,"seuls_n":19.0,"p80":3.1,"seuls":43.6,"chaleur":5.8,"alea_fort":5.0,"pauv":27.0,"nbf":0.0,"f_age":0.0,"f_seuls":0.0,"f_chaleur":0.0},"geometry":{"coordinates":[[[2.34381,48.79766],[2.34426,48.79703],[2.34473,48.79608],[2.34495,48.79508],[2.34496,48.79428],[2.34669,48.79494],[2.34709,48.79526],[2.34734,48.79535],[2.34767,48.7952],[2.34786,48.79518],[2.34935,48.79396],[2.34931,48.79386],[2.3495,48.79385],[2.34964,48.79378],[2.34968,48.79366],[2.34985,48.79369],[2.35124,48.79344],[2.35399,48.79332],[2.35427,48.79432],[2.35491,48.79777],[2.35491,48.79817],[2.3533,48.7983],[2.35302,48.79846],[2.35227,48.79906],[2.35034,48.79967],[2.34953,48.79977],[2.34917,48.79974],[2.34912,48.79965],[2.34984,48.79896],[2.34845,48.79825],[2.34829,48.79824],[2.34762,48.79791],[2.34696,48.79821],[2.34674,48.79821],[2.34525,48.79777],[2.34599,48.79714],[2.34523,48.7969],[2.34381,48.79766]]],"type":"Polygon"}},{"type":"Feature","properties":{"code":"940280301","nom":"Le Halage","com":"Créteil","pop80":103.0,"seuls_n":37.0,"p80":3.3,"seuls":35.9,"chaleur":4.0,"alea_fort":3.0,"pauv":6.0,"nbf":0.0,"f_age":0.0,"f_seuls":0.0,"f_chaleur":0.0},"geometry":{"coordinates":[[[2.45746,48.80511],[2.45895,48.8041],[2.4598,48.80325],[2.4608,48.80248],[2.46146,48.80231],[2.46253,48.8022],[2.46293,48.80209],[2.46339,48.80183],[2.46426,48.80108],[2.46643,48.80009],[2.46704,48.80085],[2.4677,48.80227],[2.46879,48.80266],[2.46849,48.80384],[2.46813,48.80456],[2.46695,48.80526],[2.46401,48.80735],[2.46066,48.80606],[2.46032,48.80631],[2.45746,48.80511]]],"type":"Polygon"}},{"type":"Feature","properties":{"code":"940430102","nom":"Les Sablons","com":"Le Kremlin-Bicêtre","pop80":133.0,"seuls_n":45.0,"p80":5.1,"seuls":33.9,"chaleur":13.3,"alea_fort":58.0,"pauv":17.0,"nbf":1.0,"f_age":0.0,"f_seuls":0.0,"f_chaleur":1.0},"geometry":{"coordinates":[[[2.35267,48.8124],[2.35598,48.81214],[2.35805,48.81214],[2.35839,48.81261],[2.35753,48.81373],[2.3583,48.81535],[2.35867,48.81591],[2.35842,48.81601],[2.35623,48.81594],[2.35611,48.81576],[2.35616,48.8156],[2.35555,48.81473],[2.35464,48.81366],[2.35398,48.81313],[2.35267,48.8124]]],"type":"Polygon"}},{"type":"Feature","properties":{"code":"940210101","nom":"Marché d'Intérêt National Paris-Rungis","com":"Chevilly-Larue"},"geometry":{"coordinates":[[[2.33786,48.75973],[2.34012,48.75892],[2.34048,48.75923],[2.34074,48.75913],[2.34083,48.7592],[2.3428,48.75847],[2.34163,48.75737],[2.34393,48.75632],[2.34447,48.75697],[2.34466,48.75735],[2.34493,48.75877],[2.34557,48.75973],[2.34617,48.76042],[2.3481,48.75849],[2.35051,48.75951],[2.35097,48.75906],[2.35425,48.76047],[2.35548,48.75922],[2.35813,48.76037],[2.35857,48.75991],[2.3601,48.76056],[2.3619,48.75874],[2.36199,48.75694],[2.36431,48.75715],[2.36433,48.75708],[2.36543,48.75716],[2.36864,48.75746],[2.36843,48.76097],[2.36815,48.76029],[2.368,48.76027],[2.36774,48.75989],[2.36763,48.75985],[2.36647,48.75982],[2.36645,48.76022],[2.36625,48.76033],[2.36421,48.76033],[2.36276,48.76129],[2.36096,48.76315],[2.36017,48.76386],[2.35998,48.76388],[2.3586,48.76331],[2.35833,48.76335],[2.35737,48.76429],[2.35528,48.76579],[2.35218,48.7689],[2.35163,48.76931],[2.35069,48.76977],[2.34959,48.77007],[2.34752,48.77025],[2.34718,48.7702],[2.347,48.77005],[2.34621,48.77071],[2.34632,48.7717],[2.3457,48.77179],[2.34538,48.77015],[2.34448,48.76814],[2.34428,48.76818],[2.34414,48.76806],[2.34353,48.76702],[2.34277,48.76622],[2.34011,48.76436],[2.33913,48.76379],[2.33942,48.76289],[2.34027,48.76193],[2.33786,48.75973]]],"type":"Polygon"}},{"type":"Feature","properties":{"code":"940171301","nom":"Cœuilly 1","com":"Champigny-sur-Marne","pop80":199.0,"seuls_n":96.0,"p80":7.1,"seuls":63.6,"chaleur":3.3,"alea_fort":0.0,"pauv":9.0,"nbf":2.0,"f_age":1.0,"f_seuls":1.0,"f_chaleur":0.0},"geometry":{"coordinates":[[[2.53691,48.81754],[2.53647,48.81497],[2.53795,48.81487],[2.53674,48.8128],[2.53654,48.81227],[2.53658,48.8117],[2.53914,48.81114],[2.53926,48.81119],[2.53933,48.81111],[2.53955,48.81105],[2.54159,48.81061],[2.54254,48.81009],[2.54318,48.80991],[2.54421,48.8122],[2.5449,48.81206],[2.54573,48.81228],[2.54565,48.81287],[2.54593,48.81285],[2.54675,48.813],[2.54659,48.81378],[2.54726,48.81575],[2.54981,48.81695],[2.5494,48.81776],[2.54555,48.81799],[2.54504,48.81849],[2.54482,48.81861],[2.54441,48.81871],[2.54332,48.81882],[2.54319,48.81653],[2.53879,48.8169],[2.53903,48.81799],[2.53691,48.81754]]],"type":"Polygon"}},{"type":"Feature","properties":{"code":"940580102","nom":"La Prairie de Nogent","com":"Le Perreux-sur-Marne","pop80":165.0,"seuls_n":73.0,"p80":6.9,"seuls":44.2,"chaleur":4.9,"alea_fort":0.0,"pauv":6.0,"nbf":1.0,"f_age":1.0,"f_seuls":0.0,"f_chaleur":0.0},"geometry":{"coordinates":[[[2.49479,48.83548],[2.49545,48.83411],[2.49765,48.83081],[2.49887,48.8307],[2.50105,48.83026],[2.50507,48.82964],[2.50445,48.83006],[2.50392,48.8307],[2.50573,48.83026],[2.50693,48.83022],[2.5083,48.83005],[2.51065,48.82938],[2.51141,48.82934],[2.51217,48.82951],[2.51412,48.83024],[2.51579,48.83115],[2.51657,48.83175],[2.51764,48.83396],[2.51766,48.83413],[2.51705,48.83415],[2.51677,48.83342],[2.51658,48.83336],[2.51651,48.83281],[2.5159,48.8319],[2.51504,48.83126],[2.51427,48.83079],[2.51223,48.82998],[2.51148,48.82981],[2.51064,48.82975],[2.50953,48.83004],[2.50848,48.83047],[2.50749,48.83057],[2.50693,48.83047],[2.50662,48.83047],[2.50525,48.83063],[2.50355,48.83129],[2.5038,48.83262],[2.50603,48.83254],[2.50633,48.83477],[2.49479,48.83548]]],"type":"Polygon"}},{"type":"Feature","properties":{"code":"940430104","nom":"Les Coquettes","com":"Le Kremlin-Bicêtre","pop80":311.0,"seuls_n":90.0,"p80":8.2,"seuls":48.7,"chaleur":10.4,"alea_fort":42.0,"pauv":17.0,"nbf":2.0,"f_age":1.0,"f_seuls":0.0,"f_chaleur":1.0},"geometry":{"coordinates":[[[2.35711,48.8081],[2.35727,48.80794],[2.35751,48.8079],[2.359,48.80645],[2.36137,48.80742],[2.36211,48.80685],[2.36278,48.8071],[2.36314,48.80716],[2.3624,48.80959],[2.36223,48.80963],[2.36218,48.80977],[2.36178,48.80968],[2.35889,48.80983],[2.35834,48.80941],[2.35842,48.80934],[2.35711,48.8081]]],"type":"Polygon"}},{"type":"Feature","properties":{"code":"940170203","nom":"Plant 3","com":"Champigny-sur-Marne","pop80":145.0,"seuls_n":71.0,"p80":5.4,"seuls":48.8,"chaleur":3.7,"alea_fort":0.0,"pauv":14.0,"nbf":1.0,"f_age":1.0,"f_seuls":0.0,"f_chaleur":0.0},"geometry":{"coordinates":[[[2.49646,48.82365],[2.49745,48.82276],[2.50115,48.8199],[2.50233,48.81935],[2.50697,48.82088],[2.50692,48.82222],[2.50656,48.82323],[2.50692,48.82338],[2.50698,48.82333],[2.5083,48.82342],[2.5084,48.82483],[2.51002,48.82471],[2.50994,48.82502],[2.50697,48.82537],[2.50516,48.82577],[2.5043,48.82604],[2.49646,48.82365]]],"type":"Polygon"}},{"type":"Feature","properties":{"code":"940380106","nom":"Centre 1","com":"L'Haÿ-les-Roses","pop80":354.0,"seuls_n":70.0,"p80":10.4,"seuls":44.9,"chaleur":5.4,"alea_fort":13.0,"pauv":10.0,"nbf":1.0,"f_age":1.0,"f_seuls":0.0,"f_chaleur":0.0},"geometry":{"coordinates":[[[2.3305,48.77614],[2.33053,48.77589],[2.33001,48.7748],[2.33009,48.77462],[2.33143,48.77429],[2.33245,48.77419],[2.33306,48.77407],[2.33429,48.77369],[2.33548,48.7736],[2.33719,48.7733],[2.33729,48.77351],[2.33788,48.77339],[2.33821,48.77407],[2.33885,48.7744],[2.33959,48.77426],[2.34006,48.77653],[2.3406,48.77841],[2.33936,48.77858],[2.33881,48.77875],[2.33867,48.7789],[2.33885,48.77955],[2.33909,48.77999],[2.3392,48.78006],[2.33916,48.78025],[2.33985,48.78241],[2.34063,48.78342],[2.34091,48.78392],[2.33951,48.78426],[2.33926,48.78386],[2.33914,48.78378],[2.33918,48.78372],[2.33859,48.78272],[2.33788,48.78286],[2.33784,48.78276],[2.3355,48.78337],[2.33585,48.78382],[2.33441,48.78425],[2.33438,48.78437],[2.33366,48.78437],[2.33398,48.78344],[2.33399,48.78191],[2.33421,48.78145],[2.33454,48.78111],[2.33494,48.78084],[2.33515,48.78057],[2.33515,48.7798],[2.33555,48.77891],[2.33503,48.77836],[2.33451,48.77806],[2.33354,48.77767],[2.33181,48.7766],[2.3305,48.77614]]],"type":"Polygon"}},{"type":"Feature","properties":{"code":"940810211","nom":"Édouard Tremblay","com":"Vitry-sur-Seine","pop80":104.0,"seuls_n":47.0,"p80":5.5,"seuls":45.0,"chaleur":3.4,"alea_fort":6.0,"pauv":11.0,"nbf":1.0,"f_age":1.0,"f_seuls":0.0,"f_chaleur":0.0},"geometry":{"coordinates":[[[2.37532,48.78861],[2.37739,48.78599],[2.37803,48.78636],[2.37945,48.78692],[2.38041,48.7857],[2.3814,48.7846],[2.38435,48.78169],[2.38548,48.78202],[2.38549,48.78217],[2.38507,48.78282],[2.38547,48.78335],[2.3848,48.784],[2.38441,48.78452],[2.38513,48.78592],[2.38504,48.78682],[2.3848,48.78741],[2.38506,48.78819],[2.38454,48.78869],[2.3844,48.78896],[2.38429,48.79068],[2.38349,48.79171],[2.38177,48.7913],[2.37766,48.7887],[2.37724,48.78863],[2.37532,48.78861]]],"type":"Polygon"}},{"type":"Feature","properties":{"code":"940170301","nom":"Remise Saint-Maur 1","com":"Champigny-sur-Marne","pop80":130.0,"seuls_n":78.0,"p80":5.3,"seuls":60.2,"chaleur":5.1,"alea_fort":0.0,"pauv":18.0,"nbf":1.0,"f_age":0.0,"f_seuls":1.0,"f_chaleur":0.0},"geometry":{"coordinates":[[[2.48221,48.81764],[2.48557,48.81645],[2.49151,48.81544],[2.4928,48.81815],[2.48479,48.81982],[2.4841,48.82003],[2.4835,48.81994],[2.48252,48.81995],[2.48221,48.81764]]],"type":"Polygon"}},{"type":"Feature","properties":{"code":"940420106","nom":"Péri","com":"Joinville-le-Pont","pop80":147.0,"seuls_n":77.0,"p80":4.1,"seuls":52.2,"chaleur":6.6,"alea_fort":10.0,"pauv":11.0,"nbf":0.0,"f_age":0.0,"f_seuls":0.0,"f_chaleur":0.0},"geometry":{"coordinates":[[[2.46732,48.82016],[2.46722,48.82012],[2.46729,48.82001],[2.4672,48.82],[2.46825,48.81859],[2.46822,48.81837],[2.4677,48.81765],[2.46797,48.81772],[2.46849,48.81764],[2.46955,48.8179],[2.47006,48.81784],[2.47037,48.8177],[2.47242,48.81596],[2.47347,48.8154],[2.47376,48.81576],[2.47633,48.81479],[2.4801,48.81348],[2.48119,48.81487],[2.48065,48.81505],[2.47601,48.8178],[2.47598,48.81785],[2.47726,48.81981],[2.47729,48.82002],[2.47727,48.82008],[2.47532,48.8201],[2.47493,48.82186],[2.47281,48.82161],[2.46987,48.82044],[2.46984,48.82015],[2.46732,48.82016]]],"type":"Polygon"}},{"type":"Feature","properties":{"code":"940810201","nom":"Le Moulin Vert","com":"Vitry-sur-Seine","pop80":122.0,"seuls_n":57.0,"p80":3.0,"seuls":47.2,"chaleur":5.0,"alea_fort":6.0,"pauv":20.0,"nbf":0.0,"f_age":0.0,"f_seuls":0.0,"f_chaleur":0.0},"geometry":{"coordinates":[[[2.36738,48.77943],[2.36778,48.7719],[2.36838,48.77214],[2.37107,48.77001],[2.37165,48.77037],[2.37258,48.77082],[2.37248,48.77091],[2.3743,48.77184],[2.37618,48.77076],[2.37694,48.77139],[2.37653,48.77151],[2.37766,48.77231],[2.37787,48.77222],[2.37913,48.7731],[2.38086,48.77207],[2.38188,48.77177],[2.38362,48.77226],[2.38307,48.77301],[2.38135,48.77457],[2.37842,48.77627],[2.37422,48.77969],[2.37329,48.78068],[2.37268,48.78162],[2.3717,48.78108],[2.37063,48.78058],[2.36738,48.77943]]],"type":"Polygon"}},{"type":"Feature","properties":{"code":"940280204","nom":"Hôtel de Ville","com":"Créteil","pop80":111.0,"seuls_n":46.0,"p80":4.2,"seuls":42.0,"chaleur":14.5,"alea_fort":87.0,"pauv":22.0,"nbf":1.0,"f_age":0.0,"f_seuls":0.0,"f_chaleur":1.0},"geometry":{"coordinates":[[[2.45321,48.78241],[2.45345,48.78221],[2.45327,48.78194],[2.45327,48.78179],[2.45382,48.78127],[2.45391,48.7801],[2.45385,48.77987],[2.45395,48.77965],[2.4537,48.77938],[2.45345,48.77926],[2.45276,48.77934],[2.4525,48.77933],[2.45236,48.77925],[2.45254,48.77718],[2.45279,48.7769],[2.45294,48.77609],[2.45305,48.77603],[2.45337,48.77604],[2.45386,48.77622],[2.45474,48.77625],[2.45493,48.77636],[2.45526,48.77638],[2.45518,48.77746],[2.45531,48.7775],[2.45771,48.77757],[2.4577,48.77699],[2.45795,48.77691],[2.45832,48.77662],[2.45841,48.77659],[2.45876,48.77676],[2.45916,48.77685],[2.45932,48.77705],[2.4594,48.77748],[2.45919,48.77897],[2.45908,48.78069],[2.45927,48.7811],[2.45918,48.78246],[2.45887,48.78241],[2.454,48.78221],[2.45353,48.78226],[2.45321,48.78241]]],"type":"Polygon"}},{"type":"Feature","properties":{"code":"940460105","nom":"Centre Vert de Maison 5","com":"Maisons-Alfort","pop80":97.0,"seuls_n":43.0,"p80":4.1,"seuls":43.9,"chaleur":9.0,"alea_fort":29.0,"pauv":23.0,"nbf":1.0,"f_age":0.0,"f_seuls":0.0,"f_chaleur":1.0},"geometry":{"coordinates":[[[2.43283,48.79727],[2.43278,48.79702],[2.43204,48.79625],[2.43203,48.79613],[2.43294,48.79017],[2.43327,48.78733],[2.43351,48.7867],[2.43603,48.787],[2.43333,48.79739],[2.43283,48.79727]]],"type":"Polygon"}},{"type":"Feature","properties":{"code":"940810101","nom":"Zone Industrielle","com":"Vitry-sur-Seine"},"geometry":{"coordinates":[[[2.40192,48.78271],[2.40543,48.77785],[2.4062,48.77654],[2.40691,48.77519],[2.40709,48.77394],[2.41187,48.77424],[2.41253,48.77547],[2.41457,48.77708],[2.41678,48.77994],[2.41968,48.78413],[2.42202,48.78791],[2.42267,48.78954],[2.42283,48.7911],[2.42248,48.79268],[2.42162,48.79448],[2.42074,48.79569],[2.41884,48.79734],[2.41728,48.79645],[2.41658,48.79633],[2.41268,48.79596],[2.40655,48.79548],[2.40546,48.79527],[2.40575,48.79489],[2.40667,48.79282],[2.4037,48.79191],[2.40497,48.79007],[2.40588,48.78913],[2.40638,48.78834],[2.4079,48.78521],[2.40799,48.78477],[2.40795,48.78444],[2.40757,48.78351],[2.40738,48.7836],[2.40716,48.78349],[2.4069,48.78365],[2.40192,48.78271]]],"type":"Polygon"}},{"type":"Feature","properties":{"code":"940580104","nom":"Pont de Bry","com":"Le Perreux-sur-Marne","pop80":140.0,"seuls_n":73.0,"p80":5.3,"seuls":52.4,"chaleur":4.8,"alea_fort":2.0,"pauv":8.0,"nbf":0.0,"f_age":0.0,"f_seuls":0.0,"f_chaleur":0.0},"geometry":{"coordinates":[[[2.50575,48.83724],[2.50681,48.83475],[2.51705,48.83415],[2.51704,48.83446],[2.51653,48.83537],[2.5162,48.83642],[2.51603,48.83665],[2.51535,48.83713],[2.50575,48.83724]]],"type":"Polygon"}},{"type":"Feature","properties":{"code":"940680701","nom":"La Pie 1","com":"Saint-Maur-des-Fossés","pop80":81.0,"seuls_n":58.0,"p80":4.9,"seuls":71.0,"chaleur":5.3,"alea_fort":0.0,"pauv":7.0,"nbf":1.0,"f_age":0.0,"f_seuls":1.0,"f_chaleur":0.0},"geometry":{"coordinates":[[[2.49076,48.79111],[2.48672,48.78418],[2.48758,48.7841],[2.49089,48.78404],[2.4932,48.78407],[2.49536,48.78432],[2.49522,48.78601],[2.49529,48.78905],[2.49389,48.78913],[2.49367,48.78919],[2.49076,48.79111]]],"type":"Polygon"}},{"type":"Feature","properties":{"code":"940410204","nom":"Cité Pierre et Marie Curie","com":"Ivry-sur-Seine","pop80":153.0,"seuls_n":43.0,"p80":5.5,"seuls":28.2,"chaleur":12.7,"alea_fort":77.0,"pauv":33.0,"nbf":2.0,"f_age":1.0,"f_seuls":0.0,"f_chaleur":1.0},"geometry":{"coordinates":[[[2.37051,48.81302],[2.37063,48.81286],[2.37115,48.8127],[2.37502,48.81186],[2.37506,48.8121],[2.37523,48.81216],[2.37526,48.81227],[2.37545,48.81215],[2.37558,48.81221],[2.37559,48.8123],[2.37637,48.81265],[2.37613,48.81293],[2.37624,48.81312],[2.37588,48.81352],[2.37592,48.81361],[2.37617,48.81371],[2.3757,48.8142],[2.37535,48.81412],[2.37527,48.81416],[2.37463,48.81481],[2.37098,48.81314],[2.37051,48.81302]]],"type":"Polygon"}},{"type":"Feature","properties":{"code":"940680202","nom":"Le Vieux Saint-Maur 2","com":"Saint-Maur-des-Fossés","pop80":253.0,"seuls_n":26.0,"p80":13.6,"seuls":26.6,"chaleur":4.3,"alea_fort":3.0,"pauv":3.0,"nbf":1.0,"f_age":1.0,"f_seuls":0.0,"f_chaleur":0.0},"geometry":{"coordinates":[[[2.47347,48.8154],[2.47517,48.81464],[2.47466,48.81373],[2.47446,48.81312],[2.47374,48.8127],[2.47326,48.81258],[2.47326,48.81242],[2.48617,48.80894],[2.48717,48.80913],[2.48777,48.81021],[2.48805,48.81043],[2.4883,48.8105],[2.4887,48.8105],[2.48979,48.81017],[2.49123,48.81138],[2.49116,48.81146],[2.48766,48.81225],[2.48618,48.81251],[2.48408,48.81268],[2.4801,48.81348],[2.47633,48.81479],[2.47376,48.81576],[2.47347,48.8154]]],"type":"Polygon"}},{"type":"Feature","properties":{"code":"940170701","nom":"Quatre Cités 1","com":"Champigny-sur-Marne","pop80":61.0,"seuls_n":34.0,"p80":2.8,"seuls":54.9,"chaleur":7.4,"alea_fort":3.0,"pauv":35.0,"nbf":1.0,"f_age":0.0,"f_seuls":0.0,"f_chaleur":1.0},"geometry":{"coordinates":[[[2.5043,48.82604],[2.50623,48.82552],[2.50798,48.82523],[2.50994,48.82502],[2.50987,48.8253],[2.51503,48.82467],[2.5159,48.82463],[2.51595,48.82446],[2.51609,48.82445],[2.51597,48.82526],[2.516,48.82599],[2.51615,48.82655],[2.51651,48.82722],[2.51475,48.82719],[2.51172,48.82733],[2.51044,48.82755],[2.51005,48.82754],[2.50941,48.82746],[2.50855,48.82725],[2.5043,48.82604]]],"type":"Polygon"}},{"type":"Feature","properties":{"code":"940280211","nom":"Palais-Charles Péguy","com":"Créteil","pop80":30.0,"seuls_n":19.0,"p80":1.3,"seuls":63.4,"chaleur":7.6,"alea_fort":12.0,"pauv":27.0,"nbf":2.0,"f_age":0.0,"f_seuls":1.0,"f_chaleur":1.0},"geometry":{"coordinates":[[[2.44115,48.78472],[2.4416,48.7841],[2.44255,48.78335],[2.44278,48.78303],[2.44305,48.78088],[2.44301,48.77884],[2.44713,48.78354],[2.44663,48.78374],[2.4465,48.7839],[2.44635,48.78391],[2.44616,48.7838],[2.44526,48.78389],[2.44481,48.78404],[2.44445,48.78426],[2.44431,48.7841],[2.44414,48.78403],[2.44343,48.78405],[2.44349,48.7844],[2.4436,48.78456],[2.44358,48.78473],[2.44317,48.78507],[2.44321,48.78531],[2.44342,48.78554],[2.44115,48.78472]]],"type":"Polygon"}},{"type":"Feature","properties":{"code":"940380112","nom":"Lallier P. Hochart 2","com":"L'Haÿ-les-Roses","pop80":119.0,"seuls_n":57.0,"p80":3.5,"seuls":51.3,"chaleur":7.2,"alea_fort":0.0,"pauv":32.0,"nbf":0.0,"f_age":0.0,"f_seuls":0.0,"f_chaleur":0.0},"geometry":{"coordinates":[[[2.35802,48.77609],[2.35995,48.77688],[2.3623,48.77763],[2.36738,48.77943],[2.36726,48.78089],[2.36659,48.78081],[2.3649,48.78048],[2.36114,48.77945],[2.35999,48.77923],[2.35802,48.77609]]],"type":"Polygon"}},{"type":"Feature","properties":{"code":"940540105","nom":"Carrières-Sentiers","com":"Orly","pop80":92.0,"seuls_n":55.0,"p80":4.5,"seuls":59.9,"chaleur":6.5,"alea_fort":14.0,"pauv":11.0,"nbf":1.0,"f_age":0.0,"f_seuls":1.0,"f_chaleur":0.0},"geometry":{"coordinates":[[[2.36934,48.74613],[2.37022,48.72792],[2.37584,48.72757],[2.37652,48.72763],[2.37962,48.72808],[2.37978,48.7293],[2.38228,48.72923],[2.38234,48.72971],[2.38498,48.72987],[2.38501,48.73148],[2.38522,48.73147],[2.38511,48.73266],[2.38779,48.73273],[2.38791,48.73434],[2.38921,48.73446],[2.38904,48.7363],[2.38838,48.737],[2.39119,48.73732],[2.39112,48.7376],[2.39365,48.73752],[2.39387,48.74019],[2.39379,48.74073],[2.3931,48.74045],[2.39075,48.74011],[2.39019,48.74008],[2.38988,48.74018],[2.38882,48.74023],[2.38872,48.74304],[2.38737,48.74303],[2.38728,48.74535],[2.39101,48.74479],[2.39555,48.74475],[2.39648,48.74463],[2.39714,48.74461],[2.39925,48.74488],[2.39821,48.74559],[2.3977,48.74604],[2.39866,48.74758],[2.39878,48.74733],[2.40107,48.74778],[2.40149,48.74854],[2.40174,48.74853],[2.40499,48.74923],[2.40649,48.74945],[2.40606,48.75108],[2.40398,48.75055],[2.39943,48.74966],[2.39933,48.75083],[2.39904,48.7524],[2.39696,48.75199],[2.39323,48.75085],[2.39192,48.75175],[2.39095,48.75215],[2.38983,48.75249],[2.38872,48.75272],[2.38727,48.75285],[2.38938,48.74962],[2.3888,48.74964],[2.38621,48.75031],[2.38566,48.74939],[2.38453,48.74967],[2.38401,48.74876],[2.38262,48.74912],[2.38206,48.7482],[2.3778,48.74929],[2.37719,48.74932],[2.37669,48.74925],[2.37524,48.74885],[2.3742,48.74846],[2.3745,48.74623],[2.36934,48.74613]]],"type":"Polygon"}},{"type":"Feature","properties":{"code":"940760114","nom":"Hautes Bruyères","com":"Villejuif","pop80":47.0,"seuls_n":18.0,"p80":1.8,"seuls":37.4,"chaleur":6.1,"alea_fort":6.0,"pauv":27.0,"nbf":0.0,"f_age":0.0,"f_seuls":0.0,"f_chaleur":0.0},"geometry":{"coordinates":[[[2.34422,48.79073],[2.34625,48.78961],[2.34552,48.78788],[2.34467,48.78546],[2.34783,48.78491],[2.34808,48.78511],[2.34813,48.78531],[2.34832,48.78535],[2.34848,48.78532],[2.35029,48.78646],[2.3516,48.78682],[2.35214,48.78689],[2.35416,48.78737],[2.35365,48.79165],[2.35399,48.79332],[2.35124,48.79344],[2.34985,48.79369],[2.34968,48.79366],[2.34964,48.79378],[2.3495,48.79385],[2.34931,48.79386],[2.34935,48.79396],[2.34786,48.79518],[2.34727,48.79535],[2.34669,48.79494],[2.34496,48.79428],[2.34422,48.79073]]],"type":"Polygon"}},{"type":"Feature","properties":{"code":"940020201","nom":"Zola Carnot","com":"Alfortville","pop80":144.0,"seuls_n":99.0,"p80":6.1,"seuls":68.5,"chaleur":6.1,"alea_fort":7.0,"pauv":15.0,"nbf":2.0,"f_age":1.0,"f_seuls":1.0,"f_chaleur":0.0},"geometry":{"coordinates":[[[2.42041,48.79821],[2.4217,48.79661],[2.42255,48.79514],[2.42532,48.79574],[2.42889,48.79632],[2.42739,48.79994],[2.42612,48.79972],[2.42612,48.79955],[2.42527,48.79925],[2.42519,48.79938],[2.424,48.79893],[2.42041,48.79821]]],"type":"Polygon"}},{"type":"Feature","properties":{"code":"940460204","nom":"Alfort 4","com":"Maisons-Alfort","pop80":162.0,"seuls_n":93.0,"p80":7.0,"seuls":57.4,"chaleur":9.5,"alea_fort":0.0,"pauv":10.0,"nbf":3.0,"f_age":1.0,"f_seuls":1.0,"f_chaleur":1.0},"geometry":{"coordinates":[[[2.42764,48.81274],[2.42859,48.81224],[2.43274,48.81005],[2.4328,48.81013],[2.43266,48.81021],[2.43261,48.81159],[2.43221,48.81397],[2.43183,48.8148],[2.43124,48.81527],[2.43121,48.81538],[2.42912,48.8154],[2.42909,48.81372],[2.4277,48.81291],[2.42764,48.81274]]],"type":"Polygon"}},{"type":"Feature","properties":{"code":"940680104","nom":"Adamville 4","com":"Saint-Maur-des-Fossés","pop80":173.0,"seuls_n":95.0,"p80":6.9,"seuls":54.9,"chaleur":4.0,"alea_fort":0.0,"pauv":8.0,"nbf":1.0,"f_age":1.0,"f_seuls":0.0,"f_chaleur":0.0},"geometry":{"coordinates":[[[2.48717,48.80152],[2.48978,48.79931],[2.48995,48.79906],[2.49021,48.79894],[2.49131,48.79801],[2.5018,48.79782],[2.50267,48.79786],[2.50267,48.79795],[2.4973,48.8001],[2.49385,48.80158],[2.49193,48.80225],[2.49138,48.80254],[2.49011,48.80302],[2.48975,48.80301],[2.48852,48.8018],[2.48847,48.80154],[2.48746,48.80158],[2.48725,48.80158],[2.48717,48.80152]]],"type":"Polygon"}},{"type":"Feature","properties":{"code":"940680602","nom":"Les Mûriers 2","com":"Saint-Maur-des-Fossés","pop80":123.0,"seuls_n":71.0,"p80":6.8,"seuls":57.3,"chaleur":4.3,"alea_fort":0.0,"pauv":7.0,"nbf":2.0,"f_age":1.0,"f_seuls":1.0,"f_chaleur":0.0},"geometry":{"coordinates":[[[2.49525,48.78757],[2.49836,48.78763],[2.4984,48.78913],[2.50195,48.78921],[2.50433,48.79278],[2.50115,48.79365],[2.50099,48.79376],[2.50038,48.79346],[2.49977,48.79278],[2.49787,48.79331],[2.49531,48.78915],[2.49525,48.78757]]],"type":"Polygon"}},{"type":"Feature","properties":{"code":"940170202","nom":"Plant 2","com":"Champigny-sur-Marne","pop80":137.0,"seuls_n":71.0,"p80":3.8,"seuls":51.9,"chaleur":6.3,"alea_fort":6.0,"pauv":17.0,"nbf":0.0,"f_age":0.0,"f_seuls":0.0,"f_chaleur":0.0},"geometry":{"coordinates":[[[2.49406,48.81788],[2.50316,48.81595],[2.50398,48.81685],[2.50537,48.81809],[2.50594,48.8179],[2.50755,48.81781],[2.50848,48.8177],[2.50969,48.81728],[2.51001,48.81779],[2.50855,48.81932],[2.5075,48.82093],[2.50679,48.82085],[2.50233,48.81935],[2.50115,48.8199],[2.49745,48.82276],[2.49646,48.82365],[2.49408,48.82294],[2.49451,48.82241],[2.4954,48.82049],[2.49406,48.81788]]],"type":"Polygon"}},{"type":"Feature","properties":{"code":"940440101","nom":"Les Varennes","com":"Limeil-Brévannes","pop80":104.0,"seuls_n":29.0,"p80":2.7,"seuls":27.8,"chaleur":3.3,"alea_fort":0.0,"pauv":13.0,"nbf":0.0,"f_age":0.0,"f_seuls":0.0,"f_chaleur":0.0},"geometry":{"coordinates":[[[2.48341,48.75655],[2.48331,48.75651],[2.48357,48.7563],[2.48628,48.75204],[2.48651,48.75153],[2.48752,48.75182],[2.4877,48.75175],[2.488,48.7514],[2.48885,48.75144],[2.49034,48.75141],[2.49048,48.75147],[2.49059,48.75141],[2.49579,48.75108],[2.4959,48.75115],[2.49604,48.75107],[2.50051,48.75077],[2.50095,48.75079],[2.49921,48.75269],[2.49902,48.75264],[2.49749,48.75427],[2.49672,48.75391],[2.49413,48.75306],[2.48916,48.75858],[2.48595,48.75761],[2.48346,48.75648],[2.48341,48.75655]]],"type":"Polygon"}},{"type":"Feature","properties":{"code":"940460403","nom":"Planètes 3","com":"Maisons-Alfort","pop80":98.0,"seuls_n":54.0,"p80":4.5,"seuls":81.9,"chaleur":5.2,"alea_fort":2.0,"pauv":13.0,"nbf":1.0,"f_age":0.0,"f_seuls":1.0,"f_chaleur":0.0},"geometry":{"coordinates":[[[2.45523,48.80586],[2.45672,48.8055],[2.45746,48.80511],[2.46032,48.80631],[2.46066,48.80606],[2.46401,48.80735],[2.46282,48.8082],[2.46059,48.80931],[2.4585,48.81018],[2.45718,48.81094],[2.45652,48.81054],[2.4589,48.8096],[2.45575,48.80766],[2.45523,48.80586]]],"type":"Polygon"}},{"type":"Feature","properties":{"code":"940680502","nom":"La Varenne 2","com":"Saint-Maur-des-Fossés","pop80":202.0,"seuls_n":95.0,"p80":10.3,"seuls":46.8,"chaleur":4.8,"alea_fort":7.0,"pauv":7.0,"nbf":1.0,"f_age":1.0,"f_seuls":0.0,"f_chaleur":0.0},"geometry":{"coordinates":[[[2.50672,48.79636],[2.51075,48.79478],[2.51345,48.79383],[2.51875,48.80067],[2.51891,48.80067],[2.52185,48.79987],[2.52206,48.80015],[2.52204,48.79982],[2.52309,48.79972],[2.52299,48.8001],[2.52286,48.80231],[2.52223,48.80446],[2.52159,48.80434],[2.52146,48.80419],[2.52124,48.8042],[2.51628,48.80151],[2.51578,48.8015],[2.51575,48.80126],[2.51565,48.80118],[2.50672,48.79636]]],"type":"Polygon"}},{"type":"Feature","properties":{"code":"940030102","nom":"Joliot-Curie 2","com":"Arcueil","pop80":110.0,"seuls_n":42.0,"p80":5.5,"seuls":38.5,"chaleur":7.7,"alea_fort":6.0,"pauv":27.0,"nbf":2.0,"f_age":1.0,"f_seuls":0.0,"f_chaleur":1.0},"geometry":{"coordinates":[[[2.3342,48.81083],[2.33422,48.81075],[2.33331,48.81],[2.33506,48.80908],[2.3376,48.81097],[2.33823,48.81082],[2.33906,48.81087],[2.34026,48.81242],[2.33829,48.81319],[2.33841,48.81328],[2.33735,48.8136],[2.33714,48.81326],[2.33682,48.81335],[2.33666,48.81353],[2.3351,48.81348],[2.33462,48.81355],[2.33389,48.81211],[2.33464,48.81212],[2.33433,48.81134],[2.33528,48.81109],[2.33542,48.81094],[2.3342,48.81083]]],"type":"Polygon"}},{"type":"Feature","properties":{"code":"940280305","nom":"Plaisance-Les Tilleuls","com":"Créteil","pop80":240.0,"seuls_n":118.0,"p80":6.0,"seuls":49.5,"chaleur":4.2,"alea_fort":1.0,"pauv":8.0,"nbf":1.0,"f_age":1.0,"f_seuls":0.0,"f_chaleur":0.0},"geometry":{"coordinates":[[[2.45363,48.79915],[2.45611,48.79774],[2.45902,48.7953],[2.46018,48.7944],[2.46097,48.79394],[2.46123,48.79361],[2.46183,48.79421],[2.46338,48.7961],[2.46404,48.79745],[2.46643,48.80009],[2.46426,48.80108],[2.46339,48.80183],[2.46293,48.80209],[2.46253,48.8022],[2.46146,48.80231],[2.46105,48.80241],[2.4608,48.80248],[2.46048,48.80271],[2.45705,48.80078],[2.45363,48.79915]]],"type":"Polygon"}},{"type":"Feature","properties":{"code":"940460102","nom":"Centre Vert de Maison 2","com":"Maisons-Alfort","pop80":208.0,"seuls_n":162.0,"p80":12.4,"seuls":77.8,"chaleur":9.7,"alea_fort":26.0,"pauv":11.0,"nbf":3.0,"f_age":1.0,"f_seuls":1.0,"f_chaleur":1.0},"geometry":{"coordinates":[[[2.42671,48.80173],[2.42739,48.79994],[2.42817,48.80005],[2.43098,48.80076],[2.43138,48.801],[2.4326,48.80197],[2.43406,48.80284],[2.43247,48.80447],[2.42866,48.80269],[2.42847,48.80279],[2.42781,48.80243],[2.42705,48.80179],[2.42671,48.80173]]],"type":"Polygon"}},{"type":"Feature","properties":{"code":"940420108","nom":"Môquet","com":"Joinville-le-Pont","pop80":78.0,"seuls_n":28.0,"p80":3.6,"seuls":35.7,"chaleur":4.1,"alea_fort":0.0,"pauv":7.0,"nbf":0.0,"f_age":0.0,"f_seuls":0.0,"f_chaleur":0.0},"geometry":{"coordinates":[[[2.47087,48.82929],[2.4684,48.82737],[2.4675,48.82615],[2.46737,48.82527],[2.46677,48.82404],[2.46659,48.82324],[2.46665,48.82285],[2.46728,48.82091],[2.46732,48.82016],[2.46984,48.82015],[2.46987,48.82044],[2.47281,48.82161],[2.47493,48.82186],[2.47438,48.82443],[2.47423,48.82447],[2.47414,48.82458],[2.47429,48.82475],[2.47407,48.82575],[2.47821,48.82612],[2.47801,48.82717],[2.47731,48.82713],[2.47729,48.82748],[2.47569,48.83056],[2.4732,48.82991],[2.47222,48.82953],[2.4714,48.829],[2.47087,48.82929]]],"type":"Polygon"}},{"type":"Feature","properties":{"code":"940770103","nom":"Gare","com":"Villeneuve-le-Roi","pop80":125.0,"seuls_n":94.0,"p80":3.9,"seuls":75.2,"chaleur":3.3,"alea_fort":0.0,"pauv":10.0,"nbf":1.0,"f_age":0.0,"f_seuls":1.0,"f_chaleur":0.0},"geometry":{"coordinates":[[[2.41455,48.74019],[2.41385,48.73963],[2.41282,48.73906],[2.41182,48.73838],[2.41149,48.73808],[2.41087,48.73727],[2.41106,48.73721],[2.41621,48.73921],[2.41728,48.73944],[2.41739,48.73956],[2.41763,48.7395],[2.41826,48.73963],[2.42235,48.74012],[2.42269,48.73782],[2.4237,48.73794],[2.42387,48.73786],[2.42402,48.73797],[2.42633,48.73823],[2.42676,48.73545],[2.42707,48.73542],[2.42677,48.73385],[2.42653,48.73308],[2.42594,48.73176],[2.42537,48.73082],[2.42602,48.73066],[2.42604,48.731],[2.42611,48.73105],[2.4288,48.73178],[2.42757,48.73516],[2.42759,48.73667],[2.42745,48.73775],[2.42706,48.73918],[2.42636,48.74103],[2.42942,48.74175],[2.42869,48.74306],[2.4288,48.74334],[2.42864,48.74356],[2.42815,48.74351],[2.42652,48.74319],[2.42434,48.7427],[2.42369,48.74375],[2.42182,48.74328],[2.42105,48.74468],[2.41881,48.74437],[2.41905,48.74366],[2.41732,48.7433],[2.41709,48.74258],[2.41651,48.74167],[2.41579,48.74096],[2.41455,48.74019]]],"type":"Polygon"}},{"type":"Feature","properties":{"code":"940180110","nom":"Valmy","com":"Charenton-le-Pont","pop80":170.0,"seuls_n":77.0,"p80":5.1,"seuls":45.3,"chaleur":15.6,"alea_fort":92.0,"pauv":9.0,"nbf":1.0,"f_age":0.0,"f_seuls":0.0,"f_chaleur":1.0},"geometry":{"coordinates":[[[2.39934,48.82867],[2.39932,48.82853],[2.4016,48.82657],[2.40294,48.82569],[2.40546,48.82453],[2.40691,48.82589],[2.40151,48.82936],[2.39934,48.82867]]],"type":"Polygon"}},{"type":"Feature","properties":{"code":"940190105","nom":"Paris Chennevières","com":"Chennevières-sur-Marne","pop80":153.0,"seuls_n":42.0,"p80":6.9,"seuls":27.5,"chaleur":3.6,"alea_fort":0.0,"pauv":13.0,"nbf":1.0,"f_age":1.0,"f_seuls":0.0,"f_chaleur":0.0},"geometry":{"coordinates":[[[2.53332,48.80581],[2.53342,48.8057],[2.53439,48.80523],[2.53864,48.80273],[2.53825,48.80248],[2.53829,48.80113],[2.53729,48.80112],[2.53718,48.80108],[2.53706,48.79947],[2.53831,48.79961],[2.53923,48.79962],[2.54065,48.79947],[2.541,48.79937],[2.54118,48.7994],[2.5413,48.79933],[2.54128,48.79924],[2.54339,48.79919],[2.54435,48.79909],[2.54471,48.79925],[2.54539,48.79939],[2.54468,48.80115],[2.54651,48.80148],[2.54615,48.80208],[2.54572,48.80382],[2.5458,48.80399],[2.54632,48.80443],[2.54556,48.80485],[2.54524,48.80518],[2.54513,48.80546],[2.54467,48.80567],[2.54438,48.80592],[2.54353,48.80627],[2.54329,48.80572],[2.53961,48.80606],[2.53592,48.80586],[2.53532,48.80632],[2.53471,48.80607],[2.53332,48.80581]]],"type":"Polygon"}},{"type":"Feature","properties":{"code":"940410304","nom":"Ivry Port Sud","com":"Ivry-sur-Seine","pop80":41.0,"seuls_n":19.0,"p80":0.9,"seuls":46.2,"chaleur":9.5,"alea_fort":24.0,"pauv":24.0,"nbf":1.0,"f_age":0.0,"f_seuls":0.0,"f_chaleur":1.0},"geometry":{"coordinates":[[[2.39095,48.81486],[2.39644,48.80902],[2.39911,48.80589],[2.40014,48.80446],[2.40039,48.80454],[2.40065,48.80403],[2.40222,48.80404],[2.40227,48.8043],[2.40395,48.80447],[2.40437,48.80449],[2.40497,48.80428],[2.4052,48.80458],[2.40522,48.80479],[2.40415,48.80812],[2.40901,48.80852],[2.40964,48.81139],[2.40997,48.8125],[2.41027,48.81454],[2.40233,48.81455],[2.4022,48.81443],[2.40198,48.81448],[2.39727,48.81205],[2.39663,48.81269],[2.39328,48.81559],[2.39196,48.81524],[2.39095,48.81486]]],"type":"Polygon"}},{"type":"Feature","properties":{"code":"940780203","nom":"Secteur Valenton","com":"Villeneuve-Saint-Georges","pop80":97.0,"seuls_n":64.0,"p80":2.5,"seuls":66.4,"chaleur":2.8,"alea_fort":1.0,"pauv":30.0,"nbf":1.0,"f_age":0.0,"f_seuls":1.0,"f_chaleur":0.0},"geometry":{"coordinates":[[[2.45304,48.74819],[2.45271,48.7461],[2.45222,48.74422],[2.45218,48.74356],[2.45225,48.74148],[2.45268,48.73989],[2.45628,48.7389],[2.45692,48.7397],[2.45767,48.74143],[2.45902,48.74317],[2.4594,48.74452],[2.46091,48.74625],[2.46204,48.74727],[2.46019,48.74803],[2.45884,48.74814],[2.45691,48.7484],[2.4533,48.74906],[2.45336,48.7489],[2.45304,48.74819]]],"type":"Polygon"}},{"type":"Feature","properties":{"code":"940370103","nom":"Victor Hugo","com":"Gentilly","pop80":35.0,"seuls_n":21.0,"p80":1.7,"seuls":60.8,"chaleur":11.0,"alea_fort":0.0,"pauv":21.0,"nbf":2.0,"f_age":0.0,"f_seuls":1.0,"f_chaleur":1.0},"geometry":{"coordinates":[[[2.35338,48.8178],[2.35336,48.81717],[2.35273,48.8164],[2.35169,48.81575],[2.35111,48.81562],[2.35126,48.81532],[2.35236,48.81425],[2.35235,48.81381],[2.3528,48.81336],[2.35351,48.81324],[2.35381,48.81303],[2.35464,48.81366],[2.3553,48.8144],[2.35616,48.8156],[2.35611,48.81576],[2.35623,48.81594],[2.35585,48.81592],[2.35338,48.8178]]],"type":"Polygon"}},{"type":"Feature","properties":{"code":"940680503","nom":"La Varenne 3","com":"Saint-Maur-des-Fossés","pop80":201.0,"seuls_n":106.0,"p80":8.3,"seuls":52.7,"chaleur":5.6,"alea_fort":0.0,"pauv":9.0,"nbf":1.0,"f_age":1.0,"f_seuls":0.0,"f_chaleur":0.0},"geometry":{"coordinates":[[[2.50773,48.79186],[2.51055,48.79108],[2.50986,48.78992],[2.51419,48.7887],[2.51607,48.79156],[2.51563,48.79172],[2.51606,48.79234],[2.51633,48.7923],[2.51672,48.79267],[2.51603,48.79297],[2.51319,48.79391],[2.50991,48.79511],[2.50773,48.79186]]],"type":"Polygon"}},{"type":"Feature","properties":{"code":"940730110","nom":"Le Pressoir","com":"Thiais","pop80":123.0,"seuls_n":79.0,"p80":5.4,"seuls":64.2,"chaleur":5.3,"alea_fort":3.0,"pauv":16.0,"nbf":2.0,"f_age":1.0,"f_seuls":1.0,"f_chaleur":0.0},"geometry":{"coordinates":[[[2.39656,48.75942],[2.39776,48.75616],[2.40416,48.75808],[2.40331,48.7612],[2.40317,48.76148],[2.4014,48.76298],[2.39906,48.76019],[2.39855,48.75998],[2.39656,48.75942]]],"type":"Polygon"}},{"type":"Feature","properties":{"code":"940410108","nom":"Centre Ville Nord","com":"Ivry-sur-Seine","pop80":93.0,"seuls_n":48.0,"p80":3.5,"seuls":51.2,"chaleur":16.6,"alea_fort":97.0,"pauv":25.0,"nbf":1.0,"f_age":0.0,"f_seuls":0.0,"f_chaleur":1.0},"geometry":{"coordinates":[[[2.38402,48.81467],[2.38245,48.81407],[2.38493,48.81169],[2.38396,48.81128],[2.38358,48.81105],[2.38491,48.81],[2.3853,48.8102],[2.38543,48.81009],[2.38622,48.81072],[2.38596,48.81081],[2.38596,48.81089],[2.38718,48.81159],[2.38501,48.81358],[2.38402,48.81467]]],"type":"Polygon"}},{"type":"Feature","properties":{"code":"940420103","nom":"Vautier","com":"Joinville-le-Pont","pop80":139.0,"seuls_n":65.0,"p80":6.3,"seuls":46.5,"chaleur":5.8,"alea_fort":0.0,"pauv":11.0,"nbf":1.0,"f_age":1.0,"f_seuls":0.0,"f_chaleur":0.0},"geometry":{"coordinates":[[[2.46773,48.8151],[2.46569,48.81383],[2.46569,48.81375],[2.46549,48.8136],[2.46631,48.8132],[2.46709,48.81266],[2.46865,48.81179],[2.46885,48.81189],[2.46864,48.81262],[2.46885,48.8127],[2.46986,48.81243],[2.47099,48.81362],[2.47147,48.81388],[2.47165,48.8137],[2.47182,48.81377],[2.47255,48.81439],[2.47347,48.8154],[2.47232,48.81603],[2.47037,48.8177],[2.4699,48.81788],[2.46941,48.81788],[2.46854,48.81765],[2.46836,48.81765],[2.46837,48.81745],[2.46868,48.81636],[2.46907,48.81608],[2.47001,48.81521],[2.46934,48.81516],[2.46849,48.81519],[2.46798,48.81528],[2.46764,48.81548],[2.46773,48.8151]]],"type":"Polygon"}},{"type":"Feature","properties":{"code":"940150104","nom":"Ferber Leclerc","com":"Bry-sur-Marne","pop80":252.0,"seuls_n":70.0,"p80":9.9,"seuls":64.7,"chaleur":5.8,"alea_fort":3.0,"pauv":10.0,"nbf":2.0,"f_age":1.0,"f_seuls":1.0,"f_chaleur":0.0},"geometry":{"coordinates":[[[2.51766,48.83413],[2.51764,48.83396],[2.51657,48.83175],[2.51579,48.83115],[2.51412,48.83024],[2.51175,48.82938],[2.51109,48.82934],[2.51065,48.82938],[2.5083,48.83005],[2.50693,48.83022],[2.50573,48.83026],[2.50392,48.8307],[2.50445,48.83006],[2.50507,48.82964],[2.50745,48.82913],[2.50781,48.829],[2.50748,48.82868],[2.5077,48.82854],[2.50891,48.82807],[2.51018,48.82783],[2.51049,48.82765],[2.5156,48.82858],[2.51772,48.82936],[2.51828,48.829],[2.51949,48.83001],[2.52042,48.83096],[2.52283,48.83421],[2.52338,48.8355],[2.52314,48.83556],[2.52303,48.83509],[2.52232,48.83514],[2.5216,48.83531],[2.52148,48.83548],[2.52111,48.83568],[2.52121,48.83591],[2.52047,48.83619],[2.52014,48.83566],[2.52005,48.83601],[2.51969,48.83675],[2.51919,48.83708],[2.51844,48.83732],[2.51808,48.8357],[2.51825,48.83469],[2.5182,48.83411],[2.51766,48.83413]]],"type":"Polygon"}},{"type":"Feature","properties":{"code":"940680603","nom":"Les Mûriers 3","com":"Saint-Maur-des-Fossés","pop80":217.0,"seuls_n":53.0,"p80":9.9,"seuls":33.7,"chaleur":3.5,"alea_fort":0.0,"pauv":5.0,"nbf":1.0,"f_age":1.0,"f_seuls":0.0,"f_chaleur":0.0},"geometry":{"coordinates":[[[2.49525,48.78757],[2.49523,48.7855],[2.49536,48.78432],[2.49824,48.78466],[2.49948,48.78472],[2.50039,48.7847],[2.50707,48.78416],[2.50709,48.78464],[2.50688,48.78465],[2.50691,48.78495],[2.50712,48.78575],[2.50749,48.78648],[2.5013,48.78824],[2.50195,48.78921],[2.4984,48.78913],[2.49836,48.78763],[2.49525,48.78757]]],"type":"Polygon"}},{"type":"Feature","properties":{"code":"940030104","nom":"Jean-Macé 1","com":"Arcueil","pop80":99.0,"seuls_n":51.0,"p80":3.7,"seuls":51.1,"chaleur":4.8,"alea_fort":0.0,"pauv":23.0,"nbf":0.0,"f_age":0.0,"f_seuls":0.0,"f_chaleur":0.0},"geometry":{"coordinates":[[[2.33806,48.80439],[2.33832,48.80265],[2.33882,48.80188],[2.33904,48.8017],[2.33981,48.80133],[2.3419,48.80042],[2.34228,48.79945],[2.34353,48.79781],[2.34523,48.7969],[2.34599,48.79714],[2.34525,48.79777],[2.34703,48.79828],[2.34766,48.79866],[2.3474,48.79885],[2.34773,48.79902],[2.34606,48.79963],[2.34781,48.80153],[2.34748,48.80163],[2.34753,48.80172],[2.34619,48.80213],[2.34637,48.80232],[2.34387,48.80325],[2.34407,48.80394],[2.34435,48.80452],[2.34503,48.80543],[2.34261,48.80662],[2.34342,48.80829],[2.34225,48.80857],[2.34147,48.80761],[2.34003,48.80618],[2.34013,48.80541],[2.33806,48.80439]]],"type":"Polygon"}},{"type":"Feature","properties":{"code":"940330106","nom":"Les Larris 1","com":"Fontenay-sous-Bois","pop80":53.0,"seuls_n":25.0,"p80":1.8,"seuls":47.5,"chaleur":3.2,"alea_fort":0.0,"pauv":25.0,"nbf":0.0,"f_age":0.0,"f_seuls":0.0,"f_chaleur":0.0},"geometry":{"coordinates":[[[2.46991,48.85375],[2.47018,48.85375],[2.4717,48.85403],[2.47295,48.85404],[2.47393,48.85387],[2.47575,48.85338],[2.47591,48.85359],[2.47592,48.85416],[2.47629,48.85415],[2.47633,48.85502],[2.47664,48.85515],[2.47662,48.85565],[2.47641,48.85566],[2.47643,48.85643],[2.47595,48.85644],[2.47598,48.85703],[2.47605,48.85711],[2.47634,48.85718],[2.47642,48.85729],[2.47645,48.85831],[2.47513,48.85816],[2.47501,48.8582],[2.47493,48.85814],[2.47246,48.85776],[2.47117,48.85736],[2.47101,48.85574],[2.47084,48.85496],[2.47055,48.85442],[2.46991,48.85375]]],"type":"Polygon"}},{"type":"Feature","properties":{"code":"940810301","nom":"Bellevue","com":"Vitry-sur-Seine","pop80":85.0,"seuls_n":27.0,"p80":4.5,"seuls":31.6,"chaleur":4.2,"alea_fort":0.0,"pauv":21.0,"nbf":0.0,"f_age":0.0,"f_seuls":0.0,"f_chaleur":0.0},"geometry":{"coordinates":[[[2.36991,48.80079],[2.37093,48.79973],[2.36982,48.79918],[2.37197,48.79716],[2.37576,48.79901],[2.37674,48.79941],[2.37307,48.80252],[2.36991,48.80079]]],"type":"Polygon"}},{"type":"Feature","properties":{"code":"940790107","nom":"Le Cheteau","com":"Villiers-sur-Marne","pop80":95.0,"seuls_n":47.0,"p80":4.7,"seuls":49.3,"chaleur":4.8,"alea_fort":12.0,"pauv":9.0,"nbf":0.0,"f_age":0.0,"f_seuls":0.0,"f_chaleur":0.0},"geometry":{"coordinates":[[[2.52546,48.82726],[2.52412,48.82709],[2.52407,48.82523],[2.52423,48.82521],[2.52424,48.82491],[2.52433,48.82485],[2.52548,48.82479],[2.5257,48.82426],[2.52608,48.82438],[2.52663,48.82424],[2.52764,48.82458],[2.52764,48.82489],[2.5279,48.82497],[2.53199,48.82537],[2.53524,48.82555],[2.53529,48.82561],[2.53588,48.82549],[2.53729,48.82553],[2.54041,48.82605],[2.54035,48.8266],[2.54022,48.82669],[2.54029,48.82677],[2.53962,48.8284],[2.53941,48.82913],[2.53906,48.82972],[2.53363,48.83174],[2.5319,48.82924],[2.52833,48.82896],[2.52649,48.82889],[2.52546,48.82726]]],"type":"Polygon"}},{"type":"Feature","properties":{"code":"940460203","nom":"Alfort 3","com":"Maisons-Alfort","pop80":60.0,"seuls_n":45.0,"p80":3.2,"seuls":74.4,"chaleur":9.0,"alea_fort":0.0,"pauv":13.0,"nbf":2.0,"f_age":0.0,"f_seuls":1.0,"f_chaleur":1.0},"geometry":{"coordinates":[[[2.42492,48.81635],[2.42502,48.81626],[2.42501,48.81573],[2.4259,48.81568],[2.42462,48.81405],[2.426,48.81362],[2.42764,48.81274],[2.4277,48.81291],[2.42909,48.81372],[2.42912,48.8154],[2.43104,48.81535],[2.43112,48.8154],[2.43147,48.8154],[2.43133,48.81609],[2.43113,48.81625],[2.42878,48.8165],[2.42693,48.81658],[2.42555,48.81647],[2.42492,48.81635]]],"type":"Polygon"}},{"type":"Feature","properties":{"code":"940680108","nom":"Adamville 8","com":"Saint-Maur-des-Fossés","pop80":112.0,"seuls_n":56.0,"p80":6.4,"seuls":50.1,"chaleur":5.1,"alea_fort":0.0,"pauv":13.0,"nbf":1.0,"f_age":1.0,"f_seuls":0.0,"f_chaleur":0.0},"geometry":{"coordinates":[[[2.48741,48.79366],[2.4873,48.79344],[2.49367,48.78919],[2.49389,48.78913],[2.49529,48.78905],[2.49787,48.79331],[2.49578,48.79391],[2.4954,48.79386],[2.48741,48.79366]]],"type":"Polygon"}},{"type":"Feature","properties":{"code":"940280306","nom":"Henri Mondor-Champeval","com":"Créteil","pop80":178.0,"seuls_n":76.0,"p80":5.7,"seuls":43.0,"chaleur":4.4,"alea_fort":0.0,"pauv":10.0,"nbf":1.0,"f_age":1.0,"f_seuls":0.0,"f_chaleur":0.0},"geometry":{"coordinates":[[[2.45602,48.79781],[2.45561,48.79766],[2.45385,48.79635],[2.45554,48.79449],[2.45122,48.79275],[2.44839,48.79361],[2.44835,48.79309],[2.44843,48.79258],[2.44885,48.79171],[2.45172,48.7888],[2.45266,48.78997],[2.45331,48.79052],[2.45326,48.79059],[2.46005,48.7932],[2.46093,48.79364],[2.46018,48.7944],[2.45602,48.79781]]],"type":"Polygon"}},{"type":"Feature","properties":{"code":"940600104","nom":"Les Marnières","com":"La Queue-en-Brie","pop80":114.0,"seuls_n":34.0,"p80":7.2,"seuls":30.0,"chaleur":2.6,"alea_fort":0.0,"pauv":7.0,"nbf":1.0,"f_age":1.0,"f_seuls":0.0,"f_chaleur":0.0},"geometry":{"coordinates":[[[2.57951,48.79392],[2.57932,48.79338],[2.57807,48.79182],[2.57808,48.79172],[2.57779,48.79142],[2.57795,48.79125],[2.57809,48.79071],[2.57823,48.78953],[2.57864,48.78954],[2.57877,48.78961],[2.57872,48.79013],[2.57954,48.79016],[2.57975,48.78994],[2.57996,48.78986],[2.58141,48.79003],[2.58325,48.7898],[2.58365,48.78993],[2.58415,48.79047],[2.58494,48.79026],[2.5852,48.79113],[2.58534,48.79241],[2.5858,48.79312],[2.58622,48.79326],[2.58206,48.79411],[2.58196,48.79373],[2.57951,48.79392]]],"type":"Polygon"}},{"type":"Feature","properties":{"code":"940530000","nom":"Noiseau (commune non irisée)","com":"Noiseau","pop80":211.0,"seuls_n":82.0,"p80":4.6,"seuls":41.5,"chaleur":4.2,"alea_fort":0.0,"pauv":null,"nbf":0.0,"f_age":0.0,"f_seuls":0.0,"f_chaleur":0.0},"geometry":{"coordinates":[[[2.53545,48.77704],[2.53557,48.7769],[2.53569,48.77623],[2.53611,48.77517],[2.53638,48.77483],[2.53649,48.77455],[2.5368,48.77326],[2.53724,48.77293],[2.53909,48.77207],[2.53957,48.77155],[2.53997,48.77128],[2.54056,48.77068],[2.54061,48.77053],[2.54052,48.77044],[2.54063,48.77021],[2.54063,48.7695],[2.54049,48.76906],[2.53968,48.7681],[2.53943,48.76746],[2.53942,48.7673],[2.53994,48.76623],[2.54023,48.76601],[2.54018,48.76597],[2.54037,48.76589],[2.54219,48.76534],[2.54349,48.7652],[2.55018,48.76556],[2.55684,48.76428],[2.55693,48.76429],[2.55881,48.76584],[2.55926,48.76612],[2.55996,48.76575],[2.56082,48.76452],[2.56121,48.76422],[2.56172,48.76354],[2.56319,48.76356],[2.56805,48.76729],[2.56974,48.76635],[2.57167,48.76711],[2.5705,48.76916],[2.57366,48.77159],[2.57502,48.77165],[2.57521,48.77144],[2.57656,48.77165],[2.57645,48.7727],[2.57569,48.77257],[2.57493,48.77252],[2.57469,48.77326],[2.57314,48.77326],[2.573,48.77353],[2.57275,48.77362],[2.57269,48.77391],[2.57209,48.77432],[2.57156,48.77445],[2.57098,48.77446],[2.57078,48.77469],[2.56998,48.77483],[2.56894,48.77479],[2.56776,48.77459],[2.56678,48.77543],[2.5664,48.77598],[2.56646,48.7761],[2.56575,48.77732],[2.5662,48.77746],[2.56594,48.77791],[2.56654,48.7782],[2.56571,48.77938],[2.56539,48.77964],[2.56481,48.78055],[2.56439,48.78129],[2.56369,48.7829],[2.56377,48.78474],[2.56388,48.785],[2.56379,48.78559],[2.56194,48.78787],[2.56064,48.78745],[2.55896,48.78699],[2.55718,48.78634],[2.55672,48.78598],[2.55465,48.78396],[2.55407,48.7835],[2.55369,48.78328],[2.5511,48.78293],[2.55042,48.78276],[2.54962,48.78232],[2.54769,48.7824],[2.54581,48.78228],[2.54474,48.78252],[2.5409,48.78096],[2.54073,48.78048],[2.53972,48.77981],[2.53918,48.77961],[2.53908,48.7794],[2.53792,48.77875],[2.53785,48.77849],[2.53804,48.7784],[2.53803,48.77829],[2.53762,48.77813],[2.53649,48.77742],[2.53609,48.77707],[2.53545,48.77704]]],"type":"Polygon"}},{"type":"Feature","properties":{"code":"940710110","nom":"Berges-Noyers-Poil Vert","com":"Sucy-en-Brie","pop80":65.0,"seuls_n":41.0,"p80":4.0,"seuls":63.3,"chaleur":4.1,"alea_fort":0.0,"pauv":15.0,"nbf":1.0,"f_age":0.0,"f_seuls":1.0,"f_chaleur":0.0},"geometry":{"coordinates":[[[2.51024,48.78134],[2.50967,48.78092],[2.5091,48.78036],[2.50877,48.77993],[2.50838,48.77911],[2.50822,48.77824],[2.5083,48.77527],[2.50806,48.77411],[2.51085,48.77456],[2.51077,48.77469],[2.51086,48.77476],[2.51097,48.77477],[2.51102,48.7749],[2.51219,48.78073],[2.51234,48.78106],[2.51508,48.78324],[2.51541,48.78382],[2.51638,48.78427],[2.51814,48.78562],[2.517,48.78638],[2.51676,48.7863],[2.51423,48.78588],[2.51359,48.78565],[2.51245,48.78479],[2.51218,48.7839],[2.51245,48.78387],[2.51261,48.78371],[2.51273,48.78369],[2.51356,48.78391],[2.51394,48.78383],[2.5143,48.78393],[2.51445,48.78387],[2.51443,48.78379],[2.51407,48.78357],[2.51365,48.783],[2.51206,48.78192],[2.51124,48.7816],[2.51024,48.78134]]],"type":"Polygon"}},{"type":"Feature","properties":{"code":"940800104","nom":"Centre Nord 4","com":"Vincennes","pop80":147.0,"seuls_n":93.0,"p80":5.2,"seuls":63.5,"chaleur":8.7,"alea_fort":16.0,"pauv":6.0,"nbf":2.0,"f_age":0.0,"f_seuls":1.0,"f_chaleur":1.0},"geometry":{"coordinates":[[[2.43826,48.85138],[2.43797,48.84932],[2.44107,48.84934],[2.44101,48.84998],[2.44126,48.85073],[2.44254,48.85196],[2.44329,48.85258],[2.44266,48.85287],[2.44206,48.85294],[2.44112,48.85302],[2.43882,48.85303],[2.43826,48.85138]]],"type":"Polygon"}},{"type":"Feature","properties":{"code":"940670109","nom":"Daumesnil","com":"Saint-Mandé","pop80":426.0,"seuls_n":184.0,"p80":12.9,"seuls":59.5,"chaleur":11.4,"alea_fort":55.0,"pauv":7.0,"nbf":3.0,"f_age":1.0,"f_seuls":1.0,"f_chaleur":1.0},"geometry":{"coordinates":[[[2.41147,48.83393],[2.41259,48.83378],[2.41351,48.83372],[2.41547,48.83379],[2.41646,48.83396],[2.41734,48.83419],[2.4198,48.83498],[2.418,48.83763],[2.41285,48.83622],[2.41225,48.83454],[2.41147,48.83393]]],"type":"Polygon"}},{"type":"Feature","properties":{"code":"940280205","nom":"L'Ormetteau","com":"Créteil","pop80":69.0,"seuls_n":31.0,"p80":3.0,"seuls":44.6,"chaleur":11.9,"alea_fort":55.0,"pauv":19.0,"nbf":1.0,"f_age":0.0,"f_seuls":0.0,"f_chaleur":1.0},"geometry":{"coordinates":[[[2.45353,48.77606],[2.45278,48.776],[2.45287,48.77591],[2.45278,48.77576],[2.45413,48.77449],[2.45454,48.77442],[2.45485,48.7745],[2.45649,48.77456],[2.45675,48.7747],[2.45711,48.77444],[2.4572,48.7746],[2.45717,48.7752],[2.45783,48.77522],[2.45799,48.77517],[2.45824,48.77517],[2.45823,48.77569],[2.457,48.77639],[2.45642,48.77644],[2.45499,48.77637],[2.45474,48.77625],[2.45394,48.77623],[2.45353,48.77606]]],"type":"Polygon"}},{"type":"Feature","properties":{"code":"940810305","nom":"Solidarité","com":"Vitry-sur-Seine","pop80":115.0,"seuls_n":53.0,"p80":6.4,"seuls":45.8,"chaleur":6.4,"alea_fort":0.0,"pauv":25.0,"nbf":1.0,"f_age":1.0,"f_seuls":0.0,"f_chaleur":0.0},"geometry":{"coordinates":[[[2.38148,48.80259],[2.38201,48.80193],[2.38298,48.80189],[2.3843,48.80172],[2.38628,48.8006],[2.38673,48.8],[2.3871,48.80013],[2.38679,48.80049],[2.38565,48.80432],[2.38277,48.80335],[2.38212,48.80302],[2.38148,48.80259]]],"type":"Polygon"}},{"type":"Feature","properties":{"code":"940020104","nom":"Marché Guesde","com":"Alfortville","pop80":277.0,"seuls_n":204.0,"p80":9.9,"seuls":73.6,"chaleur":11.2,"alea_fort":9.0,"pauv":18.0,"nbf":3.0,"f_age":1.0,"f_seuls":1.0,"f_chaleur":1.0},"geometry":{"coordinates":[[[2.41432,48.80995],[2.41446,48.80855],[2.41488,48.80715],[2.41527,48.80514],[2.41545,48.80506],[2.41958,48.80447],[2.41966,48.80452],[2.41854,48.8062],[2.41695,48.81029],[2.41432,48.80995]]],"type":"Polygon"}},{"type":"Feature","properties":{"code":"940790108","nom":"Les Portes de Villiers","com":"Villiers-sur-Marne","pop80":138.0,"seuls_n":73.0,"p80":2.2,"seuls":53.7,"chaleur":7.5,"alea_fort":14.0,"pauv":33.0,"nbf":1.0,"f_age":0.0,"f_seuls":0.0,"f_chaleur":1.0},"geometry":{"coordinates":[[[2.5357,48.83827],[2.53649,48.83733],[2.53354,48.83563],[2.53468,48.83471],[2.53524,48.83435],[2.53382,48.83261],[2.53331,48.83184],[2.53886,48.8298],[2.53906,48.82972],[2.53926,48.8294],[2.54001,48.83053],[2.54053,48.83101],[2.54121,48.83151],[2.54202,48.83194],[2.54396,48.83279],[2.54566,48.83345],[2.54657,48.83404],[2.5469,48.8344],[2.5472,48.835],[2.54735,48.83501],[2.54745,48.83559],[2.54732,48.83611],[2.54511,48.83544],[2.54456,48.83524],[2.54414,48.83501],[2.54017,48.83618],[2.53807,48.83688],[2.53732,48.83769],[2.53667,48.83854],[2.5357,48.83827]]],"type":"Polygon"}},{"type":"Feature","properties":{"code":"940370101","nom":"Centre Ville 1","com":"Gentilly","pop80":160.0,"seuls_n":59.0,"p80":9.3,"seuls":66.4,"chaleur":9.7,"alea_fort":37.0,"pauv":23.0,"nbf":3.0,"f_age":1.0,"f_seuls":1.0,"f_chaleur":1.0},"geometry":{"coordinates":[[[2.3486,48.81678],[2.34946,48.81637],[2.35018,48.81561],[2.3489,48.81494],[2.34979,48.81423],[2.35183,48.81477],[2.35126,48.81532],[2.35111,48.81562],[2.35169,48.81575],[2.35273,48.8164],[2.35336,48.81717],[2.35338,48.8178],[2.35239,48.81855],[2.35125,48.81796],[2.3486,48.81678]]],"type":"Polygon"}},{"type":"Feature","properties":{"code":"940810311","nom":"Gare","com":"Vitry-sur-Seine","pop80":202.0,"seuls_n":103.0,"p80":6.0,"seuls":51.2,"chaleur":6.3,"alea_fort":0.0,"pauv":23.0,"nbf":1.0,"f_age":1.0,"f_seuls":0.0,"f_chaleur":0.0},"geometry":{"coordinates":[[[2.39462,48.79992],[2.3947,48.79982],[2.39466,48.79943],[2.39437,48.79851],[2.39351,48.79684],[2.39352,48.79585],[2.39936,48.7977],[2.39938,48.79778],[2.39953,48.7978],[2.39969,48.79795],[2.40087,48.79936],[2.40342,48.79844],[2.40365,48.79844],[2.40287,48.7998],[2.40258,48.7998],[2.40243,48.79991],[2.40211,48.80056],[2.40189,48.80064],[2.40191,48.8008],[2.40215,48.80088],[2.40242,48.80119],[2.40238,48.80143],[2.40245,48.80147],[2.40225,48.80158],[2.40088,48.80362],[2.40039,48.80454],[2.3997,48.80432],[2.39958,48.80423],[2.39947,48.80373],[2.39843,48.80181],[2.39829,48.80172],[2.39743,48.80242],[2.39711,48.80229],[2.39631,48.80133],[2.39462,48.79992]]],"type":"Polygon"}},{"type":"Feature","properties":{"code":"940420101","nom":"Moutier","com":"Joinville-le-Pont","pop80":140.0,"seuls_n":75.0,"p80":3.4,"seuls":55.6,"chaleur":11.1,"alea_fort":18.0,"pauv":9.0,"nbf":2.0,"f_age":0.0,"f_seuls":1.0,"f_chaleur":1.0},"geometry":{"coordinates":[[[2.46121,48.81836],[2.46335,48.81708],[2.46356,48.81679],[2.46409,48.81683],[2.4655,48.81634],[2.46419,48.81554],[2.46455,48.81471],[2.46527,48.81515],[2.46621,48.81414],[2.46773,48.8151],[2.46764,48.81548],[2.46798,48.81528],[2.46849,48.81519],[2.46934,48.81516],[2.47001,48.81521],[2.46907,48.81608],[2.46868,48.81636],[2.46836,48.81765],[2.46797,48.81772],[2.4677,48.81765],[2.4682,48.81834],[2.46826,48.81853],[2.46821,48.8187],[2.46752,48.81956],[2.4655,48.81886],[2.46455,48.81973],[2.46444,48.81972],[2.46287,48.81908],[2.4627,48.81906],[2.46121,48.81836]]],"type":"Polygon"}},{"type":"Feature","properties":{"code":"940770104","nom":"Faisanderie Bas et Gare","com":"Villeneuve-le-Roi","pop80":161.0,"seuls_n":100.0,"p80":6.3,"seuls":62.2,"chaleur":3.8,"alea_fort":1.0,"pauv":13.0,"nbf":2.0,"f_age":1.0,"f_seuls":1.0,"f_chaleur":0.0},"geometry":{"coordinates":[[[2.41897,48.7397],[2.41997,48.73111],[2.42186,48.73111],[2.42458,48.73095],[2.42537,48.73082],[2.42594,48.73176],[2.42653,48.73308],[2.42677,48.73385],[2.42707,48.73542],[2.42676,48.73545],[2.42633,48.73823],[2.42402,48.73797],[2.42387,48.73786],[2.4237,48.73794],[2.42269,48.73782],[2.42235,48.74012],[2.41897,48.7397]]],"type":"Polygon"}},{"type":"Feature","properties":{"code":"940280101","nom":"Bords de Marne","com":"Créteil","pop80":272.0,"seuls_n":151.0,"p80":14.7,"seuls":62.7,"chaleur":4.7,"alea_fort":7.0,"pauv":3.0,"nbf":2.0,"f_age":1.0,"f_seuls":1.0,"f_chaleur":0.0},"geometry":{"coordinates":[[[2.46322,48.79591],[2.46347,48.79573],[2.46405,48.79449],[2.46442,48.79354],[2.46442,48.79316],[2.4661,48.79223],[2.46637,48.79197],[2.46722,48.79037],[2.46843,48.78863],[2.46906,48.78798],[2.4696,48.78705],[2.47026,48.78615],[2.47296,48.78701],[2.47268,48.78721],[2.47291,48.78721],[2.47463,48.78767],[2.47238,48.79049],[2.4721,48.79107],[2.47188,48.79167],[2.47179,48.79252],[2.47189,48.79343],[2.47179,48.79431],[2.47004,48.79976],[2.46894,48.80206],[2.46879,48.80266],[2.4677,48.80227],[2.4669,48.80063],[2.46404,48.79745],[2.46347,48.79625],[2.46322,48.79591]]],"type":"Polygon"}},{"type":"Feature","properties":{"code":"940550101","nom":"Nord","com":"Ormesson-sur-Marne","pop80":176.0,"seuls_n":50.0,"p80":8.3,"seuls":42.9,"chaleur":4.0,"alea_fort":5.0,"pauv":9.0,"nbf":1.0,"f_age":1.0,"f_seuls":0.0,"f_chaleur":0.0},"geometry":{"coordinates":[[[2.53903,48.79119],[2.54064,48.79094],[2.54598,48.78814],[2.55438,48.79173],[2.55513,48.79201],[2.5554,48.79197],[2.55443,48.79265],[2.55575,48.79443],[2.55407,48.7947],[2.55355,48.79527],[2.55351,48.7956],[2.55342,48.79559],[2.55337,48.79646],[2.55332,48.79803],[2.55342,48.79825],[2.54738,48.79753],[2.54818,48.79704],[2.54756,48.7969],[2.54774,48.79647],[2.54676,48.79367],[2.54594,48.79066],[2.54443,48.79073],[2.54115,48.79127],[2.5395,48.79129],[2.53903,48.79119]]],"type":"Polygon"}},{"type":"Feature","properties":{"code":"940740103","nom":"Centre Ville","com":"Valenton","pop80":51.0,"seuls_n":32.0,"p80":1.6,"seuls":63.5,"chaleur":3.2,"alea_fort":0.0,"pauv":33.0,"nbf":1.0,"f_age":0.0,"f_seuls":1.0,"f_chaleur":0.0},"geometry":{"coordinates":[[[2.46196,48.74721],[2.46271,48.74665],[2.46387,48.74532],[2.46527,48.74605],[2.46581,48.74523],[2.46732,48.74431],[2.46841,48.74484],[2.46919,48.74501],[2.46945,48.74512],[2.47044,48.74415],[2.47136,48.74439],[2.47256,48.74455],[2.47332,48.7445],[2.47349,48.74455],[2.4734,48.74516],[2.47348,48.7469],[2.47279,48.74681],[2.47016,48.74692],[2.46917,48.74687],[2.46881,48.74677],[2.4681,48.74642],[2.46765,48.74681],[2.46761,48.74686],[2.46979,48.74793],[2.47,48.74811],[2.46915,48.74807],[2.4689,48.74818],[2.46749,48.74811],[2.46741,48.74815],[2.46653,48.74807],[2.46531,48.74804],[2.46521,48.74809],[2.465,48.748],[2.46295,48.74776],[2.46249,48.74755],[2.46196,48.74721]]],"type":"Polygon"}},{"type":"Feature","properties":{"code":"940410206","nom":"Plateau Nord","com":"Ivry-sur-Seine","pop80":80.0,"seuls_n":33.0,"p80":2.7,"seuls":46.6,"chaleur":9.7,"alea_fort":0.0,"pauv":27.0,"nbf":1.0,"f_age":0.0,"f_seuls":0.0,"f_chaleur":1.0},"geometry":{"coordinates":[[[2.37314,48.80928],[2.37501,48.80688],[2.37769,48.80791],[2.37915,48.80892],[2.38043,48.80956],[2.38014,48.81036],[2.3799,48.81076],[2.38016,48.81082],[2.38037,48.811],[2.38035,48.81134],[2.37969,48.81219],[2.37961,48.8124],[2.37966,48.81259],[2.37982,48.81278],[2.38059,48.81316],[2.37988,48.81372],[2.37794,48.81281],[2.37842,48.81231],[2.37784,48.81203],[2.37928,48.81086],[2.37759,48.81125],[2.37664,48.81086],[2.37514,48.81009],[2.37314,48.80928]]],"type":"Polygon"}},{"type":"Feature","properties":{"code":"940810109","nom":"Ferme Nord","com":"Vitry-sur-Seine","pop80":70.0,"seuls_n":41.0,"p80":2.9,"seuls":58.8,"chaleur":3.7,"alea_fort":0.0,"pauv":16.0,"nbf":1.0,"f_age":0.0,"f_seuls":1.0,"f_chaleur":0.0},"geometry":{"coordinates":[[[2.39676,48.79114],[2.39694,48.79068],[2.39527,48.79039],[2.3965,48.78821],[2.39661,48.78814],[2.39722,48.78827],[2.39769,48.78758],[2.39815,48.78778],[2.3998,48.78552],[2.40209,48.78622],[2.40224,48.78612],[2.40247,48.78612],[2.40261,48.78622],[2.4026,48.78639],[2.4046,48.78697],[2.40517,48.78703],[2.40681,48.78735],[2.40638,48.78834],[2.40588,48.78913],[2.40497,48.79007],[2.40384,48.79171],[2.40372,48.79173],[2.4031,48.79206],[2.39881,48.79117],[2.39852,48.79107],[2.39846,48.79086],[2.39676,48.79114]]],"type":"Polygon"}},{"type":"Feature","properties":{"code":"940150103","nom":"Centre Ancien","com":"Bry-sur-Marne","pop80":131.0,"seuls_n":55.0,"p80":5.6,"seuls":42.6,"chaleur":8.0,"alea_fort":18.0,"pauv":11.0,"nbf":2.0,"f_age":1.0,"f_seuls":0.0,"f_chaleur":1.0},"geometry":{"coordinates":[[[2.51844,48.83732],[2.51919,48.83708],[2.51969,48.83675],[2.52005,48.83601],[2.52014,48.83566],[2.52047,48.83619],[2.52121,48.83591],[2.52111,48.83568],[2.52148,48.83548],[2.5216,48.83531],[2.52232,48.83514],[2.52303,48.83509],[2.52314,48.83556],[2.52338,48.8355],[2.52454,48.83885],[2.52489,48.83955],[2.52431,48.83946],[2.52362,48.83925],[2.52352,48.83936],[2.52353,48.8395],[2.52338,48.8395],[2.52263,48.83921],[2.52245,48.83931],[2.52237,48.83986],[2.52223,48.83984],[2.52216,48.83991],[2.52074,48.84038],[2.51932,48.84109],[2.51844,48.83732]]],"type":"Polygon"}},{"type":"Feature","properties":{"code":"940550104","nom":"Sud","com":"Ormesson-sur-Marne","pop80":59.0,"seuls_n":25.0,"p80":2.9,"seuls":43.0,"chaleur":2.7,"alea_fort":0.0,"pauv":5.0,"nbf":0.0,"f_age":0.0,"f_seuls":0.0,"f_chaleur":0.0},"geometry":{"coordinates":[[[2.51974,48.78088],[2.51989,48.78075],[2.5226,48.7796],[2.52101,48.77779],[2.52059,48.77709],[2.52026,48.77677],[2.52117,48.77681],[2.52215,48.77694],[2.52372,48.77674],[2.52672,48.77706],[2.52731,48.77727],[2.52718,48.77749],[2.52759,48.77812],[2.52791,48.77808],[2.52828,48.77823],[2.52845,48.77809],[2.52878,48.77816],[2.52899,48.7781],[2.52922,48.77822],[2.52932,48.77809],[2.52965,48.77803],[2.5297,48.7779],[2.52951,48.77785],[2.52952,48.77774],[2.52939,48.77766],[2.52941,48.7775],[2.52948,48.7775],[2.52955,48.7776],[2.52964,48.7776],[2.52964,48.77738],[2.52994,48.77746],[2.53015,48.77732],[2.53009,48.77727],[2.52987,48.77726],[2.53016,48.77709],[2.53044,48.77704],[2.53031,48.77692],[2.53059,48.77684],[2.53054,48.77647],[2.53078,48.7765],[2.53102,48.77643],[2.53096,48.77664],[2.53104,48.7767],[2.53123,48.77653],[2.53135,48.77654],[2.53131,48.77674],[2.53173,48.77664],[2.53195,48.77668],[2.53227,48.77693],[2.53243,48.77684],[2.53271,48.77693],[2.53289,48.77691],[2.53331,48.777],[2.53457,48.77708],[2.53468,48.77698],[2.5349,48.77692],[2.53523,48.77702],[2.53609,48.77707],[2.53649,48.77742],[2.53762,48.77813],[2.53803,48.77829],[2.53804,48.7784],[2.53785,48.77849],[2.53792,48.77875],[2.53908,48.7794],[2.53918,48.77961],[2.53972,48.77981],[2.54073,48.78048],[2.5409,48.78096],[2.54474,48.78252],[2.54581,48.78228],[2.54769,48.7824],[2.54962,48.78232],[2.55042,48.78276],[2.5511,48.78293],[2.55369,48.78328],[2.55407,48.7835],[2.55465,48.78396],[2.55672,48.78598],[2.55718,48.78634],[2.55896,48.78699],[2.56064,48.78745],[2.56194,48.78787],[2.56137,48.78851],[2.5607,48.78903],[2.55778,48.7904],[2.5571,48.79078],[2.5554,48.79197],[2.55513,48.79201],[2.52881,48.78084],[2.52851,48.78081],[2.51974,48.78088]]],"type":"Polygon"}},{"type":"Feature","properties":{"code":"940710105","nom":"La Procession-Fort","com":"Sucy-en-Brie","pop80":143.0,"seuls_n":83.0,"p80":4.4,"seuls":58.2,"chaleur":3.0,"alea_fort":1.0,"pauv":7.0,"nbf":1.0,"f_age":0.0,"f_seuls":1.0,"f_chaleur":0.0},"geometry":{"coordinates":[[[2.52771,48.77146],[2.52806,48.77073],[2.52875,48.77029],[2.52893,48.77008],[2.52844,48.76863],[2.52828,48.76862],[2.52447,48.77006],[2.52395,48.76894],[2.52379,48.76877],[2.52404,48.76851],[2.52419,48.76849],[2.52415,48.76839],[2.5247,48.76771],[2.525,48.76713],[2.52509,48.76507],[2.52541,48.76433],[2.52615,48.76416],[2.52857,48.76403],[2.5308,48.76363],[2.53384,48.76319],[2.5336,48.76562],[2.53369,48.76576],[2.53423,48.76533],[2.53438,48.76535],[2.53469,48.7655],[2.53524,48.76562],[2.53578,48.76584],[2.53646,48.76636],[2.53698,48.76716],[2.53713,48.76779],[2.53707,48.76843],[2.53671,48.76914],[2.53616,48.76968],[2.53552,48.77008],[2.53499,48.77025],[2.53428,48.77028],[2.53278,48.77116],[2.5318,48.7715],[2.53093,48.77164],[2.52969,48.77171],[2.52843,48.77156],[2.52777,48.77167],[2.52771,48.77146]]],"type":"Polygon"}},{"type":"Feature","properties":{"code":"940030108","nom":"Laplace 1","com":"Arcueil","pop80":92.0,"seuls_n":33.0,"p80":4.4,"seuls":35.7,"chaleur":6.6,"alea_fort":18.0,"pauv":13.0,"nbf":0.0,"f_age":0.0,"f_seuls":0.0,"f_chaleur":0.0},"geometry":{"coordinates":[[[2.31908,48.81001],[2.31786,48.8084],[2.31834,48.80602],[2.32041,48.80613],[2.32103,48.80569],[2.32174,48.80595],[2.32399,48.80536],[2.32428,48.80586],[2.32444,48.80582],[2.32434,48.80669],[2.32454,48.80699],[2.32479,48.80701],[2.32476,48.80761],[2.325,48.80815],[2.32525,48.80842],[2.32636,48.8083],[2.32598,48.80673],[2.3256,48.80577],[2.3292,48.80439],[2.32971,48.80505],[2.3306,48.80743],[2.33067,48.80854],[2.33062,48.80884],[2.32662,48.81015],[2.32653,48.81069],[2.32556,48.80958],[2.32189,48.80974],[2.31908,48.81001]]],"type":"Polygon"}},{"type":"Feature","properties":{"code":"940330102","nom":"Parapluies 2","com":"Fontenay-sous-Bois","pop80":76.0,"seuls_n":49.0,"p80":3.2,"seuls":64.4,"chaleur":5.8,"alea_fort":2.0,"pauv":9.0,"nbf":1.0,"f_age":0.0,"f_seuls":1.0,"f_chaleur":0.0},"geometry":{"coordinates":[[[2.45197,48.85055],[2.45242,48.85039],[2.45441,48.84995],[2.45443,48.85],[2.45564,48.84982],[2.4557,48.84991],[2.45625,48.84965],[2.45638,48.84968],[2.4567,48.8503],[2.45684,48.85034],[2.45719,48.85084],[2.45732,48.85119],[2.45725,48.85263],[2.45703,48.85336],[2.45709,48.8536],[2.45773,48.85463],[2.4576,48.85551],[2.45768,48.85577],[2.45758,48.85593],[2.45549,48.85569],[2.45397,48.8554],[2.45407,48.85499],[2.45402,48.85416],[2.4524,48.85355],[2.45293,48.85341],[2.45242,48.85253],[2.45306,48.85234],[2.45197,48.85055]]],"type":"Polygon"}},{"type":"Feature","properties":{"code":"940810102","nom":"Coquelin","com":"Vitry-sur-Seine","pop80":122.0,"seuls_n":51.0,"p80":4.6,"seuls":42.2,"chaleur":5.1,"alea_fort":2.0,"pauv":22.0,"nbf":0.0,"f_age":0.0,"f_seuls":0.0,"f_chaleur":0.0},"geometry":{"coordinates":[[[2.3954,48.78049],[2.39661,48.77805],[2.3987,48.77481],[2.40033,48.77508],[2.40202,48.77296],[2.40581,48.77359],[2.40576,48.77385],[2.40709,48.77394],[2.40691,48.77519],[2.40555,48.77764],[2.40126,48.77684],[2.40093,48.77753],[2.40078,48.77822],[2.39964,48.7796],[2.40304,48.7811],[2.40192,48.78271],[2.40116,48.78233],[2.39996,48.78221],[2.39623,48.78074],[2.3954,48.78049]]],"type":"Polygon"}},{"type":"Feature","properties":{"code":"940220106","nom":"Parc Prairie II","com":"Choisy-le-Roi","pop80":137.0,"seuls_n":56.0,"p80":3.5,"seuls":41.2,"chaleur":5.6,"alea_fort":10.0,"pauv":20.0,"nbf":0.0,"f_age":0.0,"f_seuls":0.0,"f_chaleur":0.0},"geometry":{"coordinates":[[[2.40456,48.75661],[2.40533,48.75377],[2.41065,48.75466],[2.41159,48.7549],[2.41218,48.75401],[2.41509,48.75481],[2.41659,48.75248],[2.41811,48.75289],[2.42015,48.74974],[2.42124,48.75062],[2.42458,48.75269],[2.42272,48.75415],[2.42161,48.75558],[2.42082,48.75745],[2.41943,48.76027],[2.41875,48.76117],[2.41787,48.76192],[2.417,48.76113],[2.41519,48.75996],[2.415,48.7599],[2.41488,48.75964],[2.41491,48.75889],[2.41469,48.75869],[2.41358,48.75864],[2.41292,48.75846],[2.41248,48.75915],[2.40952,48.75832],[2.40969,48.75807],[2.4096,48.75802],[2.40456,48.75661]]],"type":"Polygon"}},{"type":"Feature","properties":{"code":"940460106","nom":"Centre Vert de Maison 6","com":"Maisons-Alfort","pop80":52.0,"seuls_n":24.0,"p80":2.3,"seuls":46.1,"chaleur":6.8,"alea_fort":34.0,"pauv":23.0,"nbf":0.0,"f_age":0.0,"f_seuls":0.0,"f_chaleur":0.0},"geometry":{"coordinates":[[[2.42889,48.79632],[2.43283,48.78662],[2.43351,48.7867],[2.43327,48.78733],[2.43294,48.79017],[2.43203,48.79613],[2.43204,48.79625],[2.43278,48.79702],[2.43283,48.79727],[2.43261,48.79717],[2.43099,48.79677],[2.42889,48.79632]]],"type":"Polygon"}},{"type":"Feature","properties":{"code":"940460107","nom":"Centre Vert de Maison 7","com":"Maisons-Alfort","pop80":139.0,"seuls_n":80.0,"p80":3.9,"seuls":57.5,"chaleur":9.3,"alea_fort":50.0,"pauv":6.0,"nbf":2.0,"f_age":0.0,"f_seuls":1.0,"f_chaleur":1.0},"geometry":{"coordinates":[[[2.4316,48.80117],[2.43183,48.80109],[2.43289,48.80123],[2.43338,48.80119],[2.43396,48.80104],[2.43474,48.8007],[2.43552,48.80056],[2.43741,48.79992],[2.43673,48.80146],[2.44157,48.80537],[2.44085,48.80575],[2.43428,48.80296],[2.4326,48.80197],[2.4316,48.80117]]],"type":"Polygon"}},{"type":"Feature","properties":{"code":"940550103","nom":"Centre Sud","com":"Ormesson-sur-Marne","pop80":135.0,"seuls_n":50.0,"p80":6.3,"seuls":36.9,"chaleur":3.3,"alea_fort":0.0,"pauv":5.0,"nbf":1.0,"f_age":1.0,"f_seuls":0.0,"f_chaleur":0.0},"geometry":{"coordinates":[[[2.53055,48.78679],[2.53294,48.78259],[2.53929,48.7853],[2.53607,48.78862],[2.5361,48.78871],[2.53589,48.7888],[2.53266,48.7921],[2.53251,48.79197],[2.53235,48.79159],[2.53107,48.78799],[2.53055,48.78679]]],"type":"Polygon"}},{"type":"Feature","properties":{"code":"940680106","nom":"Adamville 6","com":"Saint-Maur-des-Fossés","pop80":168.0,"seuls_n":81.0,"p80":6.4,"seuls":48.6,"chaleur":7.7,"alea_fort":4.0,"pauv":9.0,"nbf":2.0,"f_age":1.0,"f_seuls":0.0,"f_chaleur":1.0},"geometry":{"coordinates":[[[2.4801,48.79816],[2.48661,48.79386],[2.48685,48.79394],[2.4871,48.79393],[2.48731,48.79382],[2.48741,48.79366],[2.48971,48.79372],[2.49066,48.79566],[2.49078,48.79569],[2.49072,48.79579],[2.49161,48.79775],[2.49131,48.79801],[2.48013,48.79822],[2.4801,48.79816]]],"type":"Polygon"}},{"type":"Feature","properties":{"code":"940460104","nom":"Centre Vert de Maison 4","com":"Maisons-Alfort","pop80":147.0,"seuls_n":68.0,"p80":6.9,"seuls":73.7,"chaleur":7.7,"alea_fort":11.0,"pauv":8.0,"nbf":3.0,"f_age":1.0,"f_seuls":1.0,"f_chaleur":1.0},"geometry":{"coordinates":[[[2.42739,48.79994],[2.42889,48.79632],[2.43099,48.79677],[2.43333,48.79739],[2.43321,48.79797],[2.43329,48.79819],[2.43526,48.80061],[2.43474,48.8007],[2.43396,48.80104],[2.43338,48.80119],[2.43289,48.80123],[2.43183,48.80109],[2.4316,48.80117],[2.43123,48.80089],[2.43075,48.80068],[2.42858,48.80012],[2.42739,48.79994]]],"type":"Polygon"}},{"type":"Feature","properties":{"code":"940171303","nom":"Cœuilly 3","com":"Champigny-sur-Marne","pop80":105.0,"seuls_n":27.0,"p80":4.9,"seuls":25.3,"chaleur":3.0,"alea_fort":0.0,"pauv":9.0,"nbf":0.0,"f_age":0.0,"f_seuls":0.0,"f_chaleur":0.0},"geometry":{"coordinates":[[[2.55309,48.81461],[2.55296,48.81375],[2.55202,48.81263],[2.55222,48.81256],[2.55202,48.81242],[2.55213,48.81155],[2.55102,48.80993],[2.55083,48.80984],[2.55062,48.80882],[2.5505,48.80871],[2.55423,48.80822],[2.55437,48.8081],[2.55482,48.80809],[2.55611,48.80791],[2.5579,48.80758],[2.55849,48.80757],[2.55846,48.80776],[2.56131,48.81082],[2.56073,48.81086],[2.56092,48.81108],[2.56038,48.81157],[2.561,48.81241],[2.55937,48.8128],[2.56006,48.81339],[2.55813,48.81373],[2.55798,48.8136],[2.55774,48.81359],[2.55757,48.81368],[2.55755,48.81383],[2.55309,48.81461]]],"type":"Polygon"}},{"type":"Feature","properties":{"code":"940470000","nom":"Mandres-les-Roses (commune non irisée)","com":"Mandres-les-Roses","pop80":270.0,"seuls_n":63.0,"p80":5.6,"seuls":42.3,"chaleur":3.9,"alea_fort":1.0,"pauv":7.0,"nbf":1.0,"f_age":1.0,"f_seuls":0.0,"f_chaleur":0.0},"geometry":{"coordinates":[[[2.52961,48.70617],[2.52951,48.70558],[2.52914,48.70527],[2.52831,48.70525],[2.528,48.70498],[2.52762,48.70507],[2.52688,48.7051],[2.52681,48.70506],[2.52684,48.70468],[2.528,48.70413],[2.52852,48.70375],[2.52896,48.7031],[2.52964,48.70181],[2.53035,48.70101],[2.53085,48.70016],[2.53129,48.69963],[2.5317,48.69978],[2.53159,48.69992],[2.53348,48.70047],[2.53455,48.70072],[2.53455,48.70085],[2.53569,48.70107],[2.53612,48.69979],[2.53598,48.69871],[2.53622,48.69728],[2.53639,48.69713],[2.53657,48.69729],[2.53767,48.69777],[2.53995,48.69905],[2.54052,48.6995],[2.54132,48.70036],[2.54221,48.69988],[2.54417,48.69861],[2.54586,48.69947],[2.54683,48.69915],[2.54759,48.699],[2.54838,48.69893],[2.55083,48.69903],[2.5532,48.69821],[2.55485,48.69975],[2.55777,48.70164],[2.55857,48.70191],[2.56075,48.70219],[2.56162,48.70246],[2.56465,48.70441],[2.56719,48.7066],[2.56814,48.70706],[2.56867,48.70723],[2.56779,48.709],[2.56667,48.70914],[2.56661,48.70891],[2.56616,48.70896],[2.566,48.70849],[2.56409,48.70879],[2.56303,48.70909],[2.56303,48.7092],[2.56137,48.71062],[2.56139,48.71067],[2.56027,48.71091],[2.56018,48.71076],[2.55881,48.71136],[2.55968,48.71245],[2.55703,48.71347],[2.55762,48.71417],[2.55558,48.71499],[2.55538,48.71478],[2.55324,48.71579],[2.55359,48.71616],[2.55321,48.71643],[2.55198,48.71566],[2.55171,48.71584],[2.55009,48.71494],[2.55043,48.71461],[2.54913,48.71297],[2.54884,48.71235],[2.54852,48.7119],[2.54733,48.71213],[2.54545,48.71234],[2.54529,48.71184],[2.54317,48.71191],[2.54153,48.71185],[2.53917,48.71104],[2.53906,48.71121],[2.53794,48.71051],[2.53728,48.71],[2.53719,48.71011],[2.53647,48.70956],[2.53438,48.70971],[2.53398,48.70919],[2.53378,48.70807],[2.53342,48.70699],[2.53265,48.70541],[2.53077,48.70591],[2.52961,48.70617]]],"type":"Polygon"}},{"type":"Feature","properties":{"code":"940330103","nom":"Plateau","com":"Fontenay-sous-Bois","pop80":102.0,"seuls_n":48.0,"p80":2.9,"seuls":46.7,"chaleur":3.3,"alea_fort":2.0,"pauv":9.0,"nbf":0.0,"f_age":0.0,"f_seuls":0.0,"f_chaleur":0.0},"geometry":{"coordinates":[[[2.45758,48.85593],[2.45768,48.85577],[2.4576,48.85551],[2.45773,48.85463],[2.45707,48.85356],[2.45704,48.85325],[2.45721,48.85281],[2.45777,48.85301],[2.4586,48.85307],[2.4591,48.85299],[2.46075,48.85256],[2.46222,48.8524],[2.46702,48.85263],[2.46798,48.85281],[2.46876,48.85309],[2.46991,48.85375],[2.47042,48.85427],[2.47075,48.85477],[2.47091,48.85521],[2.47117,48.85736],[2.47049,48.85702],[2.46962,48.8568],[2.46857,48.85667],[2.46743,48.85657],[2.46741,48.85663],[2.46572,48.85653],[2.46144,48.85612],[2.45758,48.85593]]],"type":"Polygon"}},{"type":"Feature","properties":{"code":"940680204","nom":"Le Vieux Saint-Maur 4","com":"Saint-Maur-des-Fossés","pop80":140.0,"seuls_n":76.0,"p80":7.0,"seuls":54.2,"chaleur":3.5,"alea_fort":0.0,"pauv":5.0,"nbf":1.0,"f_age":1.0,"f_seuls":0.0,"f_chaleur":0.0},"geometry":{"coordinates":[[[2.47555,48.80962],[2.48357,48.80546],[2.48392,48.80534],[2.48402,48.80535],[2.48416,48.8055],[2.48594,48.80839],[2.48613,48.80857],[2.48621,48.80881],[2.48617,48.80894],[2.48587,48.80902],[2.47691,48.81143],[2.47555,48.80962]]],"type":"Polygon"}},{"type":"Feature","properties":{"code":"940760120","nom":"Petits Ormes","com":"Villejuif","pop80":70.0,"seuls_n":37.0,"p80":2.9,"seuls":53.4,"chaleur":4.4,"alea_fort":0.0,"pauv":23.0,"nbf":0.0,"f_age":0.0,"f_seuls":0.0,"f_chaleur":0.0},"geometry":{"coordinates":[[[2.36689,48.78606],[2.36715,48.78126],[2.36719,48.78088],[2.36726,48.78089],[2.36738,48.77943],[2.37092,48.7807],[2.3695,48.7824],[2.37172,48.78348],[2.37073,48.78539],[2.37005,48.78652],[2.37044,48.78662],[2.36964,48.78855],[2.36827,48.78858],[2.36721,48.78648],[2.36689,48.78606]]],"type":"Polygon"}},{"type":"Feature","properties":{"code":"940790106","nom":"Le Centre Ville","com":"Villiers-sur-Marne","pop80":206.0,"seuls_n":120.0,"p80":4.1,"seuls":58.3,"chaleur":6.6,"alea_fort":9.0,"pauv":14.0,"nbf":1.0,"f_age":0.0,"f_seuls":1.0,"f_chaleur":0.0},"geometry":{"coordinates":[[[2.53926,48.8294],[2.54029,48.82677],[2.54023,48.82666],[2.54035,48.8266],[2.54045,48.82588],[2.54113,48.82379],[2.5411,48.82346],[2.5412,48.82322],[2.54109,48.82273],[2.5412,48.82271],[2.54122,48.82263],[2.54335,48.82301],[2.54482,48.82349],[2.54485,48.8236],[2.54575,48.82374],[2.54667,48.82404],[2.54644,48.82435],[2.55133,48.82619],[2.55024,48.82672],[2.55033,48.82681],[2.55029,48.8269],[2.55056,48.82694],[2.55147,48.82733],[2.54978,48.82802],[2.54933,48.82755],[2.54755,48.82823],[2.54669,48.82823],[2.54632,48.82836],[2.54699,48.82913],[2.54338,48.83059],[2.5431,48.83078],[2.54256,48.83052],[2.54159,48.83071],[2.54053,48.83101],[2.53983,48.83032],[2.53926,48.8294]]],"type":"Polygon"}},{"type":"Feature","properties":{"code":"940150106","nom":"Les Coteaux","com":"Bry-sur-Marne","pop80":134.0,"seuls_n":53.0,"p80":4.2,"seuls":39.9,"chaleur":4.9,"alea_fort":5.0,"pauv":11.0,"nbf":0.0,"f_age":0.0,"f_seuls":0.0,"f_chaleur":0.0},"geometry":{"coordinates":[[[2.51828,48.829],[2.51869,48.82878],[2.52019,48.82965],[2.52046,48.82967],[2.52154,48.82892],[2.52387,48.82786],[2.52498,48.82721],[2.52546,48.82726],[2.52649,48.82889],[2.52833,48.82896],[2.5319,48.82924],[2.53363,48.83174],[2.53331,48.83184],[2.53382,48.83261],[2.53524,48.83435],[2.53468,48.83471],[2.53354,48.83563],[2.53649,48.83733],[2.5357,48.83827],[2.53461,48.83795],[2.5344,48.83806],[2.53423,48.83802],[2.53413,48.83793],[2.5339,48.83794],[2.53281,48.83842],[2.53165,48.8393],[2.53077,48.83891],[2.53022,48.83885],[2.52987,48.8387],[2.52969,48.8387],[2.52934,48.83895],[2.52947,48.83953],[2.52926,48.84011],[2.52883,48.84056],[2.52849,48.84077],[2.52803,48.84092],[2.52745,48.841],[2.52512,48.84081],[2.525,48.84081],[2.52489,48.84091],[2.52475,48.8409],[2.52351,48.83945],[2.52362,48.83925],[2.52431,48.83946],[2.52489,48.83955],[2.52454,48.83885],[2.52299,48.8345],[2.52042,48.83096],[2.51949,48.83001],[2.51828,48.829]]],"type":"Polygon"}},{"type":"Feature","properties":{"code":"940590107","nom":"Saint-Antoine","com":"Le Plessis-Trévise","pop80":68.0,"seuls_n":6.0,"p80":2.7,"seuls":8.8,"chaleur":2.7,"alea_fort":0.0,"pauv":13.0,"nbf":0.0,"f_age":0.0,"f_seuls":0.0,"f_chaleur":0.0},"geometry":{"coordinates":[[[2.5692,48.80317],[2.57097,48.80212],[2.57124,48.79952],[2.57174,48.79853],[2.5718,48.79655],[2.57224,48.79558],[2.57501,48.79549],[2.576,48.79347],[2.57697,48.79372],[2.57951,48.79392],[2.58196,48.79373],[2.58206,48.79411],[2.58622,48.79326],[2.58846,48.79322],[2.59135,48.79708],[2.59219,48.79953],[2.5932,48.80016],[2.59647,48.80577],[2.59392,48.80536],[2.59191,48.80487],[2.59169,48.80491],[2.5916,48.80478],[2.5822,48.80228],[2.58161,48.80323],[2.57786,48.8019],[2.57574,48.80126],[2.5755,48.80125],[2.57537,48.80131],[2.57521,48.80127],[2.57513,48.80174],[2.57232,48.80512],[2.5692,48.80317]]],"type":"Polygon"}},{"type":"Feature","properties":{"code":"940690103","nom":"Quartiers Centre et Bras de Marne","com":"Saint-Maurice","pop80":168.0,"seuls_n":17.0,"p80":5.1,"seuls":27.0,"chaleur":6.4,"alea_fort":11.0,"pauv":12.0,"nbf":0.0,"f_age":0.0,"f_seuls":0.0,"f_chaleur":0.0},"geometry":{"coordinates":[[[2.41971,48.81762],[2.41976,48.81687],[2.42138,48.81677],[2.42269,48.81646],[2.42402,48.81626],[2.42555,48.81647],[2.42693,48.81658],[2.42878,48.8165],[2.43237,48.81612],[2.43357,48.81618],[2.4343,48.81625],[2.43618,48.81675],[2.43704,48.81688],[2.43806,48.81686],[2.44088,48.81636],[2.44191,48.81625],[2.44726,48.81611],[2.45001,48.81592],[2.45112,48.81575],[2.45201,48.81536],[2.45423,48.81358],[2.45544,48.81421],[2.45778,48.81561],[2.45774,48.81573],[2.45747,48.81587],[2.45643,48.81606],[2.4544,48.81663],[2.45415,48.81665],[2.45365,48.8169],[2.4542,48.81712],[2.45328,48.81717],[2.45081,48.81773],[2.44984,48.81788],[2.44779,48.81797],[2.44418,48.81788],[2.44233,48.8179],[2.43985,48.81829],[2.43733,48.81818],[2.43744,48.81911],[2.43692,48.81936],[2.43603,48.81959],[2.4349,48.81967],[2.43414,48.81922],[2.43429,48.82016],[2.43248,48.82143],[2.43289,48.82169],[2.43263,48.8219],[2.43219,48.82162],[2.43037,48.82288],[2.43063,48.82316],[2.42938,48.82358],[2.42832,48.82383],[2.42698,48.82405],[2.42548,48.82418],[2.42288,48.82413],[2.42348,48.82113],[2.4234,48.82031],[2.42316,48.8195],[2.42409,48.81921],[2.42444,48.81897],[2.42437,48.81811],[2.42431,48.81811],[2.42447,48.81787],[2.42446,48.81762],[2.42433,48.81752],[2.42413,48.81749],[2.42305,48.81747],[2.42167,48.81759],[2.41971,48.81762]]],"type":"Polygon"}},{"type":"Feature","properties":{"code":"940680101","nom":"Adamville 1","com":"Saint-Maur-des-Fossés","pop80":224.0,"seuls_n":128.0,"p80":9.3,"seuls":57.0,"chaleur":6.5,"alea_fort":11.0,"pauv":6.0,"nbf":2.0,"f_age":1.0,"f_seuls":1.0,"f_chaleur":0.0},"geometry":{"coordinates":[[[2.47889,48.80491],[2.48352,48.80027],[2.48674,48.80189],[2.48717,48.80152],[2.48725,48.80158],[2.48746,48.80158],[2.48847,48.80154],[2.48852,48.8018],[2.48975,48.80301],[2.49011,48.80302],[2.48575,48.80457],[2.48557,48.8045],[2.48558,48.80458],[2.48484,48.80479],[2.48469,48.80493],[2.48134,48.80476],[2.47889,48.80491]]],"type":"Polygon"}},{"type":"Feature","properties":{"code":"940220105","nom":"Centre Sud","com":"Choisy-le-Roi","pop80":70.0,"seuls_n":39.0,"p80":4.1,"seuls":55.7,"chaleur":9.2,"alea_fort":51.0,"pauv":31.0,"nbf":2.0,"f_age":0.0,"f_seuls":1.0,"f_chaleur":1.0},"geometry":{"coordinates":[[[2.40542,48.76428],[2.40663,48.76243],[2.40671,48.76234],[2.4069,48.76239],[2.40748,48.76148],[2.4109,48.76245],[2.4104,48.76377],[2.40998,48.76441],[2.41027,48.76449],[2.41069,48.76479],[2.41065,48.76597],[2.40768,48.7651],[2.40542,48.76428]]],"type":"Polygon"}},{"type":"Feature","properties":{"code":"940280303","nom":"Viet","com":"Créteil","pop80":35.0,"seuls_n":17.0,"p80":1.7,"seuls":49.3,"chaleur":4.0,"alea_fort":0.0,"pauv":19.0,"nbf":0.0,"f_age":0.0,"f_seuls":0.0,"f_chaleur":0.0},"geometry":{"coordinates":[[[2.44544,48.79971],[2.44819,48.79968],[2.45312,48.7991],[2.45363,48.79915],[2.45123,48.80039],[2.45216,48.80092],[2.45224,48.80103],[2.45149,48.80163],[2.45157,48.80178],[2.45154,48.80198],[2.452,48.80231],[2.45238,48.80221],[2.45283,48.80226],[2.45285,48.80245],[2.453,48.80256],[2.45325,48.80261],[2.45355,48.8025],[2.45403,48.80276],[2.4541,48.80282],[2.45392,48.80298],[2.45395,48.80317],[2.45387,48.80323],[2.45423,48.80343],[2.45355,48.80381],[2.45516,48.80475],[2.45616,48.80397],[2.45776,48.80484],[2.45771,48.80488],[2.45778,48.80492],[2.45672,48.8055],[2.4555,48.80581],[2.45455,48.80596],[2.45276,48.80503],[2.45289,48.80494],[2.44994,48.80301],[2.44865,48.80382],[2.44697,48.80245],[2.44735,48.80226],[2.44576,48.80081],[2.44544,48.79971]]],"type":"Polygon"}},{"type":"Feature","properties":{"code":"940760113","nom":"République","com":"Villejuif","pop80":90.0,"seuls_n":35.0,"p80":4.4,"seuls":39.3,"chaleur":5.1,"alea_fort":9.0,"pauv":19.0,"nbf":0.0,"f_age":0.0,"f_seuls":0.0,"f_chaleur":0.0},"geometry":{"coordinates":[[[2.35416,48.78737],[2.35446,48.78556],[2.35748,48.78555],[2.35749,48.7864],[2.35757,48.78654],[2.35781,48.78663],[2.3589,48.78657],[2.35923,48.78683],[2.36047,48.78685],[2.36113,48.78645],[2.3619,48.78694],[2.36299,48.7878],[2.36682,48.78778],[2.36689,48.78606],[2.36721,48.78648],[2.36827,48.78858],[2.35886,48.78846],[2.35872,48.78853],[2.35863,48.78844],[2.35416,48.78737]]],"type":"Polygon"}},{"type":"Feature","properties":{"code":"940410211","nom":"Danton Est","com":"Ivry-sur-Seine","pop80":144.0,"seuls_n":57.0,"p80":5.3,"seuls":39.5,"chaleur":10.4,"alea_fort":29.0,"pauv":22.0,"nbf":1.0,"f_age":0.0,"f_seuls":0.0,"f_chaleur":1.0},"geometry":{"coordinates":[[[2.38158,48.8176],[2.38169,48.81744],[2.38154,48.81733],[2.3814,48.81526],[2.38131,48.81517],[2.38161,48.81521],[2.38302,48.81577],[2.38414,48.81454],[2.3894,48.81659],[2.38637,48.81981],[2.38449,48.81895],[2.38394,48.81856],[2.38158,48.8176]]],"type":"Polygon"}},{"type":"Feature","properties":{"code":"940680203","nom":"Le Vieux Saint-Maur 3","com":"Saint-Maur-des-Fossés","pop80":116.0,"seuls_n":65.0,"p80":4.1,"seuls":55.8,"chaleur":5.8,"alea_fort":1.0,"pauv":10.0,"nbf":1.0,"f_age":0.0,"f_seuls":1.0,"f_chaleur":0.0},"geometry":{"coordinates":[[[2.47036,48.81228],[2.46885,48.8127],[2.46864,48.81262],[2.46885,48.81189],[2.46865,48.81179],[2.46934,48.81103],[2.47083,48.81006],[2.47107,48.80974],[2.47158,48.80957],[2.4731,48.80833],[2.47385,48.80761],[2.47505,48.80725],[2.47836,48.80666],[2.48339,48.8053],[2.4839,48.80523],[2.48392,48.80534],[2.48357,48.80546],[2.47117,48.8119],[2.47036,48.81228]]],"type":"Polygon"}},{"type":"Feature","properties":{"code":"940460201","nom":"Alfort 1","com":"Maisons-Alfort","pop80":229.0,"seuls_n":41.0,"p80":4.7,"seuls":49.8,"chaleur":10.7,"alea_fort":34.0,"pauv":10.0,"nbf":1.0,"f_age":0.0,"f_seuls":0.0,"f_chaleur":1.0},"geometry":{"coordinates":[[[2.41592,48.81625],[2.41739,48.81424],[2.41805,48.81349],[2.41937,48.81226],[2.42093,48.81108],[2.42245,48.80971],[2.42299,48.80994],[2.42335,48.80968],[2.42425,48.80881],[2.42442,48.80882],[2.42349,48.81026],[2.42661,48.81101],[2.42834,48.81237],[2.426,48.81362],[2.42462,48.81405],[2.4259,48.81568],[2.42501,48.81573],[2.42502,48.81626],[2.42492,48.81635],[2.42402,48.81626],[2.42369,48.81627],[2.42269,48.81646],[2.42192,48.81668],[2.42074,48.81683],[2.41976,48.81687],[2.41869,48.81676],[2.41592,48.81625]]],"type":"Polygon"}},{"type":"Feature","properties":{"code":"940810307","nom":"Barbusse","com":"Vitry-sur-Seine","pop80":86.0,"seuls_n":47.0,"p80":4.0,"seuls":54.3,"chaleur":9.8,"alea_fort":24.0,"pauv":37.0,"nbf":1.0,"f_age":0.0,"f_seuls":0.0,"f_chaleur":1.0},"geometry":{"coordinates":[[[2.38566,48.79338],[2.38639,48.79243],[2.38652,48.79252],[2.38697,48.79199],[2.38716,48.79208],[2.38723,48.79193],[2.38743,48.79199],[2.38781,48.79196],[2.3888,48.7918],[2.38906,48.7917],[2.38988,48.79161],[2.39092,48.79136],[2.39186,48.79156],[2.39176,48.79173],[2.39331,48.79206],[2.39277,48.7928],[2.39147,48.79272],[2.3913,48.79277],[2.39041,48.79505],[2.38955,48.79492],[2.38948,48.79488],[2.38951,48.79473],[2.38909,48.79467],[2.38918,48.79439],[2.38907,48.7942],[2.38868,48.79415],[2.3888,48.79376],[2.38566,48.79338]]],"type":"Polygon"}},{"type":"Feature","properties":{"code":"940180105","nom":"Conflans","com":"Charenton-le-Pont","pop80":113.0,"seuls_n":72.0,"p80":5.0,"seuls":63.8,"chaleur":12.6,"alea_fort":38.0,"pauv":8.0,"nbf":2.0,"f_age":0.0,"f_seuls":1.0,"f_chaleur":1.0},"geometry":{"coordinates":[[[2.40546,48.82453],[2.40749,48.82376],[2.40928,48.82288],[2.41311,48.82147],[2.41334,48.82176],[2.40691,48.82589],[2.40546,48.82453]]],"type":"Polygon"}},{"type":"Feature","properties":{"code":"940150101","nom":"Pépinière","com":"Bry-sur-Marne","pop80":149.0,"seuls_n":61.0,"p80":4.0,"seuls":40.9,"chaleur":3.0,"alea_fort":0.0,"pauv":4.0,"nbf":0.0,"f_age":0.0,"f_seuls":0.0,"f_chaleur":0.0},"geometry":{"coordinates":[[[2.51351,48.85006],[2.51268,48.84932],[2.51211,48.84866],[2.5117,48.84793],[2.51147,48.84727],[2.5113,48.84645],[2.51128,48.84558],[2.5116,48.84381],[2.51255,48.84108],[2.51327,48.83932],[2.51344,48.8391],[2.51403,48.83863],[2.51626,48.83715],[2.51653,48.8369],[2.51705,48.83622],[2.51767,48.83483],[2.51766,48.83413],[2.5182,48.83411],[2.51825,48.83469],[2.51808,48.8357],[2.52018,48.84484],[2.52227,48.84661],[2.5262,48.84707],[2.52466,48.84914],[2.52449,48.84908],[2.52358,48.849],[2.52356,48.8488],[2.52318,48.84869],[2.52303,48.84891],[2.52024,48.8482],[2.51995,48.84831],[2.51903,48.84797],[2.51559,48.85129],[2.51454,48.85077],[2.51351,48.85006]]],"type":"Polygon"}},{"type":"Feature","properties":{"code":"940170502","nom":"Centre 2","com":"Champigny-sur-Marne","pop80":140.0,"seuls_n":83.0,"p80":5.1,"seuls":59.7,"chaleur":6.7,"alea_fort":15.0,"pauv":21.0,"nbf":1.0,"f_age":0.0,"f_seuls":1.0,"f_chaleur":0.0},"geometry":{"coordinates":[[[2.50175,48.81355],[2.50193,48.81226],[2.50241,48.81114],[2.50297,48.81106],[2.50328,48.81058],[2.50801,48.81031],[2.50875,48.81022],[2.50985,48.80987],[2.51017,48.81071],[2.51103,48.81073],[2.51144,48.81053],[2.51218,48.81037],[2.51283,48.81191],[2.51155,48.81208],[2.51202,48.81326],[2.50937,48.814],[2.50764,48.8147],[2.50316,48.81595],[2.50251,48.81477],[2.50226,48.81354],[2.50175,48.81355]]],"type":"Polygon"}},{"type":"Feature","properties":{"code":"940210103","nom":"Larue 2","com":"Chevilly-Larue","pop80":135.0,"seuls_n":76.0,"p80":7.2,"seuls":56.2,"chaleur":4.7,"alea_fort":0.0,"pauv":7.0,"nbf":2.0,"f_age":1.0,"f_seuls":1.0,"f_chaleur":0.0},"geometry":{"coordinates":[[[2.34277,48.77226],[2.34272,48.77231],[2.34229,48.77239],[2.34128,48.77064],[2.34089,48.77073],[2.3408,48.77064],[2.33851,48.77117],[2.33761,48.76958],[2.3398,48.76904],[2.33985,48.76913],[2.33999,48.76905],[2.34176,48.76863],[2.34175,48.76856],[2.34448,48.76814],[2.34538,48.77015],[2.3457,48.77179],[2.34277,48.77226]]],"type":"Polygon"}},{"type":"Feature","properties":{"code":"940680501","nom":"La Varenne 1","com":"Saint-Maur-des-Fossés","pop80":132.0,"seuls_n":45.0,"p80":7.2,"seuls":34.1,"chaleur":3.6,"alea_fort":0.0,"pauv":5.0,"nbf":1.0,"f_age":1.0,"f_seuls":0.0,"f_chaleur":0.0},"geometry":{"coordinates":[[[2.49787,48.79331],[2.49977,48.79278],[2.50038,48.79346],[2.50099,48.79376],[2.50115,48.79365],[2.50773,48.79186],[2.50991,48.79511],[2.50288,48.79787],[2.50271,48.79784],[2.49947,48.79569],[2.49787,48.79331]]],"type":"Polygon"}},{"type":"Feature","properties":{"code":"940540101","nom":"Parc de la Cloche","com":"Orly","pop80":101.0,"seuls_n":60.0,"p80":5.0,"seuls":59.3,"chaleur":3.0,"alea_fort":0.0,"pauv":13.0,"nbf":1.0,"f_age":0.0,"f_seuls":1.0,"f_chaleur":0.0},"geometry":{"coordinates":[[[2.39365,48.73752],[2.39528,48.73738],[2.39944,48.73739],[2.40246,48.73798],[2.40275,48.73799],[2.40255,48.73843],[2.40211,48.73885],[2.40453,48.73977],[2.40438,48.73996],[2.40518,48.74029],[2.40278,48.74157],[2.40115,48.74295],[2.40035,48.74274],[2.3984,48.74253],[2.39665,48.74183],[2.39637,48.74178],[2.39592,48.74182],[2.39558,48.7417],[2.39479,48.74118],[2.39379,48.74073],[2.39387,48.74019],[2.39365,48.73752]]],"type":"Polygon"}},{"type":"Feature","properties":{"code":"940030109","nom":"Laplace 2","com":"Arcueil","pop80":82.0,"seuls_n":36.0,"p80":3.3,"seuls":43.1,"chaleur":12.2,"alea_fort":36.0,"pauv":14.0,"nbf":1.0,"f_age":0.0,"f_seuls":0.0,"f_chaleur":1.0},"geometry":{"coordinates":[[[2.32665,48.81021],[2.32662,48.81015],[2.32711,48.80997],[2.33062,48.80884],[2.33064,48.80756],[2.32971,48.80505],[2.3292,48.80439],[2.32949,48.80424],[2.3306,48.8054],[2.33269,48.80706],[2.33278,48.80698],[2.33382,48.80769],[2.33362,48.80775],[2.33783,48.81092],[2.3376,48.81097],[2.33506,48.80908],[2.33331,48.81],[2.33422,48.81075],[2.3342,48.81083],[2.3275,48.81024],[2.32665,48.81021]]],"type":"Polygon"}},{"type":"Feature","properties":{"code":"940800302","nom":"Est 2","com":"Vincennes","pop80":124.0,"seuls_n":87.0,"p80":4.5,"seuls":69.9,"chaleur":14.6,"alea_fort":89.0,"pauv":9.0,"nbf":2.0,"f_age":0.0,"f_seuls":1.0,"f_chaleur":1.0},"geometry":{"coordinates":[[[2.44247,48.8519],[2.44126,48.85073],[2.44102,48.85004],[2.44123,48.84785],[2.44286,48.84782],[2.44286,48.84888],[2.44337,48.84913],[2.44425,48.84924],[2.4441,48.84948],[2.44406,48.84991],[2.44427,48.85082],[2.44455,48.85104],[2.44476,48.85176],[2.44363,48.85187],[2.443,48.8518],[2.44247,48.8519]]],"type":"Polygon"}},{"type":"Feature","properties":{"code":"940810302","nom":"Auber","com":"Vitry-sur-Seine","pop80":113.0,"seuls_n":45.0,"p80":4.1,"seuls":39.4,"chaleur":9.3,"alea_fort":36.0,"pauv":29.0,"nbf":1.0,"f_age":0.0,"f_seuls":0.0,"f_chaleur":1.0},"geometry":{"coordinates":[[[2.3712,48.80403],[2.37331,48.80234],[2.37674,48.79941],[2.37778,48.79983],[2.37713,48.80037],[2.37959,48.80128],[2.37941,48.80149],[2.37929,48.80145],[2.37579,48.80601],[2.3712,48.80403]]],"type":"Polygon"}},{"type":"Feature","properties":{"code":"940690104","nom":"Est Quartiers Écluse-Gravelle-Panoramis","com":"Saint-Maurice","pop80":319.0,"seuls_n":190.0,"p80":6.0,"seuls":69.1,"chaleur":10.4,"alea_fort":31.0,"pauv":10.0,"nbf":3.0,"f_age":1.0,"f_seuls":1.0,"f_chaleur":1.0},"geometry":{"coordinates":[[[2.4542,48.81712],[2.45365,48.8169],[2.45415,48.81665],[2.4544,48.81663],[2.45643,48.81606],[2.45747,48.81587],[2.45774,48.81573],[2.45778,48.81561],[2.45544,48.81421],[2.45423,48.81358],[2.4545,48.81334],[2.45545,48.81394],[2.45634,48.81337],[2.45653,48.81347],[2.45733,48.81301],[2.45818,48.81364],[2.4594,48.81269],[2.4655,48.81634],[2.46409,48.81683],[2.46356,48.81679],[2.46335,48.81708],[2.46121,48.81836],[2.45912,48.81737],[2.45941,48.81685],[2.45912,48.817],[2.45872,48.81703],[2.4542,48.81712]]],"type":"Polygon"}},{"type":"Feature","properties":{"code":"940330113","nom":"Michelet","com":"Fontenay-sous-Bois","pop80":118.0,"seuls_n":53.0,"p80":3.7,"seuls":45.0,"chaleur":5.3,"alea_fort":5.0,"pauv":22.0,"nbf":0.0,"f_age":0.0,"f_seuls":0.0,"f_chaleur":0.0},"geometry":{"coordinates":[[[2.4679,48.85279],[2.4687,48.85248],[2.46933,48.85208],[2.47284,48.85077],[2.47274,48.85061],[2.47627,48.84898],[2.47674,48.84971],[2.47687,48.84977],[2.47672,48.84992],[2.47707,48.85011],[2.47736,48.85013],[2.47822,48.8497],[2.47846,48.84981],[2.47908,48.84985],[2.47979,48.84985],[2.47995,48.84976],[2.48002,48.85004],[2.47987,48.85057],[2.47986,48.85104],[2.47973,48.85119],[2.47973,48.85148],[2.47951,48.85172],[2.47948,48.85232],[2.48182,48.85229],[2.48189,48.8524],[2.48119,48.85251],[2.47909,48.85259],[2.47789,48.85274],[2.47393,48.85387],[2.47271,48.85405],[2.4717,48.85403],[2.47018,48.85375],[2.46991,48.85375],[2.46876,48.85309],[2.4679,48.85279]]],"type":"Polygon"}},{"type":"Feature","properties":{"code":"940330121","nom":"Bois","com":"Fontenay-sous-Bois","pop80":292.0,"seuls_n":99.0,"p80":10.0,"seuls":48.5,"chaleur":3.9,"alea_fort":1.0,"pauv":6.0,"nbf":1.0,"f_age":1.0,"f_seuls":0.0,"f_chaleur":0.0},"geometry":{"coordinates":[[[2.45148,48.84636],[2.44795,48.84679],[2.44785,48.84612],[2.4479,48.84608],[2.44783,48.84572],[2.44794,48.84571],[2.44785,48.84486],[2.45784,48.84355],[2.45987,48.84318],[2.46179,48.84273],[2.46285,48.84239],[2.46374,48.84202],[2.46526,48.84117],[2.46616,48.84042],[2.46732,48.8391],[2.46955,48.84],[2.46823,48.84139],[2.46575,48.84342],[2.46613,48.84367],[2.46097,48.84468],[2.46032,48.84493],[2.45893,48.84518],[2.45794,48.84568],[2.45785,48.84524],[2.45148,48.84636]]],"type":"Polygon"}},{"type":"Feature","properties":{"code":"940330115","nom":"Le Village 2","com":"Fontenay-sous-Bois","pop80":156.0,"seuls_n":67.0,"p80":5.8,"seuls":58.6,"chaleur":5.4,"alea_fort":0.0,"pauv":11.0,"nbf":2.0,"f_age":1.0,"f_seuls":1.0,"f_chaleur":0.0},"geometry":{"coordinates":[[[2.46816,48.84535],[2.46575,48.84342],[2.46823,48.84139],[2.46871,48.8409],[2.47222,48.84205],[2.47214,48.84253],[2.47301,48.84503],[2.47281,48.84569],[2.472,48.84589],[2.47038,48.84602],[2.47,48.84579],[2.46816,48.84535]]],"type":"Polygon"}},{"type":"Feature","properties":{"code":"940280201","nom":"La Brèche","com":"Créteil","pop80":212.0,"seuls_n":68.0,"p80":10.1,"seuls":52.7,"chaleur":9.1,"alea_fort":10.0,"pauv":19.0,"nbf":2.0,"f_age":1.0,"f_seuls":0.0,"f_chaleur":1.0},"geometry":{"coordinates":[[[2.45122,48.78465],[2.45298,48.78261],[2.45328,48.78237],[2.45353,48.78226],[2.454,48.78221],[2.4596,48.78247],[2.4597,48.78255],[2.45965,48.78326],[2.45985,48.78423],[2.46057,48.78663],[2.46075,48.78694],[2.45858,48.78685],[2.45845,48.78702],[2.45651,48.78687],[2.45673,48.78662],[2.45733,48.78616],[2.45722,48.78611],[2.45558,48.78681],[2.45511,48.78631],[2.45463,48.78602],[2.45205,48.78505],[2.45176,48.7849],[2.45158,48.78467],[2.45122,48.78465]]],"type":"Polygon"}},{"type":"Feature","properties":{"code":"940800205","nom":"Ouest 5","com":"Vincennes","pop80":116.0,"seuls_n":65.0,"p80":4.6,"seuls":56.5,"chaleur":13.2,"alea_fort":63.0,"pauv":6.0,"nbf":2.0,"f_age":0.0,"f_seuls":1.0,"f_chaleur":1.0},"geometry":{"coordinates":[[[2.42931,48.84875],[2.43463,48.84843],[2.43458,48.85083],[2.43262,48.85114],[2.43155,48.85093],[2.42958,48.85106],[2.42931,48.84875]]],"type":"Polygon"}},{"type":"Feature","properties":{"code":"940810309","nom":"Abbé Derry","com":"Vitry-sur-Seine","pop80":67.0,"seuls_n":43.0,"p80":3.7,"seuls":65.2,"chaleur":12.0,"alea_fort":67.0,"pauv":31.0,"nbf":2.0,"f_age":0.0,"f_seuls":1.0,"f_chaleur":1.0},"geometry":{"coordinates":[[[2.38807,48.79041],[2.38896,48.78934],[2.38924,48.78945],[2.39187,48.78609],[2.39209,48.78616],[2.3913,48.78711],[2.39105,48.78759],[2.39193,48.78797],[2.39113,48.78857],[2.39032,48.78953],[2.3903,48.7898],[2.39404,48.79114],[2.39451,48.79136],[2.39443,48.79142],[2.39409,48.79141],[2.39347,48.7921],[2.39176,48.79173],[2.39186,48.79156],[2.39092,48.79136],[2.39032,48.79151],[2.39028,48.79147],[2.39009,48.7915],[2.38974,48.79137],[2.39043,48.7912],[2.39059,48.79101],[2.39068,48.79104],[2.39109,48.79057],[2.38859,48.79019],[2.38834,48.7905],[2.38807,48.79041]]],"type":"Polygon"}},{"type":"Feature","properties":{"code":"940020204","nom":"Jardin Val de Seine","com":"Alfortville","pop80":57.0,"seuls_n":44.0,"p80":2.1,"seuls":77.1,"chaleur":7.8,"alea_fort":28.0,"pauv":35.0,"nbf":2.0,"f_age":0.0,"f_seuls":1.0,"f_chaleur":1.0},"geometry":{"coordinates":[[[2.41469,48.77723],[2.42482,48.77634],[2.42825,48.7761],[2.42883,48.78018],[2.43004,48.78038],[2.43001,48.78231],[2.42911,48.78222],[2.42887,48.78214],[2.42872,48.78221],[2.42787,48.78422],[2.42576,48.78677],[2.42538,48.7868],[2.42519,48.7862],[2.42509,48.78612],[2.42503,48.78557],[2.42391,48.78488],[2.42426,48.78455],[2.42392,48.78427],[2.42374,48.78424],[2.42281,48.7844],[2.42148,48.78478],[2.41848,48.78036],[2.41733,48.78073],[2.41469,48.77723]]],"type":"Polygon"}},{"type":"Feature","properties":{"code":"940810108","nom":"Groult","com":"Vitry-sur-Seine","pop80":86.0,"seuls_n":44.0,"p80":4.8,"seuls":50.7,"chaleur":5.4,"alea_fort":2.0,"pauv":33.0,"nbf":0.0,"f_age":0.0,"f_seuls":0.0,"f_chaleur":0.0},"geometry":{"coordinates":[[[2.39346,48.78653],[2.3943,48.78574],[2.39496,48.78542],[2.3953,48.78508],[2.39635,48.78541],[2.3965,48.7856],[2.39719,48.78584],[2.39787,48.78497],[2.39812,48.78442],[2.39912,48.78456],[2.40027,48.78485],[2.39815,48.78778],[2.39794,48.78766],[2.39696,48.78739],[2.39346,48.78653]]],"type":"Polygon"}},{"type":"Feature","properties":{"code":"940810106","nom":"Ferme Sud","com":"Vitry-sur-Seine","pop80":51.0,"seuls_n":24.0,"p80":2.9,"seuls":47.9,"chaleur":3.7,"alea_fort":0.0,"pauv":21.0,"nbf":0.0,"f_age":0.0,"f_seuls":0.0,"f_chaleur":0.0},"geometry":{"coordinates":[[[2.3998,48.78552],[2.40192,48.78271],[2.4069,48.78365],[2.40716,48.78349],[2.40738,48.7836],[2.40757,48.78351],[2.40768,48.78368],[2.40798,48.78455],[2.40797,48.785],[2.40681,48.78735],[2.40517,48.78703],[2.4046,48.78697],[2.4026,48.78639],[2.40261,48.78622],[2.40247,48.78612],[2.40224,48.78612],[2.40209,48.78622],[2.3998,48.78552]]],"type":"Polygon"}},{"type":"Feature","properties":{"code":"940330104","nom":"Victor Hugo","com":"Fontenay-sous-Bois","pop80":76.0,"seuls_n":25.0,"p80":4.0,"seuls":32.5,"chaleur":2.5,"alea_fort":0.0,"pauv":13.0,"nbf":0.0,"f_age":0.0,"f_seuls":0.0,"f_chaleur":0.0},"geometry":{"coordinates":[[[2.4679,48.86055],[2.46675,48.86008],[2.46713,48.85933],[2.46709,48.85855],[2.46695,48.85844],[2.46743,48.85657],[2.46962,48.8568],[2.47057,48.85704],[2.47117,48.85736],[2.4722,48.8577],[2.47493,48.85814],[2.47501,48.8582],[2.47513,48.85816],[2.47608,48.85829],[2.47721,48.85834],[2.48014,48.85827],[2.48025,48.8589],[2.48047,48.85948],[2.48042,48.85972],[2.48081,48.86005],[2.4784,48.8601],[2.47636,48.86048],[2.47589,48.86042],[2.47526,48.8602],[2.47321,48.8602],[2.46944,48.86077],[2.46836,48.86067],[2.4679,48.86055]]],"type":"Polygon"}},{"type":"Feature","properties":{"code":"940410107","nom":"Gagarine","com":"Ivry-sur-Seine","pop80":43.0,"seuls_n":21.0,"p80":2.5,"seuls":49.2,"chaleur":8.3,"alea_fort":15.0,"pauv":37.0,"nbf":1.0,"f_age":0.0,"f_seuls":0.0,"f_chaleur":1.0},"geometry":{"coordinates":[[[2.38862,48.81058],[2.38964,48.80995],[2.39099,48.81083],[2.39267,48.80939],[2.39489,48.81068],[2.39288,48.8128],[2.38862,48.81058]]],"type":"Polygon"}},{"type":"Feature","properties":{"code":"940710101","nom":"Le Grand Val","com":"Sucy-en-Brie","pop80":120.0,"seuls_n":58.0,"p80":5.6,"seuls":48.5,"chaleur":2.6,"alea_fort":0.0,"pauv":7.0,"nbf":1.0,"f_age":1.0,"f_seuls":0.0,"f_chaleur":0.0},"geometry":{"coordinates":[[[2.51225,48.78092],[2.51102,48.7749],[2.51097,48.77477],[2.51078,48.77472],[2.51079,48.7746],[2.51093,48.77456],[2.51108,48.77464],[2.51527,48.77533],[2.51722,48.77379],[2.5199,48.77508],[2.52058,48.77566],[2.52046,48.77571],[2.52034,48.77604],[2.52026,48.77677],[2.52059,48.77709],[2.52101,48.77779],[2.5226,48.7796],[2.51989,48.78075],[2.51974,48.78088],[2.51225,48.78092]]],"type":"Polygon"}},{"type":"Feature","properties":{"code":"940520107","nom":"La Sous-Préfecture","com":"Nogent-sur-Marne","pop80":252.0,"seuls_n":131.0,"p80":8.2,"seuls":51.9,"chaleur":6.8,"alea_fort":10.0,"pauv":5.0,"nbf":1.0,"f_age":1.0,"f_seuls":0.0,"f_chaleur":0.0},"geometry":{"coordinates":[[[2.47386,48.83535],[2.47428,48.83408],[2.47531,48.83345],[2.47534,48.83333],[2.47565,48.83319],[2.4766,48.83314],[2.47692,48.83295],[2.479,48.83321],[2.47965,48.83335],[2.48029,48.83335],[2.48205,48.83392],[2.48339,48.83408],[2.48354,48.83365],[2.48409,48.83378],[2.48457,48.83426],[2.48476,48.83466],[2.48548,48.83477],[2.48538,48.83573],[2.48559,48.83599],[2.48568,48.83659],[2.48544,48.83702],[2.48455,48.8371],[2.48395,48.83708],[2.48228,48.83655],[2.48199,48.83636],[2.48123,48.83629],[2.47914,48.83641],[2.47811,48.83639],[2.47386,48.83535]]],"type":"Polygon"}},{"type":"Feature","properties":{"code":"940710111","nom":"Gare Varennes Zone Industrielle","com":"Sucy-en-Brie","pop80":193.0,"seuls_n":69.0,"p80":8.7,"seuls":43.6,"chaleur":5.9,"alea_fort":9.0,"pauv":11.0,"nbf":1.0,"f_age":1.0,"f_seuls":0.0,"f_chaleur":0.0},"geometry":{"coordinates":[[[2.51024,48.78134],[2.50927,48.78104],[2.50832,48.78058],[2.50773,48.78056],[2.50743,48.78021],[2.50632,48.77999],[2.50616,48.7797],[2.50566,48.77929],[2.50484,48.77887],[2.50428,48.77869],[2.50402,48.77851],[2.50294,48.77865],[2.50234,48.77853],[2.50243,48.77701],[2.50192,48.77681],[2.50029,48.77643],[2.49798,48.77566],[2.49744,48.77307],[2.4979,48.7727],[2.49785,48.77163],[2.49755,48.76908],[2.49545,48.76923],[2.49522,48.76782],[2.49411,48.76789],[2.49395,48.76669],[2.4947,48.76426],[2.49688,48.7646],[2.4996,48.76298],[2.49976,48.76312],[2.50547,48.76111],[2.50596,48.76159],[2.50678,48.76133],[2.50735,48.76172],[2.50925,48.76138],[2.51247,48.7641],[2.51245,48.7642],[2.50919,48.76612],[2.5084,48.76778],[2.50823,48.76863],[2.50818,48.76954],[2.50824,48.7702],[2.51218,48.76913],[2.51232,48.76922],[2.51254,48.76913],[2.51345,48.76918],[2.51172,48.77136],[2.51182,48.77225],[2.51207,48.77325],[2.51233,48.77376],[2.51303,48.77438],[2.51365,48.77468],[2.51446,48.7752],[2.51108,48.77464],[2.51093,48.77456],[2.50806,48.77411],[2.5083,48.77527],[2.50822,48.77824],[2.50838,48.77911],[2.50877,48.77993],[2.5091,48.78036],[2.50967,48.78092],[2.51024,48.78134]]],"type":"Polygon"}},{"type":"Feature","properties":{"code":"940760115","nom":"Épi d'Or","com":"Villejuif","pop80":128.0,"seuls_n":71.0,"p80":3.4,"seuls":55.7,"chaleur":5.7,"alea_fort":1.0,"pauv":26.0,"nbf":1.0,"f_age":0.0,"f_seuls":1.0,"f_chaleur":0.0},"geometry":{"coordinates":[[[2.34783,48.78491],[2.3476,48.78404],[2.34816,48.78397],[2.34754,48.78217],[2.34966,48.78181],[2.35054,48.78101],[2.35261,48.78101],[2.35351,48.78049],[2.35304,48.78028],[2.35489,48.77876],[2.35786,48.77921],[2.35752,48.77997],[2.35826,48.78021],[2.35831,48.78039],[2.35756,48.7826],[2.35529,48.78237],[2.35456,48.78427],[2.35446,48.78556],[2.35416,48.78737],[2.35214,48.78689],[2.3516,48.78682],[2.35029,48.78646],[2.34848,48.78532],[2.34832,48.78535],[2.34813,48.78531],[2.34808,48.78511],[2.34783,48.78491]]],"type":"Polygon"}},{"type":"Feature","properties":{"code":"940020106","nom":"Micolon 14 Juillet","com":"Alfortville","pop80":200.0,"seuls_n":94.0,"p80":5.4,"seuls":47.0,"chaleur":10.0,"alea_fort":29.0,"pauv":23.0,"nbf":2.0,"f_age":1.0,"f_seuls":0.0,"f_chaleur":1.0},"geometry":{"coordinates":[[[2.41086,48.80568],[2.4113,48.8049],[2.41261,48.80381],[2.41401,48.8028],[2.41551,48.80208],[2.41738,48.80312],[2.4174,48.80321],[2.41755,48.80322],[2.41961,48.80437],[2.41958,48.80447],[2.4154,48.80507],[2.41523,48.80519],[2.41515,48.80567],[2.41349,48.80536],[2.41103,48.8057],[2.41086,48.80568]]],"type":"Polygon"}},{"type":"Feature","properties":{"code":"940170102","nom":"Tremblay 2","com":"Champigny-sur-Marne","pop80":74.0,"seuls_n":23.0,"p80":4.4,"seuls":31.0,"chaleur":4.2,"alea_fort":0.0,"pauv":17.0,"nbf":0.0,"f_age":0.0,"f_seuls":0.0,"f_chaleur":0.0},"geometry":{"coordinates":[[[2.4932,48.83105],[2.49318,48.8305],[2.49327,48.8304],[2.4933,48.83015],[2.49318,48.82993],[2.49331,48.82974],[2.4934,48.82902],[2.49596,48.82453],[2.49481,48.82423],[2.49542,48.82335],[2.49904,48.82441],[2.49858,48.8262],[2.49791,48.82729],[2.49952,48.82761],[2.49866,48.82826],[2.49795,48.82914],[2.49788,48.82927],[2.49855,48.82924],[2.499,48.82912],[2.49822,48.82997],[2.49765,48.83081],[2.49667,48.83082],[2.4932,48.83105]]],"type":"Polygon"}},{"type":"Feature","properties":{"code":"940220109","nom":"Choisy Nord I","com":"Choisy-le-Roi","pop80":78.0,"seuls_n":32.0,"p80":2.6,"seuls":44.5,"chaleur":8.3,"alea_fort":7.0,"pauv":33.0,"nbf":1.0,"f_age":0.0,"f_seuls":0.0,"f_chaleur":1.0},"geometry":{"coordinates":[[[2.3987,48.77481],[2.40139,48.77069],[2.40611,48.77139],[2.40675,48.76826],[2.4086,48.76837],[2.40905,48.76849],[2.40953,48.76843],[2.40974,48.76848],[2.41054,48.76844],[2.41066,48.76756],[2.41057,48.76729],[2.41065,48.76597],[2.4122,48.76638],[2.41197,48.76677],[2.41164,48.76793],[2.41152,48.76975],[2.41163,48.77245],[2.41187,48.77424],[2.40576,48.77385],[2.40581,48.77359],[2.40202,48.77296],[2.40033,48.77508],[2.3987,48.77481]]],"type":"Polygon"}},{"type":"Feature","properties":{"code":"940740104","nom":"Vignes-Coteau","com":"Valenton","pop80":149.0,"seuls_n":72.0,"p80":5.3,"seuls":48.5,"chaleur":2.6,"alea_fort":0.0,"pauv":23.0,"nbf":0.0,"f_age":0.0,"f_seuls":0.0,"f_chaleur":0.0},"geometry":{"coordinates":[[[2.45707,48.74014],[2.45815,48.73984],[2.45865,48.73942],[2.46029,48.73868],[2.46106,48.73809],[2.4623,48.73752],[2.46324,48.73879],[2.46422,48.74073],[2.46471,48.74131],[2.46549,48.74183],[2.46724,48.74234],[2.4676,48.74259],[2.46832,48.74278],[2.46918,48.7428],[2.47021,48.74308],[2.4706,48.74242],[2.47153,48.74252],[2.47185,48.7426],[2.47264,48.74216],[2.47356,48.74181],[2.47459,48.74158],[2.47478,48.74145],[2.47506,48.74153],[2.47568,48.74147],[2.47387,48.74393],[2.47384,48.74433],[2.47349,48.74455],[2.47332,48.7445],[2.47256,48.74455],[2.47136,48.74439],[2.47044,48.74415],[2.46945,48.74512],[2.46919,48.74501],[2.46841,48.74484],[2.46732,48.74431],[2.46581,48.74523],[2.46527,48.74605],[2.46387,48.74532],[2.46271,48.74665],[2.46196,48.74721],[2.46091,48.74625],[2.4594,48.74452],[2.45902,48.74317],[2.45767,48.74143],[2.45707,48.74014]]],"type":"Polygon"}},{"type":"Feature","properties":{"code":"940790104","nom":"Les Luats","com":"Villiers-sur-Marne","pop80":79.0,"seuls_n":35.0,"p80":4.4,"seuls":44.0,"chaleur":3.8,"alea_fort":0.0,"pauv":7.0,"nbf":0.0,"f_age":0.0,"f_seuls":0.0,"f_chaleur":0.0},"geometry":{"coordinates":[[[2.52584,48.82351],[2.52575,48.82297],[2.52497,48.82143],[2.52565,48.82127],[2.52563,48.82114],[2.52663,48.82104],[2.52675,48.82116],[2.52697,48.82122],[2.52882,48.82131],[2.52889,48.82115],[2.52957,48.82126],[2.53203,48.82],[2.53279,48.81931],[2.5333,48.81837],[2.53346,48.81833],[2.53448,48.81832],[2.53476,48.81708],[2.53903,48.81799],[2.53958,48.81952],[2.54038,48.82144],[2.54109,48.82273],[2.54111,48.82298],[2.54044,48.82286],[2.53761,48.82264],[2.53526,48.82265],[2.53377,48.82274],[2.52584,48.82351]]],"type":"Polygon"}},{"type":"Feature","properties":{"code":"940800203","nom":"Ouest 3","com":"Vincennes","pop80":110.0,"seuls_n":70.0,"p80":4.0,"seuls":63.6,"chaleur":13.5,"alea_fort":46.0,"pauv":16.0,"nbf":2.0,"f_age":0.0,"f_seuls":1.0,"f_chaleur":1.0},"geometry":{"coordinates":[[[2.41954,48.84632],[2.42368,48.84594],[2.424,48.84629],[2.42441,48.84647],[2.42488,48.849],[2.42202,48.84919],[2.42158,48.84705],[2.41954,48.84632]]],"type":"Polygon"}},{"type":"Feature","properties":{"code":"940710109","nom":"Le Centre","com":"Sucy-en-Brie","pop80":225.0,"seuls_n":101.0,"p80":8.6,"seuls":55.6,"chaleur":4.4,"alea_fort":4.0,"pauv":8.0,"nbf":2.0,"f_age":1.0,"f_seuls":1.0,"f_chaleur":0.0},"geometry":{"coordinates":[[[2.51446,48.7752],[2.51365,48.77468],[2.51303,48.77438],[2.51233,48.77376],[2.51207,48.77325],[2.51182,48.77225],[2.51172,48.77136],[2.51345,48.76918],[2.51494,48.76939],[2.51618,48.76976],[2.51744,48.76999],[2.51798,48.76867],[2.51927,48.76893],[2.52045,48.76801],[2.52054,48.76783],[2.5207,48.7678],[2.5212,48.76786],[2.52132,48.76771],[2.52214,48.76803],[2.52228,48.76785],[2.52302,48.76807],[2.52371,48.76836],[2.524,48.76843],[2.52417,48.7684],[2.52419,48.76849],[2.52404,48.76851],[2.52379,48.76877],[2.52395,48.76894],[2.52447,48.77006],[2.52828,48.76862],[2.52849,48.76867],[2.52893,48.77008],[2.52875,48.77029],[2.52806,48.77073],[2.52771,48.77146],[2.52739,48.77168],[2.52725,48.77168],[2.52718,48.77179],[2.52354,48.7713],[2.52248,48.77095],[2.5216,48.7709],[2.52089,48.7714],[2.52053,48.77155],[2.51993,48.77195],[2.51722,48.77379],[2.5153,48.77531],[2.51446,48.7752]]],"type":"Polygon"}},{"type":"Feature","properties":{"code":"940730104","nom":"La Belle Épine","com":"Thiais","pop80":53.0,"seuls_n":18.0,"p80":2.5,"seuls":48.8,"chaleur":9.9,"alea_fort":32.0,"pauv":25.0,"nbf":1.0,"f_age":0.0,"f_seuls":0.0,"f_chaleur":1.0},"geometry":{"coordinates":[[[2.36798,48.76871],[2.36934,48.74613],[2.3745,48.74623],[2.3742,48.74846],[2.37524,48.74885],[2.37669,48.74925],[2.37719,48.74932],[2.3778,48.74929],[2.38206,48.7482],[2.38262,48.74912],[2.38401,48.74876],[2.38453,48.74967],[2.38566,48.74939],[2.38621,48.75031],[2.3888,48.74964],[2.38938,48.74962],[2.38569,48.75525],[2.38145,48.75408],[2.3792,48.75338],[2.37791,48.75321],[2.37622,48.75328],[2.37626,48.75371],[2.37643,48.75369],[2.37718,48.75383],[2.38137,48.75499],[2.38232,48.75545],[2.38316,48.75626],[2.38338,48.75662],[2.38361,48.75759],[2.38362,48.75803],[2.38349,48.75851],[2.37762,48.76757],[2.36878,48.76866],[2.36822,48.76863],[2.36798,48.76871]]],"type":"Polygon"}},{"type":"Feature","properties":{"code":"940800103","nom":"Centre Nord 3","com":"Vincennes","pop80":88.0,"seuls_n":62.0,"p80":3.5,"seuls":72.4,"chaleur":10.6,"alea_fort":45.0,"pauv":7.0,"nbf":2.0,"f_age":0.0,"f_seuls":1.0,"f_chaleur":1.0},"geometry":{"coordinates":[[[2.43523,48.85336],[2.43485,48.85243],[2.43463,48.85158],[2.43459,48.84992],[2.4354,48.85041],[2.43544,48.84959],[2.43781,48.84951],[2.43791,48.84957],[2.438,48.85032],[2.4381,48.85044],[2.43826,48.85138],[2.43882,48.85303],[2.43765,48.85322],[2.43734,48.85282],[2.43523,48.85336]]],"type":"Polygon"}},{"type":"Feature","properties":{"code":"940420107","nom":"Oudinot","com":"Joinville-le-Pont","pop80":155.0,"seuls_n":52.0,"p80":7.8,"seuls":33.9,"chaleur":5.6,"alea_fort":0.0,"pauv":9.0,"nbf":1.0,"f_age":1.0,"f_seuls":0.0,"f_chaleur":0.0},"geometry":{"coordinates":[[[2.47821,48.82612],[2.47407,48.82575],[2.47429,48.82475],[2.47414,48.82458],[2.47423,48.82447],[2.47438,48.82443],[2.47532,48.8201],[2.48174,48.82008],[2.47872,48.82353],[2.4791,48.82502],[2.47845,48.82496],[2.47821,48.82612]]],"type":"Polygon"}},{"type":"Feature","properties":{"code":"940810303","nom":"Stalingrad Ouest","com":"Vitry-sur-Seine","pop80":131.0,"seuls_n":48.0,"p80":3.2,"seuls":36.8,"chaleur":8.8,"alea_fort":4.0,"pauv":26.0,"nbf":1.0,"f_age":0.0,"f_seuls":0.0,"f_chaleur":1.0},"geometry":{"coordinates":[[[2.37705,48.79954],[2.37886,48.79816],[2.38019,48.79739],[2.38167,48.79641],[2.38014,48.7958],[2.38009,48.79571],[2.38037,48.79536],[2.38102,48.7948],[2.38124,48.79433],[2.38151,48.79401],[2.38215,48.79427],[2.38429,48.79493],[2.3835,48.79609],[2.38018,48.80031],[2.38042,48.80041],[2.37959,48.80128],[2.37713,48.80037],[2.37778,48.79983],[2.37705,48.79954]]],"type":"Polygon"}},{"type":"Feature","properties":{"code":"940040104","nom":"Savreau","com":"Boissy-Saint-Léger","pop80":76.0,"seuls_n":47.0,"p80":3.7,"seuls":61.4,"chaleur":3.6,"alea_fort":0.0,"pauv":19.0,"nbf":1.0,"f_age":0.0,"f_seuls":1.0,"f_chaleur":0.0},"geometry":{"coordinates":[[[2.50445,48.74944],[2.50113,48.7489],[2.50159,48.74785],[2.50148,48.74784],[2.50146,48.74739],[2.50159,48.74621],[2.50264,48.74647],[2.5031,48.74544],[2.50454,48.74384],[2.50752,48.74513],[2.50832,48.74556],[2.51017,48.7469],[2.50684,48.75162],[2.50662,48.75224],[2.5066,48.75343],[2.5062,48.75338],[2.50587,48.75318],[2.50546,48.75233],[2.50539,48.75229],[2.50543,48.75223],[2.50435,48.7503],[2.50524,48.74995],[2.50474,48.74958],[2.50445,48.74944]]],"type":"Polygon"}},{"type":"Feature","properties":{"code":"940340112","nom":"Domaine Pénitentiaire","com":"Fresnes","pop80":0.0,"seuls_n":0.0,"p80":0.0,"seuls":null,"chaleur":8.3,"alea_fort":35.0,"pauv":null,"nbf":null,"f_age":null,"f_seuls":null,"f_chaleur":null},"geometry":{"coordinates":[[[2.31887,48.7666],[2.31814,48.76489],[2.3184,48.76108],[2.31891,48.76054],[2.3194,48.76053],[2.32121,48.76001],[2.32144,48.76051],[2.3202,48.76066],[2.32061,48.76243],[2.32344,48.76224],[2.32351,48.76231],[2.32402,48.76216],[2.32471,48.76301],[2.32402,48.76439],[2.3219,48.76449],[2.32184,48.76621],[2.32152,48.76625],[2.32153,48.76633],[2.32081,48.76637],[2.32081,48.76645],[2.31887,48.7666]]],"type":"Polygon"}},{"type":"Feature","properties":{"code":"940800202","nom":"Ouest 2","com":"Vincennes","pop80":178.0,"seuls_n":95.0,"p80":7.2,"seuls":53.2,"chaleur":15.1,"alea_fort":100.0,"pauv":8.0,"nbf":2.0,"f_age":1.0,"f_seuls":0.0,"f_chaleur":1.0},"geometry":{"coordinates":[[[2.4188,48.84819],[2.41863,48.84639],[2.41954,48.84632],[2.42158,48.84705],[2.42202,48.84919],[2.419,48.84939],[2.4188,48.84819]]],"type":"Polygon"}},{"type":"Feature","properties":{"code":"940680105","nom":"Adamville 5","com":"Saint-Maur-des-Fossés","pop80":130.0,"seuls_n":57.0,"p80":6.5,"seuls":44.0,"chaleur":3.4,"alea_fort":0.0,"pauv":7.0,"nbf":1.0,"f_age":1.0,"f_seuls":0.0,"f_chaleur":0.0},"geometry":{"coordinates":[[[2.47339,48.799],[2.47431,48.79825],[2.47628,48.79617],[2.47697,48.79489],[2.47749,48.79422],[2.47864,48.79342],[2.48647,48.79364],[2.48661,48.79386],[2.4801,48.79816],[2.47998,48.79815],[2.47992,48.79821],[2.47718,48.79826],[2.47622,48.79834],[2.47523,48.79851],[2.47339,48.799]]],"type":"Polygon"}},{"type":"Feature","properties":{"code":"940680504","nom":"La Varenne 4","com":"Saint-Maur-des-Fossés","pop80":246.0,"seuls_n":131.0,"p80":10.0,"seuls":53.1,"chaleur":3.9,"alea_fort":0.0,"pauv":6.0,"nbf":1.0,"f_age":1.0,"f_seuls":0.0,"f_chaleur":0.0},"geometry":{"coordinates":[[[2.51345,48.79383],[2.51603,48.79297],[2.51982,48.79133],[2.52159,48.79067],[2.5224,48.79204],[2.52267,48.79269],[2.52302,48.79426],[2.52348,48.79573],[2.52354,48.79638],[2.52339,48.79756],[2.52314,48.79814],[2.52307,48.79866],[2.52321,48.79895],[2.52323,48.79943],[2.52309,48.79972],[2.52204,48.79982],[2.52206,48.80015],[2.52185,48.79987],[2.51891,48.80067],[2.51875,48.80067],[2.51345,48.79383]]],"type":"Polygon"}},{"type":"Feature","properties":{"code":"940220108","nom":"Centre II","com":"Choisy-le-Roi","pop80":81.0,"seuls_n":42.0,"p80":2.7,"seuls":51.8,"chaleur":11.8,"alea_fort":13.0,"pauv":29.0,"nbf":1.0,"f_age":0.0,"f_seuls":0.0,"f_chaleur":1.0},"geometry":{"coordinates":[[[2.40387,48.76691],[2.40389,48.76675],[2.40458,48.76557],[2.40542,48.76428],[2.40768,48.7651],[2.40971,48.76569],[2.40918,48.76643],[2.40926,48.76662],[2.40877,48.76735],[2.4086,48.76741],[2.40802,48.76732],[2.40788,48.76816],[2.40387,48.76691]]],"type":"Polygon"}},{"type":"Feature","properties":{"code":"940190106","nom":"Bois l'Abbé 1","com":"Chennevières-sur-Marne","pop80":51.0,"seuls_n":6.0,"p80":3.2,"seuls":10.8,"chaleur":6.9,"alea_fort":0.0,"pauv":35.0,"nbf":0.0,"f_age":0.0,"f_seuls":0.0,"f_chaleur":0.0},"geometry":{"coordinates":[[[2.54632,48.80443],[2.5458,48.80399],[2.54572,48.80382],[2.54615,48.80208],[2.54651,48.80148],[2.54468,48.80115],[2.54539,48.79939],[2.54609,48.79959],[2.54683,48.7999],[2.54737,48.80025],[2.54818,48.801],[2.54842,48.80084],[2.54984,48.80191],[2.55274,48.80243],[2.5529,48.80276],[2.55113,48.80314],[2.55111,48.80322],[2.55102,48.80317],[2.54801,48.80372],[2.54725,48.80396],[2.54632,48.80443]]],"type":"Polygon"}},{"type":"Feature","properties":{"code":"940410207","nom":"Mirabeau","com":"Ivry-sur-Seine","pop80":49.0,"seuls_n":21.0,"p80":1.9,"seuls":42.3,"chaleur":10.8,"alea_fort":13.0,"pauv":26.0,"nbf":1.0,"f_age":0.0,"f_seuls":0.0,"f_chaleur":1.0},"geometry":{"coordinates":[[[2.37576,48.82006],[2.37671,48.81809],[2.37687,48.81804],[2.3771,48.8178],[2.3769,48.81775],[2.37696,48.81735],[2.37718,48.81741],[2.3774,48.81711],[2.37768,48.81718],[2.37805,48.81679],[2.37821,48.81674],[2.38001,48.81715],[2.38158,48.8176],[2.38394,48.81856],[2.38449,48.81895],[2.38637,48.81981],[2.3833,48.82304],[2.38152,48.82241],[2.38077,48.8217],[2.37576,48.82006]]],"type":"Polygon"}},{"type":"Feature","properties":{"code":"940110108","nom":"Fosse aux Moines","com":"Bonneuil-sur-Marne","pop80":38.0,"seuls_n":29.0,"p80":1.2,"seuls":74.7,"chaleur":4.3,"alea_fort":2.0,"pauv":26.0,"nbf":1.0,"f_age":0.0,"f_seuls":1.0,"f_chaleur":0.0},"geometry":{"coordinates":[[[2.4807,48.76486],[2.48051,48.76429],[2.48016,48.76368],[2.47989,48.76334],[2.47951,48.76306],[2.47963,48.76294],[2.47965,48.76275],[2.47947,48.76242],[2.48035,48.76224],[2.48526,48.76291],[2.48592,48.76293],[2.48736,48.76315],[2.48749,48.76326],[2.488,48.76496],[2.48721,48.76576],[2.48705,48.76572],[2.48589,48.76687],[2.48578,48.76689],[2.48477,48.76644],[2.48387,48.76731],[2.48596,48.76824],[2.48605,48.76834],[2.4841,48.77021],[2.48168,48.76912],[2.48185,48.76908],[2.48232,48.76865],[2.48247,48.76863],[2.48204,48.76806],[2.48133,48.76646],[2.48069,48.76622],[2.48029,48.76632],[2.4807,48.76563],[2.4807,48.76486]]],"type":"Polygon"}},{"type":"Feature","properties":{"code":"940180103","nom":"Plateau","com":"Charenton-le-Pont","pop80":109.0,"seuls_n":69.0,"p80":5.5,"seuls":62.9,"chaleur":12.7,"alea_fort":34.0,"pauv":7.0,"nbf":3.0,"f_age":1.0,"f_seuls":1.0,"f_chaleur":1.0},"geometry":{"coordinates":[[[2.40996,48.82518],[2.4112,48.82436],[2.41192,48.82371],[2.41267,48.82259],[2.41271,48.82236],[2.4126,48.82224],[2.41288,48.82206],[2.41398,48.82235],[2.41791,48.8237],[2.41782,48.82439],[2.41787,48.8245],[2.41747,48.82459],[2.41598,48.82478],[2.41311,48.82472],[2.41193,48.82479],[2.41091,48.82494],[2.40996,48.82518]]],"type":"Polygon"}},{"type":"Feature","properties":{"code":"940190101","nom":"Le Moulin","com":"Chennevières-sur-Marne","pop80":169.0,"seuls_n":103.0,"p80":8.7,"seuls":61.1,"chaleur":4.8,"alea_fort":0.0,"pauv":11.0,"nbf":2.0,"f_age":1.0,"f_seuls":1.0,"f_chaleur":0.0},"geometry":{"coordinates":[[[2.53196,48.79049],[2.53087,48.79072],[2.52976,48.79015],[2.52847,48.78928],[2.52667,48.78757],[2.52563,48.78669],[2.52472,48.78609],[2.52283,48.78514],[2.52558,48.78354],[2.52574,48.78357],[2.52875,48.78595],[2.53062,48.78684],[2.53196,48.79049]]],"type":"Polygon"}},{"type":"Feature","properties":{"code":"940730103","nom":"Les Baudemons","com":"Thiais","pop80":148.0,"seuls_n":53.0,"p80":5.1,"seuls":35.8,"chaleur":3.9,"alea_fort":3.0,"pauv":10.0,"nbf":0.0,"f_age":0.0,"f_seuls":0.0,"f_chaleur":0.0},"geometry":{"coordinates":[[[2.39238,48.77289],[2.39265,48.772],[2.39259,48.77191],[2.39267,48.77187],[2.39267,48.77124],[2.3918,48.77112],[2.39177,48.77122],[2.39081,48.7711],[2.39059,48.77087],[2.39059,48.7704],[2.38977,48.7698],[2.38907,48.76974],[2.38899,48.76941],[2.38913,48.76926],[2.38904,48.76912],[2.38928,48.76834],[2.38899,48.7683],[2.38875,48.7681],[2.3866,48.76746],[2.38605,48.7675],[2.38597,48.76767],[2.38566,48.76767],[2.38557,48.76749],[2.38576,48.76737],[2.38564,48.76711],[2.38518,48.76678],[2.38506,48.76676],[2.38505,48.76667],[2.39187,48.76582],[2.39212,48.76578],[2.39264,48.76557],[2.39877,48.77364],[2.399,48.77365],[2.39907,48.77402],[2.39918,48.77412],[2.3987,48.77481],[2.39683,48.77445],[2.39685,48.77439],[2.39602,48.7742],[2.39425,48.77387],[2.39374,48.77375],[2.39377,48.77367],[2.39235,48.77336],[2.39238,48.77289]]],"type":"Polygon"}},{"type":"Feature","properties":{"code":"940800303","nom":"Est 3","com":"Vincennes","pop80":80.0,"seuls_n":49.0,"p80":3.0,"seuls":61.9,"chaleur":10.9,"alea_fort":20.0,"pauv":14.0,"nbf":2.0,"f_age":0.0,"f_seuls":1.0,"f_chaleur":1.0},"geometry":{"coordinates":[[[2.44476,48.85176],[2.44455,48.85104],[2.44427,48.85082],[2.44406,48.84991],[2.4441,48.84948],[2.44425,48.84924],[2.45073,48.84986],[2.45224,48.84967],[2.45321,48.84963],[2.45346,48.85016],[2.45242,48.85039],[2.45197,48.85055],[2.44991,48.85097],[2.44988,48.85089],[2.44966,48.85093],[2.44953,48.85058],[2.44476,48.85176]]],"type":"Polygon"}},{"type":"Feature","properties":{"code":"940710104","nom":"Les Monrois-Fontaine de Villiers","com":"Sucy-en-Brie","pop80":237.0,"seuls_n":55.0,"p80":7.9,"seuls":38.5,"chaleur":3.2,"alea_fort":0.0,"pauv":7.0,"nbf":1.0,"f_age":1.0,"f_seuls":0.0,"f_chaleur":0.0},"geometry":{"coordinates":[[[2.52539,48.77512],[2.52518,48.77354],[2.52494,48.7726],[2.525,48.77148],[2.52712,48.77179],[2.52771,48.77146],[2.52777,48.77167],[2.52843,48.77156],[2.52929,48.77168],[2.52991,48.77171],[2.53163,48.77154],[2.53229,48.77137],[2.53278,48.77116],[2.53428,48.77028],[2.53499,48.77025],[2.53552,48.77008],[2.53606,48.76976],[2.53647,48.76942],[2.53691,48.76881],[2.53711,48.76825],[2.53712,48.76766],[2.53681,48.76684],[2.53638,48.76627],[2.53587,48.76589],[2.53542,48.76568],[2.53423,48.76533],[2.53543,48.76406],[2.53597,48.76364],[2.53613,48.76355],[2.53627,48.76355],[2.54023,48.76601],[2.53994,48.76623],[2.53942,48.7673],[2.53968,48.7681],[2.54049,48.76906],[2.54063,48.7695],[2.54063,48.77021],[2.54052,48.77044],[2.54061,48.77053],[2.54056,48.77068],[2.54003,48.77122],[2.53957,48.77155],[2.53909,48.77207],[2.53724,48.77293],[2.5368,48.77326],[2.53649,48.77455],[2.53638,48.77483],[2.53611,48.77517],[2.53569,48.77623],[2.53565,48.77666],[2.53552,48.77699],[2.53545,48.77704],[2.53523,48.77702],[2.5349,48.77692],[2.53468,48.77698],[2.53459,48.77707],[2.53444,48.77707],[2.53446,48.77695],[2.53424,48.77687],[2.53256,48.77578],[2.53158,48.77536],[2.53092,48.77519],[2.53055,48.77503],[2.52944,48.77512],[2.5279,48.77551],[2.52711,48.77561],[2.52586,48.77548],[2.52562,48.77514],[2.52539,48.77512]]],"type":"Polygon"}},{"type":"Feature","properties":{"code":"940020107","nom":"Mairie","com":"Alfortville","pop80":95.0,"seuls_n":40.0,"p80":3.4,"seuls":41.7,"chaleur":9.9,"alea_fort":12.0,"pauv":13.0,"nbf":1.0,"f_age":0.0,"f_seuls":0.0,"f_chaleur":1.0},"geometry":{"coordinates":[[[2.4185,48.8063],[2.41966,48.80452],[2.41957,48.80446],[2.41963,48.80436],[2.41976,48.80436],[2.41982,48.80444],[2.42011,48.80441],[2.42422,48.80382],[2.4244,48.80373],[2.42544,48.80431],[2.4254,48.80445],[2.42556,48.80448],[2.4248,48.80633],[2.42332,48.80856],[2.41989,48.80672],[2.4185,48.8063]]],"type":"Polygon"}},{"type":"Feature","properties":{"code":"940460302","nom":"Charentonneau 2","com":"Maisons-Alfort","pop80":131.0,"seuls_n":74.0,"p80":6.2,"seuls":56.0,"chaleur":4.4,"alea_fort":0.0,"pauv":11.0,"nbf":2.0,"f_age":1.0,"f_seuls":1.0,"f_chaleur":0.0},"geometry":{"coordinates":[[[2.43612,48.80825],[2.44157,48.80537],[2.44171,48.80542],[2.44241,48.80506],[2.44327,48.80528],[2.4435,48.80997],[2.43742,48.81011],[2.43612,48.80825]]],"type":"Polygon"}},{"type":"Feature","properties":{"code":"940110106","nom":"Salvador Allende","com":"Bonneuil-sur-Marne","pop80":44.0,"seuls_n":17.0,"p80":2.1,"seuls":39.5,"chaleur":6.4,"alea_fort":11.0,"pauv":31.0,"nbf":0.0,"f_age":0.0,"f_seuls":0.0,"f_chaleur":0.0},"geometry":{"coordinates":[[[2.4817,48.76923],[2.47878,48.77209],[2.47772,48.77135],[2.47921,48.77004],[2.47937,48.77008],[2.4794,48.76995],[2.47987,48.76945],[2.47978,48.76934],[2.47821,48.7686],[2.47807,48.76848],[2.47815,48.76839],[2.47924,48.76889],[2.47952,48.76867],[2.48086,48.76925],[2.48121,48.76891],[2.4789,48.76789],[2.47889,48.76779],[2.47875,48.76779],[2.47908,48.7674],[2.47921,48.76741],[2.48029,48.76632],[2.48069,48.76622],[2.48133,48.76646],[2.48204,48.76806],[2.48247,48.76863],[2.48232,48.76865],[2.48185,48.76908],[2.48168,48.76912],[2.4817,48.76923]]],"type":"Polygon"}},{"type":"Feature","properties":{"code":"940600105","nom":"Village Pierre Lais","com":"La Queue-en-Brie","pop80":119.0,"seuls_n":16.0,"p80":2.8,"seuls":23.5,"chaleur":3.6,"alea_fort":0.0,"pauv":7.0,"nbf":0.0,"f_age":0.0,"f_seuls":0.0,"f_chaleur":0.0},"geometry":{"coordinates":[[[2.56382,48.7855],[2.56388,48.785],[2.56377,48.78474],[2.56369,48.7829],[2.56439,48.78129],[2.56481,48.78055],[2.56539,48.77964],[2.56571,48.77938],[2.56654,48.7782],[2.56594,48.77791],[2.5662,48.77746],[2.56575,48.77732],[2.56634,48.77635],[2.56646,48.7761],[2.5664,48.776],[2.56647,48.77585],[2.5669,48.77531],[2.56776,48.77459],[2.56894,48.77479],[2.56998,48.77483],[2.57078,48.77469],[2.57098,48.77446],[2.57156,48.77445],[2.57203,48.77434],[2.57269,48.77391],[2.57275,48.77362],[2.573,48.77353],[2.57314,48.77326],[2.57469,48.77326],[2.57493,48.77252],[2.57569,48.77257],[2.57645,48.7727],[2.57656,48.77165],[2.57521,48.77144],[2.57502,48.77165],[2.57366,48.77159],[2.5705,48.76916],[2.57167,48.76711],[2.57351,48.76784],[2.5742,48.76804],[2.57492,48.76812],[2.57605,48.76854],[2.5771,48.76778],[2.57745,48.76772],[2.5773,48.76673],[2.57676,48.76611],[2.58079,48.76496],[2.57697,48.76097],[2.57626,48.75991],[2.57388,48.76064],[2.57313,48.76082],[2.5714,48.76083],[2.5707,48.76099],[2.57021,48.76101],[2.56993,48.76067],[2.5729,48.75814],[2.57199,48.75722],[2.57329,48.75657],[2.5756,48.75567],[2.57702,48.755],[2.57893,48.75507],[2.58116,48.755],[2.58733,48.76396],[2.59747,48.76064],[2.60274,48.75897],[2.60499,48.7591],[2.61159,48.76042],[2.61133,48.7612],[2.61365,48.76103],[2.61483,48.76111],[2.6149,48.76131],[2.61557,48.76206],[2.61568,48.76245],[2.61562,48.76288],[2.61502,48.76406],[2.61345,48.76557],[2.61326,48.76568],[2.61301,48.76601],[2.61275,48.76697],[2.61288,48.76732],[2.61238,48.76844],[2.61208,48.76967],[2.61145,48.77044],[2.60823,48.77277],[2.60767,48.77344],[2.60722,48.7744],[2.60698,48.77459],[2.60615,48.7748],[2.60522,48.77466],[2.60463,48.77433],[2.60318,48.77444],[2.60205,48.77422],[2.60085,48.77408],[2.59797,48.77324],[2.59805,48.77264],[2.59749,48.77243],[2.59662,48.77224],[2.59554,48.77226],[2.59532,48.77221],[2.59478,48.77194],[2.59352,48.77161],[2.59316,48.77135],[2.59217,48.77107],[2.59137,48.77126],[2.59106,48.77143],[2.59042,48.77159],[2.58967,48.7713],[2.58946,48.77112],[2.58889,48.77179],[2.58702,48.77334],[2.5865,48.77409],[2.58607,48.77577],[2.58566,48.77648],[2.58547,48.77707],[2.58542,48.77883],[2.58545,48.77886],[2.58631,48.77878],[2.5881,48.77849],[2.58869,48.78047],[2.58871,48.78166],[2.5883,48.78302],[2.58895,48.78314],[2.5896,48.78317],[2.58999,48.78361],[2.59035,48.78372],[2.59119,48.78369],[2.59148,48.78354],[2.59173,48.784],[2.59209,48.78528],[2.59509,48.7849],[2.59436,48.78767],[2.59409,48.78821],[2.59685,48.78898],[2.59583,48.78981],[2.59784,48.79125],[2.59898,48.79282],[2.59956,48.79436],[2.59989,48.79499],[2.59781,48.79604],[2.59602,48.79689],[2.59291,48.7975],[2.59282,48.79736],[2.59146,48.79737],[2.59102,48.79658],[2.58906,48.7941],[2.58846,48.79322],[2.58622,48.79326],[2.5858,48.79312],[2.58534,48.79241],[2.5852,48.79113],[2.58494,48.79026],[2.58415,48.79047],[2.58365,48.78993],[2.58325,48.7898],[2.58141,48.79003],[2.57996,48.78986],[2.57975,48.78994],[2.57954,48.79016],[2.57872,48.79013],[2.57879,48.78968],[2.5787,48.78956],[2.57823,48.78953],[2.57811,48.78935],[2.57785,48.78921],[2.57611,48.78885],[2.57555,48.78867],[2.57548,48.78857],[2.57768,48.78623],[2.57802,48.78597],[2.57833,48.78526],[2.57865,48.78516],[2.57831,48.78301],[2.57747,48.78318],[2.57706,48.78314],[2.57323,48.78191],[2.57231,48.78189],[2.57149,48.78198],[2.57027,48.78179],[2.57,48.78189],[2.56948,48.78222],[2.56489,48.78466],[2.56425,48.7851],[2.56382,48.7855]]],"type":"Polygon"}},{"type":"Feature","properties":{"code":"940280307","nom":"Les Mèches","com":"Créteil","pop80":82.0,"seuls_n":32.0,"p80":3.3,"seuls":44.5,"chaleur":5.7,"alea_fort":4.0,"pauv":19.0,"nbf":0.0,"f_age":0.0,"f_seuls":0.0,"f_chaleur":0.0},"geometry":{"coordinates":[[[2.45172,48.7888],[2.45252,48.78805],[2.45314,48.78768],[2.4555,48.78672],[2.45558,48.78681],[2.45722,48.78611],[2.45733,48.78616],[2.45673,48.78662],[2.45651,48.78687],[2.45845,48.78702],[2.45858,48.78685],[2.46075,48.78694],[2.46213,48.78775],[2.46057,48.79088],[2.45921,48.79288],[2.45326,48.79059],[2.45331,48.79052],[2.45266,48.78997],[2.45172,48.7888]]],"type":"Polygon"}},{"type":"Feature","properties":{"code":"940020108","nom":"14 Juillet Zola","com":"Alfortville","pop80":135.0,"seuls_n":58.0,"p80":5.4,"seuls":42.8,"chaleur":6.1,"alea_fort":1.0,"pauv":15.0,"nbf":1.0,"f_age":1.0,"f_seuls":0.0,"f_chaleur":0.0},"geometry":{"coordinates":[[[2.40931,48.80607],[2.41005,48.80474],[2.41101,48.80374],[2.41559,48.79981],[2.41884,48.79734],[2.42041,48.79821],[2.42339,48.79879],[2.42209,48.80092],[2.41976,48.80436],[2.41961,48.80437],[2.41755,48.80322],[2.4174,48.80321],[2.41738,48.80312],[2.41551,48.80208],[2.4139,48.80286],[2.41261,48.80381],[2.41135,48.80486],[2.41052,48.80628],[2.40931,48.80607]]],"type":"Polygon"}},{"type":"Feature","properties":{"code":"940210109","nom":"La Guinet","com":"Chevilly-Larue","pop80":17.0,"seuls_n":3.0,"p80":0.8,"seuls":null,"chaleur":5.4,"alea_fort":1.0,"pauv":21.0,"nbf":null,"f_age":null,"f_seuls":null,"f_chaleur":null},"geometry":{"coordinates":[[[2.36236,48.77301],[2.36251,48.77259],[2.36242,48.77214],[2.36175,48.77219],[2.36048,48.77156],[2.36738,48.76896],[2.36777,48.76872],[2.36798,48.76871],[2.36751,48.77662],[2.36739,48.77657],[2.36687,48.77663],[2.36507,48.77482],[2.36448,48.77507],[2.36236,48.77301]]],"type":"Polygon"}},{"type":"Feature","properties":{"code":"940710102","nom":"La Fosse Rouge","com":"Sucy-en-Brie","pop80":41.0,"seuls_n":15.0,"p80":1.8,"seuls":37.8,"chaleur":3.6,"alea_fort":3.0,"pauv":25.0,"nbf":0.0,"f_age":0.0,"f_seuls":0.0,"f_chaleur":0.0},"geometry":{"coordinates":[[[2.51984,48.77505],[2.52247,48.77506],[2.52376,48.77536],[2.52467,48.77542],[2.52508,48.77536],[2.52539,48.77512],[2.52562,48.77514],[2.52586,48.77548],[2.52711,48.77561],[2.5279,48.77551],[2.52944,48.77512],[2.53055,48.77503],[2.53092,48.77519],[2.53158,48.77536],[2.53256,48.77578],[2.53424,48.77687],[2.53446,48.77695],[2.53444,48.77707],[2.53331,48.777],[2.53289,48.77691],[2.53271,48.77693],[2.53243,48.77684],[2.53227,48.77693],[2.53195,48.77668],[2.53173,48.77664],[2.53131,48.77674],[2.53135,48.77654],[2.53123,48.77653],[2.53104,48.7767],[2.53096,48.77664],[2.53102,48.77643],[2.53078,48.7765],[2.53054,48.77647],[2.53059,48.77684],[2.53031,48.77692],[2.53044,48.77704],[2.53016,48.77709],[2.52987,48.77726],[2.53009,48.77727],[2.53015,48.77732],[2.52994,48.77746],[2.52964,48.77738],[2.52964,48.7776],[2.52955,48.7776],[2.52948,48.7775],[2.52941,48.7775],[2.52939,48.77766],[2.52952,48.77774],[2.52951,48.77785],[2.5297,48.7779],[2.52965,48.77803],[2.52932,48.77809],[2.52922,48.77822],[2.52899,48.7781],[2.52878,48.77816],[2.52845,48.77809],[2.52828,48.77823],[2.52791,48.77808],[2.52759,48.77812],[2.52718,48.77749],[2.52731,48.77727],[2.52672,48.77706],[2.52372,48.77674],[2.52215,48.77694],[2.52117,48.77681],[2.52026,48.77677],[2.52034,48.77604],[2.52046,48.77571],[2.52058,48.77566],[2.51984,48.77505]]],"type":"Polygon"}},{"type":"Feature","properties":{"code":"940380113","nom":"La Vallée aux Renards","com":"L'Haÿ-les-Roses","pop80":195.0,"seuls_n":71.0,"p80":5.4,"seuls":36.4,"chaleur":3.6,"alea_fort":0.0,"pauv":21.0,"nbf":1.0,"f_age":1.0,"f_seuls":0.0,"f_chaleur":0.0},"geometry":{"coordinates":[[[2.31588,48.76677],[2.31675,48.7666],[2.31756,48.76609],[2.31772,48.76622],[2.3177,48.76637],[2.31854,48.76652],[2.3185,48.76663],[2.32081,48.76645],[2.32081,48.76637],[2.32153,48.76633],[2.32152,48.76625],[2.32184,48.76621],[2.3219,48.76449],[2.32385,48.76441],[2.32336,48.7661],[2.3234,48.76666],[2.3247,48.76651],[2.32686,48.76592],[2.32778,48.76582],[2.32849,48.7682],[2.32916,48.76962],[2.32707,48.77005],[2.32545,48.77046],[2.32312,48.77137],[2.3237,48.77267],[2.32387,48.77327],[2.32384,48.77338],[2.32252,48.77347],[2.32194,48.77367],[2.32172,48.77361],[2.32073,48.77189],[2.32056,48.77144],[2.32019,48.77099],[2.31772,48.76852],[2.31722,48.76833],[2.31692,48.76782],[2.3165,48.76733],[2.31588,48.76677]]],"type":"Polygon"}},{"type":"Feature","properties":{"code":"940330116","nom":"Le Village 3","com":"Fontenay-sous-Bois","pop80":117.0,"seuls_n":57.0,"p80":4.8,"seuls":49.2,"chaleur":5.9,"alea_fort":17.0,"pauv":9.0,"nbf":0.0,"f_age":0.0,"f_seuls":0.0,"f_chaleur":0.0},"geometry":{"coordinates":[[[2.46262,48.84434],[2.46613,48.84367],[2.46816,48.84535],[2.47,48.84579],[2.47038,48.84602],[2.47163,48.84742],[2.47079,48.84761],[2.46955,48.84801],[2.46924,48.84833],[2.46868,48.84855],[2.46761,48.84753],[2.46601,48.84824],[2.46262,48.84434]]],"type":"Polygon"}},{"type":"Feature","properties":{"code":"940170601","nom":"République","com":"Champigny-sur-Marne","pop80":139.0,"seuls_n":64.0,"p80":4.0,"seuls":48.7,"chaleur":3.9,"alea_fort":0.0,"pauv":28.0,"nbf":0.0,"f_age":0.0,"f_seuls":0.0,"f_chaleur":0.0},"geometry":{"coordinates":[[[2.51081,48.82143],[2.51195,48.81653],[2.51198,48.81643],[2.51221,48.8164],[2.51234,48.81627],[2.51211,48.81592],[2.5122,48.81555],[2.51463,48.81505],[2.51648,48.81433],[2.51725,48.81488],[2.51895,48.81469],[2.5195,48.81469],[2.51988,48.81478],[2.51996,48.81489],[2.51914,48.81623],[2.51923,48.81642],[2.51996,48.81695],[2.52278,48.81726],[2.52279,48.81862],[2.52285,48.81872],[2.52115,48.81879],[2.52139,48.82064],[2.51904,48.8208],[2.51684,48.82113],[2.51643,48.8211],[2.51579,48.82116],[2.51562,48.8212],[2.51568,48.82129],[2.51523,48.82137],[2.51413,48.82143],[2.51081,48.82143]]],"type":"Polygon"}},{"type":"Feature","properties":{"code":"940410105","nom":"Centre Ville Sud","com":"Ivry-sur-Seine","pop80":34.0,"seuls_n":23.0,"p80":1.6,"seuls":69.7,"chaleur":12.8,"alea_fort":51.0,"pauv":21.0,"nbf":2.0,"f_age":0.0,"f_seuls":1.0,"f_chaleur":1.0},"geometry":{"coordinates":[[[2.38543,48.81009],[2.38648,48.80927],[2.38862,48.81058],[2.39178,48.81224],[2.39043,48.81363],[2.39044,48.81376],[2.3909,48.81396],[2.39056,48.81439],[2.39034,48.81454],[2.38943,48.81388],[2.38631,48.81244],[2.38718,48.81159],[2.38596,48.81089],[2.38596,48.81081],[2.38622,48.81072],[2.38543,48.81009]]],"type":"Polygon"}},{"type":"Feature","properties":{"code":"940380110","nom":"Jardin Parisien 2","com":"L'Haÿ-les-Roses","pop80":91.0,"seuls_n":26.0,"p80":3.4,"seuls":29.0,"chaleur":4.7,"alea_fort":0.0,"pauv":23.0,"nbf":0.0,"f_age":0.0,"f_seuls":0.0,"f_chaleur":0.0},"geometry":{"coordinates":[[[2.34613,48.77524],[2.34677,48.77515],[2.34686,48.77542],[2.34729,48.77606],[2.34802,48.7758],[2.34877,48.7765],[2.34879,48.77661],[2.34837,48.77686],[2.349,48.77801],[2.35014,48.77798],[2.3536,48.77606],[2.35446,48.77708],[2.3547,48.77751],[2.35484,48.7788],[2.35304,48.78028],[2.35351,48.78049],[2.35261,48.78101],[2.35054,48.78101],[2.34966,48.78181],[2.34754,48.78217],[2.34816,48.78397],[2.3476,48.78404],[2.34783,48.78491],[2.3463,48.78518],[2.34674,48.7837],[2.3469,48.78179],[2.34613,48.77524]]],"type":"Polygon"}},{"type":"Feature","properties":{"code":"940020206","nom":"Grenoble Toulon","com":"Alfortville","pop80":76.0,"seuls_n":57.0,"p80":2.6,"seuls":75.1,"chaleur":6.9,"alea_fort":9.0,"pauv":29.0,"nbf":1.0,"f_age":0.0,"f_seuls":1.0,"f_chaleur":0.0},"geometry":{"coordinates":[[[2.42645,48.78587],[2.42787,48.78422],[2.42872,48.78221],[2.42887,48.78214],[2.42911,48.78222],[2.43056,48.78238],[2.43297,48.78374],[2.43338,48.78383],[2.43329,48.78387],[2.43224,48.78689],[2.42645,48.78587]]],"type":"Polygon"}},{"type":"Feature","properties":{"code":"940730108","nom":"Les Saules","com":"Thiais","pop80":243.0,"seuls_n":105.0,"p80":11.1,"seuls":63.4,"chaleur":2.9,"alea_fort":2.0,"pauv":9.0,"nbf":2.0,"f_age":1.0,"f_seuls":1.0,"f_chaleur":0.0},"geometry":{"coordinates":[[[2.38976,48.76372],[2.39012,48.76312],[2.39052,48.76271],[2.39084,48.76195],[2.39173,48.76119],[2.39361,48.76148],[2.39362,48.76253],[2.39458,48.76257],[2.39505,48.76221],[2.39635,48.76239],[2.39701,48.76266],[2.39757,48.76274],[2.39654,48.76561],[2.3922,48.76486],[2.39229,48.76466],[2.39188,48.76442],[2.3906,48.76457],[2.39041,48.76416],[2.38976,48.76372]]],"type":"Polygon"}},{"type":"Feature","properties":{"code":"940340103","nom":"Centre Ville","com":"Fresnes","pop80":170.0,"seuls_n":113.0,"p80":6.1,"seuls":66.6,"chaleur":6.5,"alea_fort":6.0,"pauv":13.0,"nbf":2.0,"f_age":1.0,"f_seuls":1.0,"f_chaleur":0.0},"geometry":{"coordinates":[[[2.31752,48.75863],[2.32011,48.75801],[2.31911,48.75615],[2.3196,48.75602],[2.3188,48.75505],[2.32077,48.75464],[2.3225,48.75445],[2.32263,48.7545],[2.32251,48.75463],[2.32248,48.75515],[2.32227,48.75561],[2.32239,48.75571],[2.32238,48.75626],[2.32252,48.75663],[2.32358,48.75627],[2.32373,48.75602],[2.32578,48.75647],[2.32596,48.75662],[2.32612,48.7566],[2.32534,48.75815],[2.32552,48.75832],[2.32421,48.75875],[2.3244,48.75893],[2.32066,48.76019],[2.3194,48.76053],[2.31891,48.76054],[2.31904,48.76044],[2.31834,48.75942],[2.31796,48.75894],[2.31752,48.75863]]],"type":"Polygon"}},{"type":"Feature","properties":{"code":"940600101","nom":"Bois des Friches","com":"La Queue-en-Brie","pop80":52.0,"seuls_n":10.0,"p80":2.6,"seuls":19.6,"chaleur":2.9,"alea_fort":0.0,"pauv":5.0,"nbf":0.0,"f_age":0.0,"f_seuls":0.0,"f_chaleur":0.0},"geometry":{"coordinates":[[[2.5554,48.79197],[2.55741,48.7906],[2.5607,48.78903],[2.56122,48.78865],[2.56162,48.78825],[2.5631,48.78845],[2.56374,48.78843],[2.56405,48.78863],[2.56484,48.78896],[2.56648,48.79001],[2.56664,48.78997],[2.56685,48.79],[2.5668,48.79016],[2.5723,48.79199],[2.56741,48.79726],[2.56552,48.79657],[2.56053,48.79445],[2.55586,48.79235],[2.5554,48.79197]]],"type":"Polygon"}},{"type":"Feature","properties":{"code":"940520109","nom":"Bois de Vincennes","com":"Nogent-sur-Marne","pop80":138.0,"seuls_n":90.0,"p80":5.5,"seuls":65.6,"chaleur":5.4,"alea_fort":10.0,"pauv":6.0,"nbf":2.0,"f_age":1.0,"f_seuls":1.0,"f_chaleur":0.0},"geometry":{"coordinates":[[[2.46732,48.8391],[2.46791,48.83845],[2.46947,48.83705],[2.4698,48.83655],[2.46983,48.8358],[2.4695,48.83447],[2.47105,48.83335],[2.47134,48.83323],[2.47333,48.83497],[2.47386,48.83535],[2.47309,48.83549],[2.47332,48.83561],[2.47292,48.83607],[2.47356,48.83633],[2.47364,48.83646],[2.47222,48.84205],[2.46871,48.8409],[2.46955,48.84],[2.46732,48.8391]]],"type":"Polygon"}},{"type":"Feature","properties":{"code":"940030103","nom":"Barbusse","com":"Arcueil","pop80":63.0,"seuls_n":35.0,"p80":3.6,"seuls":56.0,"chaleur":6.0,"alea_fort":5.0,"pauv":13.0,"nbf":1.0,"f_age":0.0,"f_seuls":1.0,"f_chaleur":0.0},"geometry":{"coordinates":[[[2.33278,48.80698],[2.33269,48.80678],[2.333,48.80655],[2.33208,48.80567],[2.33351,48.80462],[2.33348,48.80441],[2.33415,48.8047],[2.33465,48.80503],[2.33491,48.805],[2.33537,48.80524],[2.33546,48.80524],[2.33645,48.80466],[2.33726,48.80526],[2.33796,48.80551],[2.33806,48.80439],[2.34015,48.80543],[2.34003,48.80618],[2.34147,48.80761],[2.34225,48.80857],[2.34197,48.80863],[2.34234,48.80956],[2.34198,48.80977],[2.34068,48.81012],[2.33911,48.81078],[2.33906,48.81087],[2.33832,48.81081],[2.33783,48.81092],[2.33362,48.80775],[2.33382,48.80769],[2.33278,48.80698]]],"type":"Polygon"}},{"type":"Feature","properties":{"code":"940210107","nom":"Sorbiers","com":"Chevilly-Larue","pop80":81.0,"seuls_n":49.0,"p80":3.1,"seuls":60.2,"chaleur":5.6,"alea_fort":0.0,"pauv":33.0,"nbf":1.0,"f_age":0.0,"f_seuls":1.0,"f_chaleur":0.0},"geometry":{"coordinates":[[[2.35474,48.77464],[2.35535,48.77315],[2.35629,48.77221],[2.35819,48.77297],[2.35909,48.77205],[2.36104,48.77289],[2.36021,48.77371],[2.36285,48.77485],[2.36264,48.77509],[2.35941,48.77371],[2.35736,48.77583],[2.35534,48.77496],[2.35474,48.77464]]],"type":"Polygon"}},{"type":"Feature","properties":{"code":"940740108","nom":"Val Pompadour-L'Étang étendu","com":"Valenton","pop80":208.0,"seuls_n":53.0,"p80":4.7,"seuls":40.4,"chaleur":4.3,"alea_fort":2.0,"pauv":31.0,"nbf":0.0,"f_age":0.0,"f_seuls":0.0,"f_chaleur":0.0},"geometry":{"coordinates":[[[2.45548,48.76679],[2.45371,48.76753],[2.45186,48.76851],[2.4506,48.76924],[2.44928,48.77015],[2.44081,48.77181],[2.43999,48.77171],[2.44009,48.77131],[2.43916,48.7712],[2.43532,48.76742],[2.43608,48.76666],[2.43639,48.76651],[2.43708,48.76637],[2.43805,48.76571],[2.43822,48.76576],[2.43843,48.76564],[2.43983,48.76469],[2.43907,48.76415],[2.43851,48.76364],[2.43998,48.76279],[2.44217,48.76223],[2.4423,48.7618],[2.44472,48.76298],[2.44712,48.76208],[2.44697,48.76197],[2.44707,48.76187],[2.44788,48.76163],[2.44854,48.76093],[2.44908,48.76111],[2.45036,48.75981],[2.45179,48.75803],[2.45344,48.75551],[2.4536,48.75459],[2.45387,48.75377],[2.45434,48.75268],[2.45445,48.75262],[2.45445,48.75231],[2.45428,48.75196],[2.45382,48.75194],[2.45376,48.7519],[2.45364,48.75053],[2.4533,48.74906],[2.45691,48.7484],[2.45884,48.74814],[2.45945,48.74813],[2.45938,48.74849],[2.45919,48.74853],[2.45907,48.74927],[2.459,48.74927],[2.45891,48.74963],[2.45962,48.7497],[2.45944,48.74976],[2.45922,48.75065],[2.4603,48.75075],[2.46024,48.75102],[2.46291,48.7503],[2.46394,48.74985],[2.46415,48.74968],[2.46519,48.74808],[2.46531,48.74804],[2.4689,48.74818],[2.46915,48.74807],[2.47,48.74811],[2.46979,48.74793],[2.46761,48.74686],[2.4681,48.74642],[2.46881,48.74677],[2.46917,48.74687],[2.47016,48.74692],[2.47279,48.74681],[2.47348,48.7469],[2.4736,48.74743],[2.47361,48.74866],[2.47357,48.74882],[2.47333,48.74904],[2.47326,48.75025],[2.47305,48.75046],[2.47253,48.7525],[2.4715,48.75232],[2.4678,48.75131],[2.46861,48.75625],[2.4688,48.76007],[2.46873,48.76068],[2.46796,48.76309],[2.46743,48.76416],[2.46621,48.76613],[2.46336,48.76679],[2.46128,48.76594],[2.46128,48.76589],[2.45998,48.76572],[2.45957,48.76668],[2.45708,48.76635],[2.45654,48.76645],[2.45548,48.76679]]],"type":"Polygon"}},{"type":"Feature","properties":{"code":"940760116","nom":"Mermoz","com":"Villejuif","pop80":76.0,"seuls_n":31.0,"p80":4.4,"seuls":40.4,"chaleur":5.3,"alea_fort":1.0,"pauv":27.0,"nbf":0.0,"f_age":0.0,"f_seuls":0.0,"f_chaleur":0.0},"geometry":{"coordinates":[[[2.35756,48.7826],[2.3583,48.78049],[2.35826,48.78021],[2.35752,48.77997],[2.35808,48.7787],[2.35926,48.77896],[2.35923,48.77906],[2.35999,48.77923],[2.36115,48.78079],[2.36213,48.78245],[2.3622,48.78447],[2.35907,48.78456],[2.35838,48.78378],[2.35756,48.7826]]],"type":"Polygon"}},{"type":"Feature","properties":{"code":"940370104","nom":"Plateau 1","com":"Gentilly","pop80":107.0,"seuls_n":34.0,"p80":4.0,"seuls":31.8,"chaleur":11.9,"alea_fort":52.0,"pauv":14.0,"nbf":1.0,"f_age":0.0,"f_seuls":0.0,"f_chaleur":1.0},"geometry":{"coordinates":[[[2.33906,48.81087],[2.33997,48.81104],[2.34129,48.81144],[2.34457,48.8129],[2.3447,48.8128],[2.34487,48.81286],[2.34518,48.81285],[2.3465,48.81305],[2.34695,48.81296],[2.34727,48.81337],[2.34764,48.81364],[2.34743,48.81402],[2.34755,48.81447],[2.34819,48.81475],[2.3489,48.81494],[2.35018,48.81561],[2.34946,48.81637],[2.3486,48.81678],[2.34692,48.81602],[2.34637,48.81599],[2.34519,48.81609],[2.34436,48.81602],[2.34445,48.81556],[2.34434,48.8156],[2.34312,48.81408],[2.34121,48.81478],[2.34101,48.81399],[2.34051,48.8128],[2.33906,48.81087]]],"type":"Polygon"}},{"type":"Feature","properties":{"code":"940040101","nom":"Les Hautes Varennes","com":"Boissy-Saint-Léger","pop80":24.0,"seuls_n":9.0,"p80":0.8,"seuls":35.1,"chaleur":5.4,"alea_fort":7.0,"pauv":25.0,"nbf":0.0,"f_age":0.0,"f_seuls":0.0,"f_chaleur":0.0},"geometry":{"coordinates":[[[2.49299,48.75928],[2.49749,48.75427],[2.4977,48.75442],[2.49729,48.75524],[2.49727,48.7556],[2.49742,48.75617],[2.4982,48.7568],[2.49998,48.75857],[2.50036,48.75874],[2.50074,48.7588],[2.50239,48.75782],[2.50247,48.75769],[2.50249,48.75755],[2.50237,48.75739],[2.50221,48.75729],[2.50177,48.75725],[2.50155,48.75706],[2.50151,48.75693],[2.50161,48.75683],[2.50164,48.75658],[2.50146,48.75644],[2.50155,48.75616],[2.50163,48.75612],[2.50244,48.75624],[2.50251,48.75617],[2.50298,48.75611],[2.5031,48.75596],[2.50314,48.75554],[2.50157,48.7553],[2.50151,48.75524],[2.50156,48.75488],[2.50203,48.75442],[2.50237,48.75437],[2.50286,48.75444],[2.50304,48.7544],[2.50337,48.7537],[2.50372,48.75377],[2.50397,48.75371],[2.50453,48.75404],[2.50477,48.75426],[2.50496,48.75452],[2.50506,48.75496],[2.50516,48.755],[2.50589,48.75441],[2.50654,48.75489],[2.50726,48.75576],[2.50738,48.75617],[2.50724,48.75658],[2.50767,48.75738],[2.50802,48.75853],[2.50817,48.76031],[2.50839,48.76063],[2.50925,48.76138],[2.50735,48.76172],[2.50678,48.76133],[2.50596,48.76159],[2.50547,48.76111],[2.49976,48.76312],[2.49858,48.76207],[2.49687,48.76091],[2.49405,48.75968],[2.49299,48.75928]]],"type":"Polygon"}},{"type":"Feature","properties":{"code":"940171202","nom":"Bois l'Abbé 2","com":"Champigny-sur-Marne","pop80":85.0,"seuls_n":38.0,"p80":3.8,"seuls":44.4,"chaleur":6.4,"alea_fort":0.0,"pauv":33.0,"nbf":0.0,"f_age":0.0,"f_seuls":0.0,"f_chaleur":0.0},"geometry":{"coordinates":[[[2.54618,48.8045],[2.54714,48.804],[2.54768,48.80381],[2.55102,48.80317],[2.5523,48.80393],[2.55261,48.80403],[2.55184,48.80454],[2.54957,48.80627],[2.54809,48.80543],[2.54688,48.80496],[2.54618,48.8045]]],"type":"Polygon"}},{"type":"Feature","properties":{"code":"940410106","nom":"Parmentier Nord","com":"Ivry-sur-Seine","pop80":157.0,"seuls_n":105.0,"p80":4.6,"seuls":67.1,"chaleur":10.7,"alea_fort":38.0,"pauv":27.0,"nbf":2.0,"f_age":0.0,"f_seuls":1.0,"f_chaleur":1.0},"geometry":{"coordinates":[[[2.38491,48.81],[2.38809,48.80639],[2.38883,48.80584],[2.38913,48.80587],[2.39148,48.80542],[2.3913,48.80584],[2.39072,48.80625],[2.3915,48.80671],[2.39149,48.80714],[2.39169,48.80723],[2.39173,48.80742],[2.39377,48.80821],[2.39387,48.8083],[2.39099,48.81083],[2.38964,48.80995],[2.38862,48.81058],[2.38648,48.80927],[2.3853,48.8102],[2.38491,48.81]]],"type":"Polygon"}},{"type":"Feature","properties":{"code":"940110104","nom":"Cité Fabien","com":"Bonneuil-sur-Marne","pop80":83.0,"seuls_n":32.0,"p80":5.2,"seuls":38.8,"chaleur":3.4,"alea_fort":0.0,"pauv":33.0,"nbf":0.0,"f_age":0.0,"f_seuls":0.0,"f_chaleur":0.0},"geometry":{"coordinates":[[[2.48531,48.77082],[2.48755,48.76871],[2.48774,48.7686],[2.48812,48.76863],[2.48922,48.76933],[2.48964,48.76988],[2.48977,48.77023],[2.49019,48.7725],[2.49037,48.77283],[2.48974,48.77305],[2.48844,48.77324],[2.48827,48.77221],[2.48674,48.77248],[2.48535,48.77095],[2.48531,48.77082]]],"type":"Polygon"}},{"type":"Feature","properties":{"code":"940580108","nom":"Les Corluis","com":"Le Perreux-sur-Marne","pop80":228.0,"seuls_n":93.0,"p80":9.9,"seuls":60.3,"chaleur":3.2,"alea_fort":1.0,"pauv":5.0,"nbf":2.0,"f_age":1.0,"f_seuls":1.0,"f_chaleur":0.0},"geometry":{"coordinates":[[[2.49842,48.84728],[2.5034,48.84327],[2.50714,48.84617],[2.50816,48.84711],[2.50846,48.84758],[2.50861,48.84855],[2.50312,48.84902],[2.50148,48.8482],[2.49842,48.84728]]],"type":"Polygon"}},{"type":"Feature","properties":{"code":"940440102","nom":"Les Neufs Saulets","com":"Limeil-Brévannes","pop80":91.0,"seuls_n":34.0,"p80":1.3,"seuls":37.9,"chaleur":5.6,"alea_fort":14.0,"pauv":18.0,"nbf":0.0,"f_age":0.0,"f_seuls":0.0,"f_chaleur":0.0},"geometry":{"coordinates":[[[2.46818,48.76237],[2.46873,48.76068],[2.4688,48.76007],[2.46861,48.75625],[2.4678,48.75131],[2.4715,48.75232],[2.47253,48.7525],[2.47305,48.75046],[2.47326,48.75025],[2.47333,48.74904],[2.47345,48.74896],[2.4811,48.74976],[2.48587,48.75128],[2.48647,48.75154],[2.48628,48.75204],[2.48426,48.75522],[2.48354,48.75635],[2.48331,48.75651],[2.48341,48.75655],[2.47955,48.76047],[2.47672,48.75949],[2.47631,48.75997],[2.47387,48.76109],[2.474,48.76114],[2.47326,48.76199],[2.47231,48.76292],[2.47212,48.76328],[2.46818,48.76237]]],"type":"Polygon"}},{"type":"Feature","properties":{"code":"940170101","nom":"Tremblay 1","com":"Champigny-sur-Marne","pop80":107.0,"seuls_n":45.0,"p80":4.9,"seuls":42.2,"chaleur":3.8,"alea_fort":0.0,"pauv":11.0,"nbf":0.0,"f_age":0.0,"f_seuls":0.0,"f_chaleur":0.0},"geometry":{"coordinates":[[[2.47569,48.83056],[2.47729,48.82748],[2.47731,48.82713],[2.47801,48.82717],[2.47845,48.82496],[2.4791,48.82502],[2.47872,48.82353],[2.48174,48.82008],[2.48171,48.82003],[2.48253,48.82],[2.48252,48.81995],[2.4835,48.81994],[2.48479,48.82017],[2.48563,48.82042],[2.48572,48.82049],[2.49542,48.82335],[2.49481,48.82423],[2.49596,48.82453],[2.4934,48.82902],[2.49331,48.82974],[2.49318,48.82993],[2.4933,48.83015],[2.49327,48.8304],[2.49318,48.8305],[2.4932,48.83105],[2.48772,48.83104],[2.487,48.83107],[2.48478,48.83147],[2.48295,48.83152],[2.47934,48.83106],[2.47761,48.8309],[2.47569,48.83056]]],"type":"Polygon"}},{"type":"Feature","properties":{"code":"940410203","nom":"Petit Ivry Sud","com":"Ivry-sur-Seine","pop80":162.0,"seuls_n":76.0,"p80":3.8,"seuls":47.8,"chaleur":9.5,"alea_fort":40.0,"pauv":21.0,"nbf":1.0,"f_age":0.0,"f_seuls":0.0,"f_chaleur":1.0},"geometry":{"coordinates":[[[2.3642,48.8164],[2.36482,48.81557],[2.36461,48.8155],[2.3646,48.81526],[2.3647,48.81512],[2.36454,48.81506],[2.36513,48.81409],[2.36499,48.81405],[2.36624,48.81194],[2.37018,48.81305],[2.37026,48.81297],[2.37093,48.81312],[2.37713,48.81598],[2.37736,48.81585],[2.37746,48.81597],[2.37754,48.81652],[2.37816,48.81675],[2.37768,48.81718],[2.3774,48.81711],[2.37718,48.81741],[2.37696,48.81735],[2.3769,48.81775],[2.3771,48.8178],[2.37684,48.81806],[2.37661,48.81808],[2.37554,48.81769],[2.37501,48.81826],[2.37488,48.81831],[2.36838,48.81585],[2.36819,48.81573],[2.36693,48.81725],[2.3642,48.8164]]],"type":"Polygon"}},{"type":"Feature","properties":{"code":"940670108","nom":"Libération","com":"Saint-Mandé","pop80":121.0,"seuls_n":71.0,"p80":6.1,"seuls":58.4,"chaleur":12.5,"alea_fort":57.0,"pauv":7.0,"nbf":3.0,"f_age":1.0,"f_seuls":1.0,"f_chaleur":1.0},"geometry":{"coordinates":[[[2.41285,48.83622],[2.418,48.83763],[2.41782,48.83794],[2.41728,48.8378],[2.41675,48.83851],[2.41572,48.83811],[2.41528,48.83866],[2.4165,48.83928],[2.41601,48.84007],[2.4156,48.84005],[2.41405,48.83976],[2.41285,48.83622]]],"type":"Polygon"}},{"type":"Feature","properties":{"code":"940600103","nom":"L'Hermitage","com":"La Queue-en-Brie","pop80":35.0,"seuls_n":16.0,"p80":1.8,"seuls":46.9,"chaleur":3.0,"alea_fort":0.0,"pauv":19.0,"nbf":0.0,"f_age":0.0,"f_seuls":0.0,"f_chaleur":0.0},"geometry":{"coordinates":[[[2.56162,48.78825],[2.56382,48.7855],[2.56441,48.78498],[2.56489,48.78466],[2.57014,48.78182],[2.57058,48.78181],[2.57105,48.78194],[2.57149,48.78198],[2.57231,48.78189],[2.57323,48.78191],[2.57706,48.78314],[2.57747,48.78318],[2.57831,48.78301],[2.57865,48.78516],[2.57833,48.78526],[2.57802,48.78597],[2.57768,48.78623],[2.57548,48.78857],[2.57571,48.78874],[2.57785,48.78921],[2.57816,48.78939],[2.57823,48.7897],[2.57816,48.79036],[2.57792,48.79115],[2.57764,48.79122],[2.57738,48.79093],[2.57717,48.7908],[2.57319,48.78919],[2.57293,48.7895],[2.57296,48.78967],[2.57382,48.79004],[2.57391,48.79024],[2.5723,48.79199],[2.5668,48.79016],[2.56685,48.79],[2.56664,48.78997],[2.56648,48.79001],[2.56484,48.78896],[2.56405,48.78863],[2.56374,48.78843],[2.5631,48.78845],[2.56162,48.78825]]],"type":"Polygon"}},{"type":"Feature","properties":{"code":"940030106","nom":"Jules Ferry 1","com":"Arcueil","pop80":36.0,"seuls_n":20.0,"p80":1.4,"seuls":56.3,"chaleur":8.7,"alea_fort":3.0,"pauv":21.0,"nbf":2.0,"f_age":0.0,"f_seuls":1.0,"f_chaleur":1.0},"geometry":{"coordinates":[[[2.32949,48.80424],[2.329,48.80322],[2.32837,48.80016],[2.32853,48.80012],[2.32879,48.80142],[2.32898,48.80188],[2.33072,48.80139],[2.33167,48.80132],[2.33167,48.80105],[2.33412,48.80082],[2.33432,48.80064],[2.33525,48.80204],[2.3352,48.80228],[2.33595,48.80332],[2.3353,48.80366],[2.33645,48.80466],[2.33546,48.80524],[2.33537,48.80524],[2.33491,48.805],[2.33465,48.80503],[2.33415,48.8047],[2.33348,48.80441],[2.33351,48.80462],[2.33208,48.80567],[2.333,48.80655],[2.33269,48.80678],[2.33278,48.80698],[2.33269,48.80706],[2.3306,48.8054],[2.32949,48.80424]]],"type":"Polygon"}},{"type":"Feature","properties":{"code":"940280207","nom":"L'Échat","com":"Créteil","pop80":56.0,"seuls_n":26.0,"p80":1.6,"seuls":46.8,"chaleur":10.1,"alea_fort":22.0,"pauv":30.0,"nbf":1.0,"f_age":0.0,"f_seuls":0.0,"f_chaleur":1.0},"geometry":{"coordinates":[[[2.44177,48.79362],[2.44235,48.79318],[2.44597,48.7918],[2.44762,48.79145],[2.44845,48.79116],[2.44943,48.79058],[2.45052,48.7896],[2.45081,48.78973],[2.44907,48.79143],[2.44865,48.79204],[2.44839,48.79275],[2.44839,48.79361],[2.45122,48.79275],[2.45554,48.79449],[2.45385,48.79635],[2.45561,48.79766],[2.45602,48.79781],[2.45363,48.79915],[2.45312,48.7991],[2.44819,48.79968],[2.44544,48.79971],[2.44397,48.79809],[2.44262,48.79621],[2.44303,48.79589],[2.44177,48.79362]]],"type":"Polygon"}},{"type":"Feature","properties":{"code":"940420105","nom":"Platanes","com":"Joinville-le-Pont","pop80":73.0,"seuls_n":35.0,"p80":3.3,"seuls":48.4,"chaleur":7.0,"alea_fort":0.0,"pauv":19.0,"nbf":0.0,"f_age":0.0,"f_seuls":0.0,"f_chaleur":0.0},"geometry":{"coordinates":[[[2.47727,48.82008],[2.47726,48.81981],[2.47598,48.81785],[2.48065,48.81505],[2.48119,48.81487],[2.48191,48.8159],[2.482,48.81616],[2.48253,48.82],[2.48171,48.82003],[2.48174,48.82008],[2.47727,48.82008]]],"type":"Polygon"}},{"type":"Feature","properties":{"code":"940580110","nom":"L'Orage","com":"Le Perreux-sur-Marne","pop80":78.0,"seuls_n":33.0,"p80":3.9,"seuls":42.5,"chaleur":4.5,"alea_fort":5.0,"pauv":9.0,"nbf":0.0,"f_age":0.0,"f_seuls":0.0,"f_chaleur":0.0},"geometry":{"coordinates":[[[2.4931,48.84376],[2.49349,48.84261],[2.49399,48.8405],[2.49431,48.83801],[2.49476,48.83805],[2.49495,48.83835],[2.49528,48.83865],[2.49829,48.84115],[2.49887,48.84144],[2.49938,48.84153],[2.50235,48.84249],[2.5034,48.84327],[2.5009,48.8453],[2.50005,48.84488],[2.49623,48.84421],[2.49681,48.84294],[2.49678,48.84266],[2.49632,48.8418],[2.49385,48.84196],[2.49339,48.84371],[2.49336,48.84378],[2.4931,48.84376]]],"type":"Polygon"}},{"type":"Feature","properties":{"code":"940220102","nom":"Centre I","com":"Choisy-le-Roi","pop80":45.0,"seuls_n":21.0,"p80":2.7,"seuls":47.6,"chaleur":15.3,"alea_fort":84.0,"pauv":31.0,"nbf":1.0,"f_age":0.0,"f_seuls":0.0,"f_chaleur":1.0},"geometry":{"coordinates":[[[2.40788,48.76816],[2.40802,48.76732],[2.4086,48.76741],[2.40877,48.76735],[2.40926,48.76662],[2.40918,48.76643],[2.40967,48.76572],[2.40971,48.76569],[2.41065,48.76597],[2.41057,48.76729],[2.41066,48.76756],[2.41054,48.76844],[2.40974,48.76848],[2.40953,48.76843],[2.40905,48.76849],[2.40788,48.76816]]],"type":"Polygon"}},{"type":"Feature","properties":{"code":"940680201","nom":"Le Vieux Saint-Maur 1","com":"Saint-Maur-des-Fossés","pop80":125.0,"seuls_n":75.0,"p80":7.3,"seuls":61.0,"chaleur":7.6,"alea_fort":9.0,"pauv":7.0,"nbf":3.0,"f_age":1.0,"f_seuls":1.0,"f_chaleur":1.0},"geometry":{"coordinates":[[[2.46986,48.81243],[2.4708,48.81209],[2.47555,48.80962],[2.47691,48.81143],[2.47326,48.81242],[2.47326,48.81258],[2.47374,48.8127],[2.47446,48.81312],[2.47466,48.81373],[2.47517,48.81464],[2.47347,48.8154],[2.47255,48.81439],[2.47182,48.81377],[2.47165,48.8137],[2.47147,48.81388],[2.47099,48.81362],[2.46986,48.81243]]],"type":"Polygon"}},{"type":"Feature","properties":{"code":"940770102","nom":"Val d'Ablon et Zone Industrielle","com":"Villeneuve-le-Roi","pop80":132.0,"seuls_n":64.0,"p80":6.0,"seuls":48.5,"chaleur":5.1,"alea_fort":1.0,"pauv":23.0,"nbf":1.0,"f_age":1.0,"f_seuls":0.0,"f_chaleur":0.0},"geometry":{"coordinates":[[[2.42436,48.7292],[2.42603,48.72822],[2.42667,48.72869],[2.42726,48.72835],[2.42761,48.72861],[2.42881,48.72795],[2.42919,48.72722],[2.42976,48.72735],[2.42993,48.72703],[2.43094,48.72726],[2.43138,48.72649],[2.43411,48.72665],[2.43446,48.72563],[2.43456,48.72564],[2.43501,48.72429],[2.43601,48.72444],[2.43972,48.72534],[2.44129,48.72588],[2.44278,48.72661],[2.44322,48.72692],[2.44348,48.72723],[2.44406,48.72823],[2.44458,48.72971],[2.44485,48.73125],[2.44322,48.72888],[2.44286,48.7282],[2.44221,48.72758],[2.4418,48.72769],[2.4413,48.7277],[2.43903,48.72738],[2.44085,48.72973],[2.43946,48.73023],[2.44033,48.73135],[2.44004,48.73138],[2.43559,48.73096],[2.43322,48.73145],[2.43206,48.73176],[2.43161,48.73211],[2.43139,48.73249],[2.43264,48.73282],[2.43276,48.73296],[2.43046,48.73798],[2.42985,48.73781],[2.42953,48.73766],[2.42894,48.73704],[2.42828,48.73818],[2.42804,48.73827],[2.42731,48.73838],[2.42755,48.7372],[2.42757,48.73516],[2.4288,48.73178],[2.42607,48.73103],[2.426,48.73057],[2.42565,48.73004],[2.42464,48.72945],[2.42436,48.7292]]],"type":"Polygon"}},{"type":"Feature","properties":{"code":"940710103","nom":"La Cité Verte","com":"Sucy-en-Brie","pop80":63.0,"seuls_n":46.0,"p80":2.3,"seuls":72.5,"chaleur":6.8,"alea_fort":1.0,"pauv":29.0,"nbf":1.0,"f_age":0.0,"f_seuls":1.0,"f_chaleur":0.0},"geometry":{"coordinates":[[[2.51722,48.77379],[2.51993,48.77195],[2.52053,48.77155],[2.52089,48.7714],[2.5216,48.7709],[2.5224,48.77093],[2.52343,48.77129],[2.525,48.77148],[2.52494,48.7726],[2.52516,48.77339],[2.52541,48.77499],[2.52531,48.77522],[2.525,48.77539],[2.52389,48.77538],[2.52227,48.77504],[2.51984,48.77505],[2.51722,48.77379]]],"type":"Polygon"}},{"type":"Feature","properties":{"code":"940220111","nom":"Parc Maurice-Thorez","com":"Choisy-le-Roi","pop80":137.0,"seuls_n":42.0,"p80":5.0,"seuls":30.9,"chaleur":7.5,"alea_fort":7.0,"pauv":26.0,"nbf":1.0,"f_age":0.0,"f_seuls":0.0,"f_chaleur":1.0},"geometry":{"coordinates":[[[2.39807,48.76586],[2.3999,48.76421],[2.40041,48.76384],[2.40051,48.76343],[2.40076,48.76339],[2.40068,48.76317],[2.40127,48.76304],[2.40542,48.76428],[2.40458,48.76557],[2.40389,48.76675],[2.40387,48.76691],[2.39807,48.76586]]],"type":"Polygon"}},{"type":"Feature","properties":{"code":"940410201","nom":"Verollot","com":"Ivry-sur-Seine","pop80":70.0,"seuls_n":26.0,"p80":1.7,"seuls":36.6,"chaleur":4.7,"alea_fort":8.0,"pauv":27.0,"nbf":0.0,"f_age":0.0,"f_seuls":0.0,"f_chaleur":0.0},"geometry":{"coordinates":[[[2.36422,48.81115],[2.36548,48.80922],[2.36544,48.80916],[2.36794,48.80886],[2.3682,48.8085],[2.36715,48.80809],[2.36789,48.80743],[2.36996,48.80527],[2.37039,48.80504],[2.37029,48.80498],[2.3712,48.80403],[2.37567,48.80595],[2.37476,48.80722],[2.37018,48.81305],[2.36507,48.81162],[2.36459,48.81142],[2.36422,48.81115]]],"type":"Polygon"}},{"type":"Feature","properties":{"code":"940460401","nom":"Planètes 1","com":"Maisons-Alfort","pop80":83.0,"seuls_n":55.0,"p80":3.9,"seuls":65.7,"chaleur":4.9,"alea_fort":0.0,"pauv":9.0,"nbf":1.0,"f_age":0.0,"f_seuls":1.0,"f_chaleur":0.0},"geometry":{"coordinates":[[[2.45054,48.81586],[2.44982,48.81545],[2.44932,48.81504],[2.44892,48.8145],[2.44869,48.81396],[2.44864,48.8133],[2.44895,48.8118],[2.44877,48.808],[2.45421,48.80949],[2.4556,48.81005],[2.45718,48.81094],[2.45673,48.81122],[2.45588,48.81196],[2.4545,48.81334],[2.45272,48.81484],[2.45201,48.81536],[2.45154,48.8156],[2.45112,48.81575],[2.45054,48.81586]]],"type":"Polygon"}},{"type":"Feature","properties":{"code":"940760106","nom":"Barmonts","com":"Villejuif","pop80":109.0,"seuls_n":84.0,"p80":3.3,"seuls":77.0,"chaleur":7.0,"alea_fort":4.0,"pauv":14.0,"nbf":1.0,"f_age":0.0,"f_seuls":1.0,"f_chaleur":0.0},"geometry":{"coordinates":[[[2.36005,48.80159],[2.36158,48.79919],[2.36347,48.7972],[2.36416,48.79599],[2.36468,48.79483],[2.36641,48.79494],[2.36712,48.7953],[2.36791,48.79584],[2.36842,48.79598],[2.36749,48.79835],[2.36706,48.79881],[2.36569,48.79977],[2.36541,48.80008],[2.36456,48.80272],[2.36217,48.80205],[2.36005,48.80159]]],"type":"Polygon"}},{"type":"Feature","properties":{"code":"940380109","nom":"Jardin Parisien 1","com":"L'Haÿ-les-Roses","pop80":126.0,"seuls_n":76.0,"p80":6.7,"seuls":60.6,"chaleur":6.7,"alea_fort":2.0,"pauv":19.0,"nbf":2.0,"f_age":1.0,"f_seuls":1.0,"f_chaleur":0.0},"geometry":{"coordinates":[[[2.3457,48.77179],[2.34977,48.77115],[2.35008,48.77142],[2.35112,48.77311],[2.3536,48.77606],[2.35014,48.77798],[2.349,48.77801],[2.34837,48.77686],[2.34879,48.77661],[2.34877,48.7765],[2.34802,48.7758],[2.34729,48.77606],[2.34686,48.77542],[2.34677,48.77515],[2.34613,48.77524],[2.3457,48.77179]]],"type":"Polygon"}},{"type":"Feature","properties":{"code":"940760105","nom":"Monsivry","com":"Villejuif","pop80":348.0,"seuls_n":48.0,"p80":10.7,"seuls":54.9,"chaleur":6.4,"alea_fort":2.0,"pauv":21.0,"nbf":1.0,"f_age":1.0,"f_seuls":0.0,"f_chaleur":0.0},"geometry":{"coordinates":[[[2.35435,48.79497],[2.35568,48.79458],[2.35707,48.79444],[2.36468,48.79483],[2.36416,48.79599],[2.36347,48.7972],[2.36158,48.79919],[2.36005,48.80159],[2.35853,48.80121],[2.35778,48.80115],[2.35622,48.8006],[2.35575,48.80092],[2.35561,48.80096],[2.35543,48.80088],[2.35435,48.79497]]],"type":"Polygon"}},{"type":"Feature","properties":{"code":"940810207","nom":"Le Moulin Neuf","com":"Vitry-sur-Seine","pop80":146.0,"seuls_n":99.0,"p80":5.1,"seuls":67.4,"chaleur":5.2,"alea_fort":0.0,"pauv":21.0,"nbf":1.0,"f_age":0.0,"f_seuls":1.0,"f_chaleur":0.0},"geometry":{"coordinates":[[[2.37393,48.77996],[2.37709,48.77735],[2.3807,48.77934],[2.38354,48.78129],[2.38435,48.78169],[2.3814,48.7846],[2.38041,48.7857],[2.37945,48.78692],[2.37803,48.78636],[2.37739,48.78599],[2.38086,48.78256],[2.37897,48.78189],[2.37705,48.78132],[2.37393,48.77996]]],"type":"Polygon"}},{"type":"Feature","properties":{"code":"940190102","nom":"Centre Ville Château","com":"Chennevières-sur-Marne","pop80":77.0,"seuls_n":47.0,"p80":4.0,"seuls":60.8,"chaleur":3.8,"alea_fort":0.0,"pauv":9.0,"nbf":1.0,"f_age":0.0,"f_seuls":1.0,"f_chaleur":0.0},"geometry":{"coordinates":[[[2.51997,48.78606],[2.51811,48.78472],[2.51898,48.78418],[2.52013,48.78366],[2.51989,48.78348],[2.52239,48.78203],[2.52489,48.78393],[2.52283,48.78514],[2.52472,48.78609],[2.52563,48.78669],[2.52667,48.78757],[2.52847,48.78928],[2.52976,48.79015],[2.53087,48.79072],[2.53196,48.79049],[2.53235,48.79159],[2.5326,48.79205],[2.53256,48.7922],[2.53271,48.79227],[2.53344,48.79473],[2.53378,48.79904],[2.53183,48.79885],[2.53153,48.79875],[2.53118,48.79785],[2.53065,48.79714],[2.53045,48.79655],[2.52887,48.79526],[2.52863,48.79464],[2.52852,48.79402],[2.52824,48.79364],[2.52863,48.79357],[2.52978,48.79356],[2.52956,48.79314],[2.52901,48.79251],[2.52833,48.79216],[2.52757,48.79138],[2.52661,48.7908],[2.52647,48.79076],[2.52596,48.79082],[2.52574,48.79072],[2.52475,48.78987],[2.52435,48.78922],[2.52342,48.78803],[2.52295,48.78775],[2.52253,48.78761],[2.5214,48.78678],[2.52106,48.78669],[2.51997,48.78606]]],"type":"Polygon"}},{"type":"Feature","properties":{"code":"940670107","nom":"Notre-Dame","com":"Saint-Mandé","pop80":80.0,"seuls_n":65.0,"p80":3.4,"seuls":82.1,"chaleur":12.8,"alea_fort":65.0,"pauv":8.0,"nbf":2.0,"f_age":0.0,"f_seuls":1.0,"f_chaleur":1.0},"geometry":{"coordinates":[[[2.41405,48.83976],[2.4156,48.84005],[2.41601,48.84007],[2.4165,48.83928],[2.41528,48.83866],[2.41572,48.83811],[2.41675,48.83851],[2.41728,48.8378],[2.41782,48.83794],[2.41751,48.83892],[2.41764,48.84165],[2.41517,48.84127],[2.41485,48.84238],[2.41405,48.83976]]],"type":"Polygon"}},{"type":"Feature","properties":{"code":"940680803","nom":"Saint-Maur Créteil 3","com":"Saint-Maur-des-Fossés","pop80":135.0,"seuls_n":53.0,"p80":8.3,"seuls":39.5,"chaleur":4.3,"alea_fort":5.0,"pauv":5.0,"nbf":1.0,"f_age":1.0,"f_seuls":0.0,"f_chaleur":0.0},"geometry":{"coordinates":[[[2.46059,48.80931],[2.46282,48.8082],[2.46695,48.80526],[2.46812,48.80457],[2.469,48.80493],[2.46926,48.80493],[2.47064,48.80528],[2.47108,48.80586],[2.47124,48.80595],[2.47107,48.80974],[2.47083,48.81006],[2.46934,48.81103],[2.46865,48.81179],[2.46615,48.81059],[2.46576,48.81018],[2.4657,48.80982],[2.46532,48.80988],[2.46507,48.81019],[2.46509,48.81047],[2.46546,48.8109],[2.46547,48.81114],[2.46533,48.81135],[2.46528,48.81133],[2.46467,48.81176],[2.46059,48.80931]]],"type":"Polygon"}},{"type":"Feature","properties":{"code":"940030107","nom":"Jules Ferry 2","com":"Arcueil","pop80":80.0,"seuls_n":38.0,"p80":4.2,"seuls":48.3,"chaleur":8.7,"alea_fort":11.0,"pauv":13.0,"nbf":1.0,"f_age":0.0,"f_seuls":0.0,"f_chaleur":1.0},"geometry":{"coordinates":[[[2.32394,48.80155],[2.32518,48.80108],[2.3274,48.80043],[2.32815,48.79975],[2.32957,48.79968],[2.33149,48.79949],[2.33155,48.79965],[2.33292,48.79942],[2.33338,48.80087],[2.33167,48.80105],[2.33167,48.80132],[2.33072,48.80139],[2.32898,48.80188],[2.32879,48.80142],[2.32853,48.80012],[2.32837,48.80016],[2.329,48.80322],[2.32949,48.80424],[2.32892,48.80453],[2.3256,48.80577],[2.32394,48.80155]]],"type":"Polygon"}},{"type":"Feature","properties":{"code":"940170704","nom":"Quatre Cités 4","com":"Champigny-sur-Marne","pop80":84.0,"seuls_n":62.0,"p80":4.7,"seuls":74.3,"chaleur":7.5,"alea_fort":11.0,"pauv":37.0,"nbf":2.0,"f_age":0.0,"f_seuls":1.0,"f_chaleur":1.0},"geometry":{"coordinates":[[[2.5103,48.82355],[2.50698,48.82333],[2.50692,48.82338],[2.50656,48.82323],[2.50692,48.82222],[2.50697,48.82088],[2.5075,48.82093],[2.50855,48.81932],[2.50997,48.81786],[2.51,48.81775],[2.50965,48.81722],[2.51106,48.81674],[2.51174,48.81624],[2.51182,48.8161],[2.51214,48.81604],[2.5123,48.81612],[2.51234,48.81627],[2.51221,48.8164],[2.51198,48.81643],[2.51195,48.81653],[2.5103,48.82355]]],"type":"Polygon"}},{"type":"Feature","properties":{"code":"940800401","nom":"Centre Sud 1","com":"Vincennes","pop80":167.0,"seuls_n":113.0,"p80":7.1,"seuls":67.7,"chaleur":9.0,"alea_fort":34.0,"pauv":7.0,"nbf":3.0,"f_age":1.0,"f_seuls":1.0,"f_chaleur":1.0},"geometry":{"coordinates":[[[2.43158,48.84524],[2.43117,48.84335],[2.43197,48.84332],[2.43153,48.84123],[2.43354,48.84105],[2.43357,48.84116],[2.43367,48.8412],[2.43718,48.84089],[2.43796,48.84466],[2.43158,48.84524]]],"type":"Polygon"}},{"type":"Feature","properties":{"code":"940590102","nom":"Saint-Martin","com":"Le Plessis-Trévise","pop80":164.0,"seuls_n":100.0,"p80":4.8,"seuls":61.2,"chaleur":5.1,"alea_fort":0.0,"pauv":15.0,"nbf":1.0,"f_age":0.0,"f_seuls":1.0,"f_chaleur":0.0},"geometry":{"coordinates":[[[2.56964,48.81259],[2.5715,48.81105],[2.57216,48.81083],[2.57259,48.8105],[2.57757,48.80839],[2.5811,48.8106],[2.57815,48.81198],[2.57416,48.81298],[2.57449,48.8137],[2.57173,48.81421],[2.57119,48.81441],[2.57003,48.81497],[2.56994,48.81493],[2.57096,48.814],[2.56996,48.81347],[2.5699,48.81292],[2.56964,48.81267],[2.56964,48.81259]]],"type":"Polygon"}},{"type":"Feature","properties":{"code":"940410205","nom":"Hoche-Le Galleu","com":"Ivry-sur-Seine","pop80":31.0,"seuls_n":15.0,"p80":1.0,"seuls":48.8,"chaleur":11.5,"alea_fort":42.0,"pauv":27.0,"nbf":1.0,"f_age":0.0,"f_seuls":0.0,"f_chaleur":1.0},"geometry":{"coordinates":[[[2.37026,48.81297],[2.37314,48.80928],[2.37514,48.81009],[2.37664,48.81086],[2.37759,48.81125],[2.37928,48.81086],[2.37784,48.81203],[2.37842,48.81231],[2.37794,48.81281],[2.37988,48.81372],[2.37879,48.81445],[2.37733,48.81588],[2.37713,48.81598],[2.37463,48.81481],[2.37527,48.81416],[2.37535,48.81412],[2.3757,48.8142],[2.37617,48.81371],[2.37592,48.81361],[2.37588,48.81352],[2.37624,48.81312],[2.37613,48.81293],[2.37637,48.81265],[2.37559,48.8123],[2.37558,48.81221],[2.37545,48.81215],[2.37526,48.81227],[2.37523,48.81216],[2.37506,48.8121],[2.37502,48.81186],[2.37115,48.8127],[2.37063,48.81286],[2.37051,48.81302],[2.37026,48.81297]]],"type":"Polygon"}},{"type":"Feature","properties":{"code":"940280208","nom":"Montaigut Université","com":"Créteil","pop80":256.0,"seuls_n":174.0,"p80":8.3,"seuls":67.8,"chaleur":8.8,"alea_fort":28.0,"pauv":22.0,"nbf":3.0,"f_age":1.0,"f_seuls":1.0,"f_chaleur":1.0},"geometry":{"coordinates":[[[2.44177,48.79362],[2.44096,48.79158],[2.44052,48.78972],[2.44029,48.78796],[2.44032,48.78564],[2.44081,48.78581],[2.44081,48.78596],[2.44102,48.78597],[2.44246,48.78655],[2.44269,48.78653],[2.44342,48.78689],[2.4436,48.78686],[2.44394,48.78693],[2.44447,48.78728],[2.44549,48.7876],[2.44539,48.78771],[2.44558,48.78771],[2.44644,48.78804],[2.4455,48.78913],[2.44536,48.78939],[2.4451,48.78945],[2.44597,48.7918],[2.44235,48.79318],[2.44177,48.79362]]],"type":"Polygon"}},{"type":"Feature","properties":{"code":"940020103","nom":"Diderot Louis Blanc","com":"Alfortville","pop80":159.0,"seuls_n":48.0,"p80":5.6,"seuls":40.5,"chaleur":9.4,"alea_fort":18.0,"pauv":19.0,"nbf":2.0,"f_age":1.0,"f_seuls":0.0,"f_chaleur":1.0},"geometry":{"coordinates":[[[2.41695,48.81029],[2.4185,48.8063],[2.41989,48.80672],[2.42332,48.80856],[2.4224,48.80976],[2.42114,48.81089],[2.42105,48.81079],[2.41695,48.81029]]],"type":"Polygon"}},{"type":"Feature","properties":{"code":"940710107","nom":"Notre-Dame-Bruyères","com":"Sucy-en-Brie","pop80":167.0,"seuls_n":67.0,"p80":6.5,"seuls":40.0,"chaleur":4.0,"alea_fort":0.0,"pauv":3.0,"nbf":1.0,"f_age":1.0,"f_seuls":0.0,"f_chaleur":0.0},"geometry":{"coordinates":[[[2.53293,48.75518],[2.53724,48.75448],[2.53895,48.75539],[2.5573,48.7546],[2.55901,48.75414],[2.56017,48.75331],[2.56085,48.75307],[2.56531,48.75216],[2.5662,48.75189],[2.56845,48.75144],[2.56988,48.75123],[2.5702,48.75124],[2.57065,48.75171],[2.5709,48.75183],[2.57532,48.75227],[2.57547,48.75233],[2.57679,48.7545],[2.57702,48.755],[2.5756,48.75567],[2.57329,48.75657],[2.57199,48.75722],[2.5729,48.75814],[2.56993,48.76067],[2.57021,48.76101],[2.5707,48.76099],[2.5714,48.76083],[2.57313,48.76082],[2.57388,48.76064],[2.57626,48.75991],[2.57697,48.76097],[2.58079,48.76496],[2.57676,48.76611],[2.5773,48.76673],[2.57745,48.76772],[2.5771,48.76778],[2.57605,48.76854],[2.57492,48.76812],[2.5742,48.76804],[2.57351,48.76784],[2.56974,48.76635],[2.56805,48.76729],[2.56319,48.76356],[2.56172,48.76354],[2.56121,48.76422],[2.56082,48.76452],[2.55996,48.76575],[2.55926,48.76612],[2.55881,48.76584],[2.55758,48.76484],[2.55773,48.76453],[2.55748,48.75925],[2.55737,48.75921],[2.55618,48.75975],[2.5557,48.75991],[2.55238,48.76055],[2.55052,48.76101],[2.5491,48.76116],[2.54903,48.76111],[2.54894,48.76114],[2.54637,48.76013],[2.54589,48.75987],[2.54514,48.75964],[2.53519,48.75572],[2.53525,48.75559],[2.53518,48.75557],[2.53293,48.75518]]],"type":"Polygon"}},{"type":"Feature","properties":{"code":"940810204","nom":"La Petite Saussaie Commune de Paris 2","com":"Vitry-sur-Seine","pop80":97.0,"seuls_n":36.0,"p80":3.2,"seuls":36.8,"chaleur":10.0,"alea_fort":21.0,"pauv":35.0,"nbf":1.0,"f_age":0.0,"f_seuls":0.0,"f_chaleur":1.0},"geometry":{"coordinates":[[[2.38847,48.78505],[2.39046,48.78343],[2.39167,48.78255],[2.39219,48.7824],[2.39296,48.78237],[2.39329,48.78243],[2.39419,48.78276],[2.39187,48.78609],[2.38956,48.78545],[2.38847,48.78505]]],"type":"Polygon"}},{"type":"Feature","properties":{"code":"940410104","nom":"Fort","com":"Ivry-sur-Seine","pop80":67.0,"seuls_n":53.0,"p80":3.2,"seuls":79.4,"chaleur":4.0,"alea_fort":0.0,"pauv":27.0,"nbf":1.0,"f_age":0.0,"f_seuls":1.0,"f_chaleur":0.0},"geometry":{"coordinates":[[[2.38177,48.80452],[2.38291,48.80341],[2.38565,48.80432],[2.38661,48.80102],[2.38689,48.80037],[2.38861,48.80045],[2.38889,48.80032],[2.38913,48.80006],[2.38964,48.80016],[2.38999,48.80011],[2.39034,48.79989],[2.39075,48.7998],[2.39174,48.7993],[2.3937,48.80164],[2.39393,48.80243],[2.39375,48.80301],[2.39327,48.80375],[2.38941,48.80525],[2.38918,48.80529],[2.38888,48.80578],[2.38809,48.80639],[2.38687,48.8078],[2.38675,48.80776],[2.38694,48.80726],[2.3859,48.80665],[2.38476,48.80743],[2.38481,48.80756],[2.38337,48.80858],[2.38277,48.80806],[2.38398,48.80775],[2.38381,48.80763],[2.38333,48.8067],[2.3844,48.80563],[2.38177,48.80452]]],"type":"Polygon"}},{"type":"Feature","properties":{"code":"940030101","nom":"Joliot-Curie 1","com":"Arcueil","pop80":68.0,"seuls_n":45.0,"p80":2.2,"seuls":67.6,"chaleur":14.3,"alea_fort":65.0,"pauv":19.0,"nbf":2.0,"f_age":0.0,"f_seuls":1.0,"f_chaleur":1.0},"geometry":{"coordinates":[[[2.32653,48.81069],[2.32665,48.81021],[2.32706,48.81021],[2.33542,48.81094],[2.33528,48.81109],[2.33435,48.81131],[2.33433,48.81145],[2.33464,48.81212],[2.33389,48.81211],[2.33414,48.81265],[2.33265,48.81295],[2.33279,48.81327],[2.33215,48.8134],[2.33206,48.81322],[2.32906,48.81378],[2.32653,48.81069]]],"type":"Polygon"}},{"type":"Feature","properties":{"code":"940220112","nom":"Général-Leclerc","com":"Choisy-le-Roi","pop80":181.0,"seuls_n":83.0,"p80":10.5,"seuls":78.0,"chaleur":7.5,"alea_fort":0.0,"pauv":15.0,"nbf":3.0,"f_age":1.0,"f_seuls":1.0,"f_chaleur":1.0},"geometry":{"coordinates":[[[2.40127,48.76304],[2.40155,48.76288],[2.40317,48.76148],[2.40359,48.76018],[2.40758,48.76132],[2.4069,48.76239],[2.40671,48.76234],[2.40663,48.76243],[2.40542,48.76428],[2.40127,48.76304]]],"type":"Polygon"}},{"type":"Feature","properties":{"code":"940810111","nom":"Manouchian","com":"Vitry-sur-Seine","pop80":110.0,"seuls_n":46.0,"p80":3.9,"seuls":41.7,"chaleur":6.2,"alea_fort":12.0,"pauv":24.0,"nbf":0.0,"f_age":0.0,"f_seuls":0.0,"f_chaleur":0.0},"geometry":{"coordinates":[[[2.39594,48.79317],[2.39676,48.79114],[2.39846,48.79086],[2.39852,48.79107],[2.39881,48.79117],[2.4031,48.79206],[2.40372,48.79173],[2.40384,48.79171],[2.4037,48.79191],[2.40667,48.79282],[2.40575,48.79489],[2.40546,48.79527],[2.40115,48.79423],[2.39594,48.79317]]],"type":"Polygon"}},{"type":"Feature","properties":{"code":"940340109","nom":"Bergonie-Frères Lumière","com":"Fresnes","pop80":97.0,"seuls_n":29.0,"p80":2.6,"seuls":30.4,"chaleur":4.1,"alea_fort":1.0,"pauv":18.0,"nbf":0.0,"f_age":0.0,"f_seuls":0.0,"f_chaleur":0.0},"geometry":{"coordinates":[[[[2.32402,48.76439],[2.32471,48.76301],[2.32402,48.76217],[2.32351,48.76231],[2.32344,48.76224],[2.32061,48.76243],[2.3202,48.76066],[2.32144,48.76051],[2.32121,48.76001],[2.3244,48.75893],[2.32504,48.75943],[2.32601,48.76049],[2.32701,48.76242],[2.32691,48.76243],[2.32688,48.7625],[2.32713,48.76299],[2.32711,48.7632],[2.32678,48.76318],[2.32667,48.76323],[2.3269,48.76384],[2.32667,48.76427],[2.32643,48.76433],[2.32616,48.76447],[2.32596,48.7644],[2.32542,48.76454],[2.32556,48.76465],[2.32552,48.76482],[2.32493,48.76459],[2.32402,48.76439]]],[[[2.31675,48.7666],[2.31567,48.7668],[2.31541,48.76606],[2.3153,48.76604],[2.3151,48.7657],[2.31509,48.76551],[2.31537,48.76544],[2.31528,48.76486],[2.31479,48.76384],[2.31438,48.76209],[2.31756,48.7612],[2.31822,48.76098],[2.31836,48.76081],[2.31852,48.76093],[2.3184,48.76108],[2.31814,48.76489],[2.31887,48.7666],[2.3185,48.76663],[2.31854,48.76652],[2.3177,48.76637],[2.31772,48.76622],[2.31756,48.76609],[2.31675,48.7666]]]],"type":"MultiPolygon"}},{"type":"Feature","properties":{"code":"940810312","nom":"Port à l'Anglais","com":"Vitry-sur-Seine","pop80":137.0,"seuls_n":73.0,"p80":2.1,"seuls":52.9,"chaleur":8.5,"alea_fort":10.0,"pauv":22.0,"nbf":1.0,"f_age":0.0,"f_seuls":0.0,"f_chaleur":1.0},"geometry":{"coordinates":[[[2.40065,48.80403],[2.40225,48.80158],[2.40245,48.80147],[2.40238,48.80143],[2.40242,48.80119],[2.40215,48.80088],[2.40191,48.8008],[2.40189,48.80064],[2.40211,48.80056],[2.40243,48.79991],[2.40258,48.7998],[2.40287,48.7998],[2.40324,48.79916],[2.40365,48.79844],[2.40342,48.79844],[2.40348,48.79828],[2.40495,48.79544],[2.40494,48.79532],[2.40539,48.79533],[2.40546,48.79527],[2.40655,48.79548],[2.41268,48.79596],[2.41658,48.79633],[2.41728,48.79645],[2.41884,48.79734],[2.41559,48.79981],[2.41101,48.80374],[2.41005,48.80474],[2.40931,48.80607],[2.40892,48.80754],[2.40901,48.80852],[2.40415,48.80812],[2.40522,48.80479],[2.4052,48.80458],[2.40497,48.80428],[2.40437,48.80449],[2.40395,48.80447],[2.40227,48.8043],[2.40222,48.80404],[2.40065,48.80403]]],"type":"Polygon"}},{"type":"Feature","properties":{"code":"940330112","nom":"Bois Cadet 3","com":"Fontenay-sous-Bois","pop80":82.0,"seuls_n":27.0,"p80":4.5,"seuls":32.8,"chaleur":5.7,"alea_fort":0.0,"pauv":11.0,"nbf":0.0,"f_age":0.0,"f_seuls":0.0,"f_chaleur":0.0},"geometry":{"coordinates":[[[2.47627,48.84898],[2.47737,48.84876],[2.47822,48.8487],[2.47878,48.84872],[2.47975,48.84893],[2.48272,48.84881],[2.48324,48.84868],[2.48391,48.8482],[2.48424,48.8485],[2.48424,48.84904],[2.48386,48.84927],[2.48219,48.8498],[2.48205,48.84996],[2.48206,48.85017],[2.48265,48.85058],[2.48329,48.85088],[2.48327,48.85094],[2.48373,48.85116],[2.48558,48.85226],[2.4852,48.85242],[2.48383,48.85245],[2.48198,48.85243],[2.48182,48.85229],[2.47948,48.85232],[2.47951,48.85172],[2.47973,48.85148],[2.47973,48.85119],[2.47986,48.85104],[2.47987,48.85057],[2.48002,48.85004],[2.47995,48.84976],[2.47979,48.84985],[2.47908,48.84985],[2.47846,48.84981],[2.47822,48.8497],[2.47736,48.85013],[2.47707,48.85011],[2.47672,48.84992],[2.47687,48.84977],[2.47674,48.84971],[2.47627,48.84898]]],"type":"Polygon"}},{"type":"Feature","properties":{"code":"940590106","nom":"Gambetta","com":"Le Plessis-Trévise","pop80":151.0,"seuls_n":61.0,"p80":5.4,"seuls":40.1,"chaleur":3.0,"alea_fort":0.0,"pauv":7.0,"nbf":1.0,"f_age":1.0,"f_seuls":0.0,"f_chaleur":0.0},"geometry":{"coordinates":[[[2.58286,48.81009],[2.58272,48.809],[2.58283,48.80887],[2.5827,48.80879],[2.58281,48.80871],[2.58268,48.80862],[2.58243,48.80641],[2.58228,48.80641],[2.58222,48.80634],[2.57759,48.80601],[2.57754,48.80592],[2.58098,48.80304],[2.58161,48.80323],[2.5822,48.80228],[2.5916,48.80478],[2.59169,48.80491],[2.59191,48.80487],[2.59392,48.80536],[2.59647,48.80577],[2.59643,48.80587],[2.59483,48.80649],[2.59427,48.80666],[2.59303,48.80687],[2.59185,48.80721],[2.59164,48.80734],[2.59015,48.80879],[2.58716,48.80915],[2.58286,48.81009]]],"type":"Polygon"}},{"type":"Feature","properties":{"code":"940670103","nom":"Saint-Louis","com":"Saint-Mandé","pop80":111.0,"seuls_n":56.0,"p80":5.4,"seuls":50.4,"chaleur":13.6,"alea_fort":81.0,"pauv":9.0,"nbf":2.0,"f_age":1.0,"f_seuls":0.0,"f_chaleur":1.0},"geometry":{"coordinates":[[[2.41598,48.84669],[2.41864,48.84644],[2.4188,48.84819],[2.419,48.84939],[2.41634,48.84923],[2.41635,48.8487],[2.41598,48.84669]]],"type":"Polygon"}},{"type":"Feature","properties":{"code":"940800402","nom":"Centre Sud 2","com":"Vincennes","pop80":160.0,"seuls_n":90.0,"p80":4.1,"seuls":56.3,"chaleur":14.9,"alea_fort":96.0,"pauv":5.0,"nbf":2.0,"f_age":0.0,"f_seuls":1.0,"f_chaleur":1.0},"geometry":{"coordinates":[[[2.42758,48.84157],[2.43153,48.84123],[2.43197,48.84332],[2.43117,48.84335],[2.43158,48.84524],[2.42822,48.84554],[2.42799,48.84522],[2.42832,48.84517],[2.42758,48.84157]]],"type":"Polygon"}},{"type":"Feature","properties":{"code":"940340108","nom":"Vallée aux Renards","com":"Fresnes","pop80":102.0,"seuls_n":62.0,"p80":4.3,"seuls":61.0,"chaleur":5.4,"alea_fort":9.0,"pauv":15.0,"nbf":1.0,"f_age":0.0,"f_seuls":1.0,"f_chaleur":0.0},"geometry":{"coordinates":[[[2.32778,48.76582],[2.32686,48.76592],[2.3247,48.76651],[2.3234,48.76666],[2.32336,48.7661],[2.32385,48.76441],[2.32417,48.7644],[2.32493,48.76459],[2.32552,48.76482],[2.32556,48.76465],[2.32542,48.76454],[2.32596,48.7644],[2.32616,48.76447],[2.32643,48.76433],[2.32663,48.76431],[2.3269,48.76384],[2.32667,48.76323],[2.32678,48.76318],[2.32711,48.7632],[2.32713,48.76299],[2.32689,48.76255],[2.32691,48.76243],[2.32701,48.76242],[2.32705,48.76251],[2.32722,48.76249],[2.32848,48.7631],[2.32886,48.76354],[2.33105,48.7631],[2.33204,48.76413],[2.33257,48.76457],[2.32988,48.76526],[2.32933,48.76533],[2.32777,48.76574],[2.32778,48.76582]]],"type":"Polygon"}},{"type":"Feature","properties":{"code":"940370105","nom":"Plateau 2","com":"Gentilly","pop80":111.0,"seuls_n":46.0,"p80":4.4,"seuls":44.8,"chaleur":11.8,"alea_fort":29.0,"pauv":13.0,"nbf":1.0,"f_age":0.0,"f_seuls":0.0,"f_chaleur":1.0},"geometry":{"coordinates":[[[2.33728,48.81656],[2.33736,48.81642],[2.33713,48.81605],[2.33641,48.81432],[2.33635,48.81352],[2.33666,48.81353],[2.33682,48.81335],[2.33714,48.81326],[2.33735,48.8136],[2.33841,48.81328],[2.33829,48.81319],[2.34026,48.81242],[2.34051,48.8128],[2.34099,48.81392],[2.34121,48.81478],[2.34312,48.81408],[2.34434,48.8156],[2.34316,48.81605],[2.3418,48.81632],[2.33728,48.81656]]],"type":"Polygon"}},{"type":"Feature","properties":{"code":"940730105","nom":"La Couture du Moulin","com":"Thiais","pop80":39.0,"seuls_n":7.0,"p80":1.4,"seuls":18.2,"chaleur":6.5,"alea_fort":11.0,"pauv":27.0,"nbf":0.0,"f_age":0.0,"f_seuls":0.0,"f_chaleur":0.0},"geometry":{"coordinates":[[[2.37762,48.76757],[2.38158,48.7615],[2.38272,48.7618],[2.38327,48.76206],[2.38515,48.76267],[2.3829,48.76576],[2.38385,48.76682],[2.37762,48.76757]]],"type":"Polygon"}},{"type":"Feature","properties":{"code":"940810202","nom":"Parc des Lilas","com":"Vitry-sur-Seine","pop80":56.0,"seuls_n":21.0,"p80":4.2,"seuls":39.6,"chaleur":2.5,"alea_fort":2.0,"pauv":23.0,"nbf":0.0,"f_age":0.0,"f_seuls":0.0,"f_chaleur":0.0},"geometry":{"coordinates":[[[2.37709,48.77735],[2.37859,48.77615],[2.38135,48.77457],[2.38307,48.77301],[2.38362,48.77226],[2.38623,48.77273],[2.3881,48.77321],[2.3886,48.77189],[2.39255,48.77236],[2.39238,48.77289],[2.39235,48.77336],[2.39377,48.77367],[2.39374,48.77375],[2.39425,48.77387],[2.39602,48.7742],[2.39685,48.77439],[2.39683,48.77445],[2.3987,48.77481],[2.39652,48.7782],[2.39458,48.77732],[2.39453,48.77751],[2.39354,48.77886],[2.39318,48.77905],[2.3928,48.77913],[2.39119,48.77978],[2.39032,48.78145],[2.38981,48.78324],[2.38907,48.78311],[2.38858,48.78288],[2.38846,48.78293],[2.38815,48.78285],[2.38803,48.78273],[2.38783,48.78282],[2.3877,48.78281],[2.38744,48.78263],[2.38747,48.78252],[2.38702,48.78239],[2.38651,48.78325],[2.38587,48.78392],[2.38572,48.78398],[2.38564,48.78354],[2.38507,48.78282],[2.38549,48.78217],[2.38548,48.78202],[2.38435,48.78169],[2.3838,48.78145],[2.3807,48.77934],[2.37709,48.77735]]],"type":"Polygon"}},{"type":"Feature","properties":{"code":"940810104","nom":"Porte du Midi","com":"Vitry-sur-Seine","pop80":49.0,"seuls_n":21.0,"p80":2.3,"seuls":41.7,"chaleur":9.1,"alea_fort":7.0,"pauv":23.0,"nbf":1.0,"f_age":0.0,"f_seuls":0.0,"f_chaleur":1.0},"geometry":{"coordinates":[[[2.39419,48.78276],[2.39471,48.78199],[2.3954,48.78049],[2.39623,48.78074],[2.39715,48.7811],[2.39621,48.78226],[2.39621,48.78232],[2.39715,48.78265],[2.39646,48.78363],[2.39419,48.78276]]],"type":"Polygon"}},{"type":"Feature","properties":{"code":"940160110","nom":"Grange-Ory Lumières 1","com":"Cachan","pop80":117.0,"seuls_n":55.0,"p80":5.5,"seuls":46.8,"chaleur":9.2,"alea_fort":2.0,"pauv":13.0,"nbf":2.0,"f_age":1.0,"f_seuls":0.0,"f_chaleur":1.0},"geometry":{"coordinates":[[[2.32106,48.79414],[2.32112,48.79409],[2.32164,48.79403],[2.32282,48.79366],[2.32341,48.79365],[2.3246,48.79597],[2.32526,48.79588],[2.32593,48.7976],[2.32588,48.79768],[2.32596,48.7977],[2.326,48.79792],[2.32659,48.79865],[2.32759,48.79825],[2.32782,48.79859],[2.32805,48.79978],[2.32755,48.80034],[2.3274,48.80043],[2.32518,48.80108],[2.32394,48.80155],[2.32106,48.79414]]],"type":"Polygon"}},{"type":"Feature","properties":{"code":"940760112","nom":"Centre Ville Nord","com":"Villejuif","pop80":93.0,"seuls_n":52.0,"p80":3.1,"seuls":56.5,"chaleur":12.3,"alea_fort":61.0,"pauv":23.0,"nbf":2.0,"f_age":0.0,"f_seuls":1.0,"f_chaleur":1.0},"geometry":{"coordinates":[[[2.36022,48.79459],[2.36053,48.79325],[2.3615,48.79268],[2.36214,48.79203],[2.36491,48.7927],[2.3662,48.79288],[2.36641,48.79284],[2.36653,48.79271],[2.36641,48.79494],[2.36022,48.79459]]],"type":"Polygon"}},{"type":"Feature","properties":{"code":"940780105","nom":"Gustave Flaubert","com":"Villeneuve-Saint-Georges","pop80":23.0,"seuls_n":12.0,"p80":1.3,"seuls":49.8,"chaleur":2.5,"alea_fort":0.0,"pauv":45.0,"nbf":0.0,"f_age":0.0,"f_seuls":0.0,"f_chaleur":0.0},"geometry":{"coordinates":[[[2.46319,48.73871],[2.46424,48.73802],[2.46504,48.73783],[2.46488,48.7374],[2.4655,48.73724],[2.46451,48.73624],[2.46556,48.73548],[2.46584,48.73564],[2.46581,48.73569],[2.46713,48.73641],[2.46927,48.7371],[2.47027,48.73757],[2.4707,48.73784],[2.46848,48.73972],[2.4682,48.73956],[2.46579,48.74193],[2.46534,48.74175],[2.46496,48.74152],[2.46436,48.74093],[2.46319,48.73871]]],"type":"Polygon"}},{"type":"Feature","properties":{"code":"940220203","nom":"Gondoles Sud II","com":"Choisy-le-Roi","pop80":82.0,"seuls_n":55.0,"p80":3.4,"seuls":67.2,"chaleur":6.2,"alea_fort":4.0,"pauv":21.0,"nbf":1.0,"f_age":0.0,"f_seuls":1.0,"f_chaleur":0.0},"geometry":{"coordinates":[[[2.4122,48.76638],[2.41238,48.76609],[2.41345,48.76497],[2.41477,48.76393],[2.41658,48.76281],[2.42126,48.76421],[2.41852,48.76823],[2.41554,48.76731],[2.4122,48.76638]]],"type":"Polygon"}},{"type":"Feature","properties":{"code":"940460301","nom":"Charentonneau 1","com":"Maisons-Alfort","pop80":177.0,"seuls_n":67.0,"p80":7.9,"seuls":38.0,"chaleur":6.0,"alea_fort":5.0,"pauv":8.0,"nbf":1.0,"f_age":1.0,"f_seuls":0.0,"f_chaleur":0.0},"geometry":{"coordinates":[[[2.43113,48.81625],[2.43133,48.81609],[2.43147,48.8154],[2.43119,48.81539],[2.43123,48.81535],[2.43556,48.81552],[2.43718,48.8155],[2.43772,48.81557],[2.43742,48.81011],[2.4435,48.80997],[2.44383,48.8162],[2.44191,48.81625],[2.44088,48.81636],[2.43806,48.81686],[2.43704,48.81688],[2.43618,48.81675],[2.43484,48.81636],[2.43404,48.81622],[2.43237,48.81612],[2.43113,48.81625]]],"type":"Polygon"}},{"type":"Feature","properties":{"code":"940020101","nom":"Chinagora Berthelot","com":"Alfortville","pop80":94.0,"seuls_n":49.0,"p80":2.7,"seuls":52.4,"chaleur":11.2,"alea_fort":25.0,"pauv":19.0,"nbf":1.0,"f_age":0.0,"f_seuls":0.0,"f_chaleur":1.0},"geometry":{"coordinates":[[[2.40901,48.80852],[2.40892,48.80754],[2.40931,48.80607],[2.41052,48.80628],[2.41022,48.80688],[2.40997,48.80794],[2.41001,48.80893],[2.41015,48.80944],[2.41432,48.80995],[2.41376,48.81586],[2.41483,48.81582],[2.41614,48.81595],[2.41592,48.81625],[2.4148,48.81618],[2.41358,48.8162],[2.4107,48.8164],[2.4094,48.81656],[2.40974,48.81626],[2.40997,48.81591],[2.41019,48.81526],[2.41027,48.81454],[2.40997,48.8125],[2.40964,48.81139],[2.40901,48.80852]]],"type":"Polygon"}},{"type":"Feature","properties":{"code":"940520106","nom":"Dagobert et Marie Curie","com":"Nogent-sur-Marne","pop80":193.0,"seuls_n":120.0,"p80":5.8,"seuls":66.8,"chaleur":7.0,"alea_fort":18.0,"pauv":10.0,"nbf":2.0,"f_age":1.0,"f_seuls":1.0,"f_chaleur":0.0},"geometry":{"coordinates":[[[2.48544,48.83702],[2.48569,48.83653],[2.48677,48.83638],[2.4886,48.83586],[2.48868,48.83489],[2.48889,48.83396],[2.48933,48.83338],[2.48979,48.83344],[2.49112,48.83379],[2.49311,48.8339],[2.49333,48.83401],[2.49531,48.83437],[2.4949,48.83518],[2.49453,48.83633],[2.4943,48.83822],[2.49389,48.83819],[2.49376,48.83829],[2.49347,48.83833],[2.4916,48.83825],[2.49025,48.83833],[2.48956,48.83829],[2.48905,48.83817],[2.48828,48.83784],[2.48643,48.83721],[2.48544,48.83702]]],"type":"Polygon"}},{"type":"Feature","properties":{"code":"940160105","nom":"Coteau 2","com":"Cachan","pop80":67.0,"seuls_n":36.0,"p80":3.2,"seuls":53.7,"chaleur":3.1,"alea_fort":6.0,"pauv":11.0,"nbf":0.0,"f_age":0.0,"f_seuls":0.0,"f_chaleur":0.0},"geometry":{"coordinates":[[[2.33471,48.78417],[2.33585,48.78382],[2.3355,48.78337],[2.33784,48.78276],[2.33788,48.78286],[2.33859,48.78272],[2.33918,48.78372],[2.33914,48.78378],[2.33926,48.78386],[2.33951,48.78426],[2.34091,48.78392],[2.34133,48.78447],[2.34201,48.78599],[2.34241,48.7871],[2.34307,48.78832],[2.34329,48.78939],[2.34307,48.78946],[2.34196,48.79122],[2.34127,48.79145],[2.34012,48.7908],[2.34013,48.791],[2.34058,48.7916],[2.34068,48.79189],[2.33988,48.79221],[2.33865,48.79078],[2.33707,48.78866],[2.33694,48.78865],[2.33696,48.78846],[2.33639,48.78781],[2.33471,48.78417]]],"type":"Polygon"}},{"type":"Feature","properties":{"code":"940730106","nom":"Le Martray","com":"Thiais","pop80":166.0,"seuls_n":68.0,"p80":8.1,"seuls":49.4,"chaleur":6.5,"alea_fort":14.0,"pauv":7.0,"nbf":1.0,"f_age":1.0,"f_seuls":0.0,"f_chaleur":0.0},"geometry":{"coordinates":[[[2.38385,48.76682],[2.3829,48.76576],[2.38515,48.76267],[2.3857,48.76276],[2.38757,48.76325],[2.38961,48.76389],[2.38976,48.76372],[2.39041,48.76416],[2.3906,48.76457],[2.39188,48.76442],[2.39229,48.76466],[2.39222,48.76501],[2.39264,48.76557],[2.39212,48.76578],[2.38385,48.76682]]],"type":"Polygon"}},{"type":"Feature","properties":{"code":"940730109","nom":"Les Néfliers","com":"Thiais","pop80":106.0,"seuls_n":51.0,"p80":3.9,"seuls":48.7,"chaleur":3.6,"alea_fort":0.0,"pauv":11.0,"nbf":0.0,"f_age":0.0,"f_seuls":0.0,"f_chaleur":0.0},"geometry":{"coordinates":[[[2.39173,48.76119],[2.39289,48.75836],[2.39843,48.75994],[2.39896,48.76013],[2.39933,48.76047],[2.4014,48.76298],[2.40116,48.76309],[2.40068,48.76317],[2.40076,48.76339],[2.40051,48.76343],[2.40041,48.76384],[2.3999,48.76421],[2.39807,48.76586],[2.39654,48.76561],[2.39757,48.76274],[2.39701,48.76266],[2.39635,48.76239],[2.39505,48.76221],[2.39458,48.76257],[2.39362,48.76253],[2.39361,48.76148],[2.39173,48.76119]]],"type":"Polygon"}},{"type":"Feature","properties":{"code":"940160104","nom":"Centre Ville 2","com":"Cachan","pop80":130.0,"seuls_n":74.0,"p80":3.6,"seuls":57.5,"chaleur":7.2,"alea_fort":21.0,"pauv":11.0,"nbf":2.0,"f_age":0.0,"f_seuls":1.0,"f_chaleur":1.0},"geometry":{"coordinates":[[[2.33342,48.79055],[2.33542,48.78994],[2.33538,48.78988],[2.33688,48.78941],[2.33694,48.78865],[2.33707,48.78866],[2.33865,48.79078],[2.33988,48.79221],[2.34029,48.79374],[2.34023,48.79424],[2.33957,48.79587],[2.33838,48.79653],[2.33786,48.79666],[2.33702,48.79675],[2.33614,48.79674],[2.33566,48.79684],[2.33519,48.79585],[2.3354,48.79563],[2.33546,48.79541],[2.33517,48.7948],[2.33671,48.79424],[2.33677,48.79416],[2.3366,48.7939],[2.33639,48.79393],[2.33342,48.79055]]],"type":"Polygon"}},{"type":"Feature","properties":{"code":"940410110","nom":"Centre Ville Est","com":"Ivry-sur-Seine","pop80":105.0,"seuls_n":56.0,"p80":5.9,"seuls":53.5,"chaleur":7.7,"alea_fort":29.0,"pauv":31.0,"nbf":2.0,"f_age":1.0,"f_seuls":0.0,"f_chaleur":1.0},"geometry":{"coordinates":[[[2.38414,48.81454],[2.38501,48.81358],[2.38631,48.81244],[2.38943,48.81388],[2.39034,48.81454],[2.39056,48.81439],[2.3909,48.81396],[2.39044,48.81376],[2.39043,48.81363],[2.39178,48.81224],[2.39288,48.8128],[2.39011,48.81572],[2.3894,48.81659],[2.38414,48.81454]]],"type":"Polygon"}},{"type":"Feature","properties":{"code":"940590103","nom":"Le Centre","com":"Le Plessis-Trévise","pop80":193.0,"seuls_n":94.0,"p80":5.3,"seuls":48.8,"chaleur":4.7,"alea_fort":0.0,"pauv":12.0,"nbf":0.0,"f_age":0.0,"f_seuls":0.0,"f_chaleur":0.0},"geometry":{"coordinates":[[[2.56726,48.81208],[2.5709,48.80685],[2.57424,48.80641],[2.57466,48.80658],[2.57577,48.80727],[2.57576,48.80738],[2.57595,48.80739],[2.57757,48.80839],[2.57259,48.8105],[2.57216,48.81083],[2.5715,48.81105],[2.56964,48.81259],[2.56893,48.8125],[2.56838,48.81264],[2.56726,48.81208]]],"type":"Polygon"}},{"type":"Feature","properties":{"code":"940680107","nom":"Adamville 7","com":"Saint-Maur-des-Fossés","pop80":121.0,"seuls_n":72.0,"p80":4.0,"seuls":59.3,"chaleur":4.0,"alea_fort":2.0,"pauv":12.0,"nbf":1.0,"f_age":0.0,"f_seuls":1.0,"f_chaleur":0.0},"geometry":{"coordinates":[[[2.48971,48.79372],[2.4954,48.79386],[2.49578,48.79391],[2.49787,48.79331],[2.49947,48.79569],[2.50271,48.79784],[2.49131,48.79801],[2.49161,48.79775],[2.49072,48.79579],[2.49078,48.79569],[2.49066,48.79566],[2.48971,48.79372]]],"type":"Polygon"}},{"type":"Feature","properties":{"code":"940460111","nom":"Centre Vert de Maison 11","com":"Maisons-Alfort","pop80":114.0,"seuls_n":58.0,"p80":4.5,"seuls":50.9,"chaleur":5.7,"alea_fort":0.0,"pauv":13.0,"nbf":0.0,"f_age":0.0,"f_seuls":0.0,"f_chaleur":0.0},"geometry":{"coordinates":[[[2.43751,48.7999],[2.43923,48.79754],[2.43921,48.79727],[2.43984,48.79529],[2.44239,48.79591],[2.44397,48.79809],[2.44544,48.79971],[2.44296,48.79973],[2.4413,48.79967],[2.4384,48.79971],[2.43751,48.7999]]],"type":"Polygon"}},{"type":"Feature","properties":{"code":"940730101","nom":"Les Savats","com":"Thiais","pop80":104.0,"seuls_n":37.0,"p80":3.5,"seuls":36.0,"chaleur":3.9,"alea_fort":0.0,"pauv":15.0,"nbf":0.0,"f_age":0.0,"f_seuls":0.0,"f_chaleur":0.0},"geometry":{"coordinates":[[[2.3922,48.76486],[2.40387,48.76691],[2.39918,48.77412],[2.39907,48.77402],[2.399,48.77365],[2.39877,48.77364],[2.39224,48.76505],[2.3922,48.76486]]],"type":"Polygon"}},{"type":"Feature","properties":{"code":"940520111","nom":"Les Hauts de Nogent","com":"Nogent-sur-Marne","pop80":97.0,"seuls_n":44.0,"p80":3.5,"seuls":45.7,"chaleur":5.0,"alea_fort":2.0,"pauv":7.0,"nbf":0.0,"f_age":0.0,"f_seuls":0.0,"f_chaleur":0.0},"geometry":{"coordinates":[[[2.47424,48.84047],[2.47644,48.83848],[2.47804,48.83808],[2.477,48.83737],[2.47848,48.83695],[2.47876,48.83743],[2.47969,48.83823],[2.4821,48.83998],[2.48108,48.84095],[2.4807,48.84111],[2.48033,48.84143],[2.4815,48.84224],[2.47987,48.84191],[2.47924,48.8435],[2.47758,48.8429],[2.4768,48.84275],[2.47675,48.84248],[2.47633,48.84195],[2.47602,48.84118],[2.47424,48.84047]]],"type":"Polygon"}},{"type":"Feature","properties":{"code":"940550105","nom":"Ouest","com":"Ormesson-sur-Marne","pop80":115.0,"seuls_n":38.0,"p80":5.0,"seuls":33.3,"chaleur":3.1,"alea_fort":0.0,"pauv":5.0,"nbf":0.0,"f_age":0.0,"f_seuls":0.0,"f_chaleur":0.0},"geometry":{"coordinates":[[[2.51225,48.78092],[2.52862,48.78081],[2.5289,48.78087],[2.53294,48.78259],[2.53055,48.78679],[2.52875,48.78595],[2.52574,48.78357],[2.52558,48.78354],[2.52548,48.78359],[2.52489,48.78393],[2.52239,48.78203],[2.51989,48.78348],[2.52013,48.78366],[2.51898,48.78418],[2.51811,48.78472],[2.51863,48.78508],[2.51793,48.78546],[2.51638,48.78427],[2.51541,48.78382],[2.51508,48.78324],[2.51258,48.7813],[2.51225,48.78092]]],"type":"Polygon"}},{"type":"Feature","properties":{"code":"940580109","nom":"Les Siams","com":"Le Perreux-sur-Marne","pop80":104.0,"seuls_n":48.0,"p80":4.3,"seuls":46.4,"chaleur":3.7,"alea_fort":0.0,"pauv":8.0,"nbf":0.0,"f_age":0.0,"f_seuls":0.0,"f_chaleur":0.0},"geometry":{"coordinates":[[[2.49601,48.84928],[2.49619,48.84906],[2.49842,48.84728],[2.50148,48.8482],[2.50312,48.84902],[2.50861,48.84855],[2.50886,48.84931],[2.50913,48.84979],[2.51113,48.85161],[2.51168,48.85223],[2.51177,48.85244],[2.51197,48.85253],[2.51124,48.85242],[2.49601,48.84928]]],"type":"Polygon"}},{"type":"Feature","properties":{"code":"940330108","nom":"Les Larris 3","com":"Fontenay-sous-Bois","pop80":111.0,"seuls_n":48.0,"p80":4.8,"seuls":43.3,"chaleur":5.6,"alea_fort":22.0,"pauv":27.0,"nbf":0.0,"f_age":0.0,"f_seuls":0.0,"f_chaleur":0.0},"geometry":{"coordinates":[[[2.47575,48.85338],[2.47693,48.85298],[2.47789,48.85274],[2.47909,48.85259],[2.48065,48.85255],[2.48161,48.85245],[2.48153,48.8526],[2.4816,48.85273],[2.48178,48.85276],[2.48197,48.85273],[2.48188,48.85306],[2.48194,48.85494],[2.48216,48.85529],[2.48214,48.85541],[2.48195,48.8555],[2.48146,48.85546],[2.48036,48.85554],[2.48006,48.85581],[2.47975,48.85583],[2.47974,48.85538],[2.47953,48.85497],[2.47953,48.85458],[2.47922,48.85461],[2.47916,48.85486],[2.47814,48.85491],[2.47813,48.85509],[2.47805,48.85512],[2.47664,48.85515],[2.47644,48.85509],[2.47632,48.85497],[2.47629,48.85415],[2.47592,48.85416],[2.47591,48.85359],[2.47575,48.85338]]],"type":"Polygon"}},{"type":"Feature","properties":{"code":"940410102","nom":"Monmousseau","com":"Ivry-sur-Seine","pop80":143.0,"seuls_n":77.0,"p80":5.5,"seuls":54.3,"chaleur":5.8,"alea_fort":0.0,"pauv":29.0,"nbf":1.0,"f_age":1.0,"f_seuls":0.0,"f_chaleur":0.0},"geometry":{"coordinates":[[[2.3772,48.80412],[2.37929,48.80145],[2.38127,48.80246],[2.38212,48.80302],[2.38291,48.80341],[2.38066,48.80554],[2.3797,48.8051],[2.3792,48.80506],[2.37855,48.80473],[2.3779,48.8045],[2.3772,48.80412]]],"type":"Polygon"}},{"type":"Feature","properties":{"code":"940180101","nom":"Centre Ville","com":"Charenton-le-Pont","pop80":205.0,"seuls_n":85.0,"p80":5.0,"seuls":59.0,"chaleur":11.0,"alea_fort":20.0,"pauv":8.0,"nbf":2.0,"f_age":0.0,"f_seuls":1.0,"f_chaleur":1.0},"geometry":{"coordinates":[[[2.4125,48.82075],[2.41376,48.81985],[2.41371,48.81981],[2.41379,48.81969],[2.41516,48.81812],[2.41501,48.81801],[2.41467,48.81805],[2.41592,48.81625],[2.41815,48.81667],[2.41976,48.81687],[2.41964,48.81854],[2.41979,48.82131],[2.41454,48.82098],[2.41334,48.82176],[2.4125,48.82075]]],"type":"Polygon"}},{"type":"Feature","properties":{"code":"940810310","nom":"Marché","com":"Vitry-sur-Seine","pop80":101.0,"seuls_n":50.0,"p80":4.6,"seuls":49.5,"chaleur":7.7,"alea_fort":28.0,"pauv":33.0,"nbf":1.0,"f_age":0.0,"f_seuls":0.0,"f_chaleur":1.0},"geometry":{"coordinates":[[[2.39352,48.79585],[2.39035,48.79534],[2.39035,48.79526],[2.39064,48.79434],[2.3913,48.79277],[2.39147,48.79272],[2.39277,48.7928],[2.39331,48.79206],[2.39347,48.7921],[2.39409,48.79141],[2.39443,48.79142],[2.39451,48.79136],[2.39475,48.79159],[2.39557,48.79309],[2.39352,48.79585]]],"type":"Polygon"}},{"type":"Feature","properties":{"code":"940430106","nom":"Les Closeaux-Les Martinets","com":"Le Kremlin-Bicêtre","pop80":68.0,"seuls_n":26.0,"p80":3.3,"seuls":38.6,"chaleur":6.0,"alea_fort":4.0,"pauv":27.0,"nbf":0.0,"f_age":0.0,"f_seuls":0.0,"f_chaleur":0.0},"geometry":{"coordinates":[[[2.34503,48.80543],[2.34435,48.80452],[2.34407,48.80394],[2.34387,48.80325],[2.34637,48.80232],[2.34619,48.80213],[2.34753,48.80172],[2.34748,48.80163],[2.34781,48.80153],[2.34851,48.80108],[2.34933,48.80129],[2.35109,48.80198],[2.35025,48.8027],[2.34875,48.80359],[2.35069,48.80541],[2.34972,48.80609],[2.34835,48.80559],[2.34628,48.80667],[2.34625,48.80679],[2.34503,48.80543]]],"type":"Polygon"}},{"type":"Feature","properties":{"code":"940650105","nom":"Le Sud","com":"Rungis"},"geometry":{"coordinates":[[[2.33696,48.7459],[2.33631,48.74405],[2.33642,48.74384],[2.33779,48.74314],[2.33706,48.74219],[2.3379,48.74171],[2.33885,48.7415],[2.33892,48.7416],[2.34199,48.74034],[2.34258,48.7403],[2.34451,48.74069],[2.34552,48.74166],[2.34757,48.74117],[2.34783,48.7415],[2.34827,48.7424],[2.34926,48.7432],[2.34952,48.74354],[2.34984,48.74463],[2.34881,48.74518],[2.34856,48.7454],[2.34838,48.74538],[2.34794,48.7456],[2.34761,48.74588],[2.34768,48.74613],[2.34695,48.74654],[2.34575,48.74707],[2.34494,48.74666],[2.34477,48.74665],[2.34428,48.74689],[2.3428,48.74777],[2.34244,48.74795],[2.34224,48.74794],[2.3422,48.74808],[2.34178,48.74847],[2.34102,48.74904],[2.33922,48.75012],[2.33869,48.75032],[2.33826,48.74941],[2.33715,48.74797],[2.33696,48.7459]]],"type":"Polygon"}},{"type":"Feature","properties":{"code":"940410109","nom":"Parmentier Sud","com":"Ivry-sur-Seine","pop80":247.0,"seuls_n":9.0,"p80":13.9,"seuls":null,"chaleur":4.8,"alea_fort":0.0,"pauv":null,"nbf":null,"f_age":null,"f_seuls":null,"f_chaleur":null},"geometry":{"coordinates":[[[2.38883,48.80584],[2.38918,48.80529],[2.38941,48.80525],[2.39336,48.8037],[2.39341,48.80348],[2.39367,48.80316],[2.39388,48.80272],[2.3939,48.80219],[2.39358,48.80146],[2.39271,48.80044],[2.39311,48.80037],[2.39349,48.80057],[2.3936,48.80057],[2.39428,48.80003],[2.39462,48.79992],[2.39631,48.80133],[2.39711,48.80229],[2.39743,48.80242],[2.39829,48.80172],[2.39843,48.80181],[2.39947,48.80373],[2.39958,48.80423],[2.3997,48.80432],[2.40014,48.80446],[2.39942,48.8055],[2.39806,48.80715],[2.39489,48.81068],[2.39267,48.80939],[2.39387,48.8083],[2.39377,48.80821],[2.39173,48.80742],[2.39169,48.80723],[2.39149,48.80714],[2.3915,48.80671],[2.39072,48.80625],[2.3913,48.80584],[2.39148,48.80542],[2.38913,48.80587],[2.38883,48.80584]]],"type":"Polygon"}},{"type":"Feature","properties":{"code":"940420102","nom":"Jaurès","com":"Joinville-le-Pont","pop80":198.0,"seuls_n":83.0,"p80":10.2,"seuls":61.2,"chaleur":8.6,"alea_fort":4.0,"pauv":9.0,"nbf":3.0,"f_age":1.0,"f_seuls":1.0,"f_chaleur":1.0},"geometry":{"coordinates":[[[2.46573,48.82623],[2.46532,48.82498],[2.46519,48.82496],[2.4653,48.82471],[2.46504,48.82408],[2.46287,48.82018],[2.4627,48.81937],[2.46253,48.81925],[2.4627,48.81906],[2.46287,48.81908],[2.46436,48.8197],[2.46455,48.81973],[2.4655,48.81886],[2.46752,48.81956],[2.4672,48.82],[2.46729,48.82001],[2.46722,48.82012],[2.46732,48.82016],[2.46728,48.82091],[2.46665,48.82285],[2.46661,48.82346],[2.46677,48.82404],[2.46737,48.82527],[2.46747,48.82603],[2.46759,48.82631],[2.4684,48.82737],[2.47087,48.82929],[2.46948,48.83007],[2.46781,48.82849],[2.4669,48.82718],[2.46669,48.82614],[2.46573,48.82623]]],"type":"Polygon"}},{"type":"Feature","properties":{"code":"940410202","nom":"Petit Ivry Nord","com":"Ivry-sur-Seine","pop80":85.0,"seuls_n":47.0,"p80":3.4,"seuls":55.0,"chaleur":10.7,"alea_fort":9.0,"pauv":24.0,"nbf":1.0,"f_age":0.0,"f_seuls":0.0,"f_chaleur":1.0},"geometry":{"coordinates":[[[2.36693,48.81725],[2.36819,48.81573],[2.36838,48.81585],[2.37482,48.81829],[2.375,48.81827],[2.37554,48.81769],[2.37671,48.81809],[2.3767,48.81817],[2.37576,48.82006],[2.36693,48.81725]]],"type":"Polygon"}},{"type":"Feature","properties":{"code":"940680801","nom":"Saint-Maur Créteil 1","com":"Saint-Maur-des-Fossés","pop80":59.0,"seuls_n":34.0,"p80":3.0,"seuls":57.2,"chaleur":9.6,"alea_fort":13.0,"pauv":35.0,"nbf":2.0,"f_age":0.0,"f_seuls":1.0,"f_chaleur":1.0},"geometry":{"coordinates":[[[2.46812,48.80457],[2.46849,48.80384],[2.46894,48.80206],[2.4701,48.79957],[2.47048,48.80025],[2.47074,48.79971],[2.47113,48.79932],[2.47123,48.7991],[2.47247,48.79927],[2.47206,48.79943],[2.47166,48.79994],[2.47166,48.80017],[2.47224,48.80116],[2.47228,48.80135],[2.47176,48.80322],[2.47136,48.80641],[2.4712,48.80653],[2.47124,48.80595],[2.47108,48.80586],[2.47064,48.80528],[2.46926,48.80493],[2.469,48.80493],[2.46812,48.80457]]],"type":"Polygon"}},{"type":"Feature","properties":{"code":"940580107","nom":"La Prairie des Presles","com":"Le Perreux-sur-Marne","pop80":288.0,"seuls_n":97.0,"p80":7.0,"seuls":45.2,"chaleur":5.2,"alea_fort":6.0,"pauv":9.0,"nbf":1.0,"f_age":1.0,"f_seuls":0.0,"f_chaleur":0.0},"geometry":{"coordinates":[[[2.5034,48.84327],[2.50387,48.84289],[2.50409,48.84294],[2.5094,48.8425],[2.51127,48.8429],[2.51147,48.84232],[2.51205,48.84251],[2.51146,48.84431],[2.5113,48.84515],[2.51127,48.84599],[2.51138,48.8469],[2.5117,48.84793],[2.51211,48.84866],[2.51268,48.84932],[2.51351,48.85006],[2.51311,48.85033],[2.51336,48.85067],[2.51338,48.85094],[2.51349,48.85114],[2.51346,48.85131],[2.51197,48.85253],[2.51177,48.85244],[2.51168,48.85223],[2.51113,48.85161],[2.50941,48.85009],[2.50898,48.84957],[2.50855,48.84836],[2.50846,48.84758],[2.50822,48.84717],[2.50714,48.84617],[2.5034,48.84327]]],"type":"Polygon"}},{"type":"Feature","properties":{"code":"940110107","nom":"République","com":"Bonneuil-sur-Marne","pop80":124.0,"seuls_n":61.0,"p80":5.0,"seuls":48.8,"chaleur":6.5,"alea_fort":10.0,"pauv":25.0,"nbf":0.0,"f_age":0.0,"f_seuls":0.0,"f_chaleur":0.0},"geometry":{"coordinates":[[[2.4748,48.76935],[2.47737,48.76612],[2.47601,48.76572],[2.47675,48.76555],[2.47969,48.76509],[2.4799,48.76501],[2.48055,48.76493],[2.4807,48.76486],[2.48074,48.7654],[2.48049,48.76603],[2.47988,48.76675],[2.47921,48.76741],[2.47908,48.7674],[2.47875,48.76779],[2.47889,48.76779],[2.4789,48.76789],[2.48121,48.76891],[2.48086,48.76925],[2.47952,48.76867],[2.47924,48.76889],[2.47815,48.76839],[2.47797,48.7685],[2.47798,48.76858],[2.47617,48.77028],[2.4748,48.76935]]],"type":"Polygon"}},{"type":"Feature","properties":{"code":"940370108","nom":"Reine Blanche 2","com":"Gentilly","pop80":72.0,"seuls_n":41.0,"p80":2.9,"seuls":65.3,"chaleur":8.5,"alea_fort":22.0,"pauv":17.0,"nbf":2.0,"f_age":0.0,"f_seuls":1.0,"f_chaleur":1.0},"geometry":{"coordinates":[[[2.33906,48.81087],[2.33911,48.81078],[2.34068,48.81012],[2.34198,48.80977],[2.3423,48.80961],[2.34224,48.80927],[2.34197,48.80863],[2.34225,48.80857],[2.34308,48.80965],[2.34481,48.81076],[2.3452,48.81048],[2.34555,48.81036],[2.34684,48.80931],[2.34737,48.80965],[2.34823,48.81006],[2.34895,48.80957],[2.34975,48.81051],[2.35028,48.81101],[2.35069,48.81135],[2.35128,48.81168],[2.35119,48.81168],[2.35093,48.81188],[2.35033,48.81216],[2.34978,48.81222],[2.34764,48.81364],[2.34727,48.81337],[2.34695,48.81296],[2.3465,48.81305],[2.34518,48.81285],[2.34487,48.81286],[2.3447,48.8128],[2.34457,48.8129],[2.34129,48.81144],[2.33997,48.81104],[2.33906,48.81087]]],"type":"Polygon"}},{"type":"Feature","properties":{"code":"940440103","nom":"Saint-Martin","com":"Limeil-Brévannes","pop80":49.0,"seuls_n":26.0,"p80":2.3,"seuls":52.1,"chaleur":2.2,"alea_fort":0.0,"pauv":35.0,"nbf":0.0,"f_age":0.0,"f_seuls":0.0,"f_chaleur":0.0},"geometry":{"coordinates":[[[2.47348,48.7469],[2.4734,48.74516],[2.4735,48.74451],[2.47384,48.74433],[2.47384,48.74406],[2.47467,48.74409],[2.47615,48.74471],[2.47655,48.74506],[2.4779,48.74592],[2.4783,48.74604],[2.47804,48.7474],[2.4783,48.74794],[2.47909,48.74902],[2.47942,48.74928],[2.47976,48.74941],[2.47985,48.74961],[2.4734,48.74896],[2.47357,48.74882],[2.47363,48.74841],[2.4736,48.74743],[2.47348,48.7469]]],"type":"Polygon"}},{"type":"Feature","properties":{"code":"940580101","nom":"L'Île d'Amour","com":"Le Perreux-sur-Marne","pop80":126.0,"seuls_n":53.0,"p80":5.4,"seuls":41.9,"chaleur":4.9,"alea_fort":0.0,"pauv":9.0,"nbf":1.0,"f_age":1.0,"f_seuls":0.0,"f_chaleur":0.0},"geometry":{"coordinates":[[[2.50633,48.83477],[2.50603,48.83254],[2.5038,48.83262],[2.50355,48.83129],[2.50525,48.83063],[2.50662,48.83047],[2.50693,48.83047],[2.50749,48.83057],[2.50848,48.83047],[2.50953,48.83004],[2.51064,48.82975],[2.51148,48.82981],[2.51276,48.83015],[2.51409,48.8307],[2.51541,48.83151],[2.5159,48.8319],[2.51616,48.83225],[2.51653,48.83286],[2.51658,48.83336],[2.51677,48.83342],[2.51705,48.83415],[2.50633,48.83477]]],"type":"Polygon"}},{"type":"Feature","properties":{"code":"940520110","nom":"Place Leclerc","com":"Nogent-sur-Marne","pop80":181.0,"seuls_n":82.0,"p80":6.8,"seuls":45.3,"chaleur":7.9,"alea_fort":12.0,"pauv":5.0,"nbf":2.0,"f_age":1.0,"f_seuls":0.0,"f_chaleur":1.0},"geometry":{"coordinates":[[[2.47258,48.84063],[2.47364,48.83646],[2.47356,48.83633],[2.47292,48.83607],[2.47332,48.83561],[2.47309,48.83549],[2.47365,48.83535],[2.47402,48.83537],[2.47829,48.83641],[2.47848,48.83695],[2.477,48.83737],[2.47804,48.83808],[2.47644,48.83848],[2.47424,48.84047],[2.47316,48.84006],[2.47258,48.84063]]],"type":"Polygon"}},{"type":"Feature","properties":{"code":"940760103","nom":"Esselières","com":"Villejuif","pop80":66.0,"seuls_n":28.0,"p80":2.2,"seuls":41.8,"chaleur":5.3,"alea_fort":2.0,"pauv":21.0,"nbf":0.0,"f_age":0.0,"f_seuls":0.0,"f_chaleur":0.0},"geometry":{"coordinates":[[[2.34781,48.80153],[2.34606,48.79963],[2.34773,48.79902],[2.3474,48.79885],[2.34766,48.79866],[2.34703,48.79828],[2.34674,48.79821],[2.34696,48.79821],[2.34762,48.79791],[2.34948,48.79874],[2.34984,48.79896],[2.34912,48.79967],[2.34921,48.79975],[2.34967,48.79977],[2.35066,48.79958],[2.35227,48.79906],[2.35302,48.79846],[2.3533,48.7983],[2.35491,48.79817],[2.355,48.79831],[2.35543,48.80088],[2.35561,48.80096],[2.35553,48.80108],[2.35579,48.8015],[2.35654,48.80226],[2.3579,48.80297],[2.35824,48.80321],[2.35676,48.80346],[2.35638,48.80304],[2.35547,48.80318],[2.35408,48.80239],[2.353,48.80318],[2.3508,48.80227],[2.35109,48.80198],[2.34933,48.80129],[2.34851,48.80108],[2.34781,48.80153]]],"type":"Polygon"}},{"type":"Feature","properties":{"code":"940220107","nom":"Hautes Bornes Navigateurs I","com":"Choisy-le-Roi","pop80":98.0,"seuls_n":52.0,"p80":2.7,"seuls":52.9,"chaleur":6.9,"alea_fort":6.0,"pauv":27.0,"nbf":0.0,"f_age":0.0,"f_seuls":0.0,"f_chaleur":0.0},"geometry":{"coordinates":[[[2.40533,48.75377],[2.40606,48.75108],[2.41105,48.75208],[2.41331,48.75247],[2.41376,48.75167],[2.41659,48.75248],[2.41509,48.75481],[2.41218,48.75401],[2.41159,48.7549],[2.41065,48.75466],[2.40533,48.75377]]],"type":"Polygon"}},{"type":"Feature","properties":{"code":"940380105","nom":"Petit Robinson 2","com":"L'Haÿ-les-Roses","pop80":217.0,"seuls_n":99.0,"p80":8.9,"seuls":45.6,"chaleur":3.3,"alea_fort":1.0,"pauv":6.0,"nbf":1.0,"f_age":1.0,"f_seuls":0.0,"f_chaleur":0.0},"geometry":{"coordinates":[[[2.32581,48.78191],[2.32484,48.77993],[2.32791,48.77943],[2.328,48.77934],[2.32813,48.7794],[2.32947,48.77917],[2.33121,48.77911],[2.33156,48.77915],[2.33275,48.77905],[2.33398,48.77874],[2.33414,48.77879],[2.33443,48.77921],[2.33544,48.77909],[2.33515,48.7798],[2.33515,48.78057],[2.33494,48.78084],[2.33454,48.78111],[2.33421,48.78145],[2.33399,48.78191],[2.33398,48.78344],[2.33366,48.78437],[2.33204,48.78438],[2.32943,48.7845],[2.32928,48.78439],[2.32838,48.78444],[2.32764,48.78205],[2.32671,48.78203],[2.32645,48.78122],[2.32581,48.78191]]],"type":"Polygon"}},{"type":"Feature","properties":{"code":"940480101","nom":"Bois de Notre-Dame","com":"Marolles-en-Brie"},"geometry":{"coordinates":[[[2.54372,48.74904],[2.55655,48.74632],[2.55685,48.74631],[2.55688,48.74644],[2.55697,48.74648],[2.55711,48.74644],[2.55735,48.74648],[2.56819,48.74039],[2.5729,48.74387],[2.57315,48.74513],[2.57317,48.74702],[2.57341,48.74784],[2.56864,48.74842],[2.56981,48.75036],[2.57009,48.75068],[2.5702,48.75124],[2.56953,48.75127],[2.56845,48.75144],[2.56594,48.75194],[2.56531,48.75216],[2.56085,48.75307],[2.56017,48.75331],[2.55901,48.75414],[2.5573,48.7546],[2.55727,48.75376],[2.55497,48.75367],[2.55117,48.75],[2.54913,48.75202],[2.54645,48.75196],[2.54372,48.74904]]],"type":"Polygon"}},{"type":"Feature","properties":{"code":"940480102","nom":"Vieux Village-Murs du Parc","com":"Marolles-en-Brie","pop80":57.0,"seuls_n":15.0,"p80":2.5,"seuls":26.9,"chaleur":3.4,"alea_fort":0.0,"pauv":5.0,"nbf":0.0,"f_age":0.0,"f_seuls":0.0,"f_chaleur":0.0},"geometry":{"coordinates":[[[2.54372,48.74904],[2.54347,48.74877],[2.55263,48.74682],[2.5446,48.73636],[2.53442,48.72951],[2.53768,48.72744],[2.53706,48.72743],[2.53686,48.72629],[2.53884,48.72613],[2.54352,48.72532],[2.54427,48.72524],[2.54427,48.72545],[2.54888,48.7254],[2.54922,48.7258],[2.55344,48.72233],[2.55481,48.72635],[2.55535,48.72606],[2.55631,48.73117],[2.55678,48.73312],[2.55798,48.73542],[2.5558,48.73583],[2.55446,48.73596],[2.55432,48.73605],[2.5546,48.73697],[2.55457,48.73714],[2.55441,48.73731],[2.55456,48.73743],[2.55497,48.73913],[2.55441,48.73904],[2.55391,48.73902],[2.55386,48.73906],[2.55366,48.74078],[2.55377,48.74151],[2.55393,48.74186],[2.55425,48.74226],[2.55492,48.74265],[2.55602,48.74293],[2.55613,48.7431],[2.55644,48.74314],[2.55701,48.74407],[2.55715,48.74447],[2.55691,48.74516],[2.55698,48.74621],[2.5569,48.74634],[2.55677,48.74629],[2.5565,48.74633],[2.54372,48.74904]]],"type":"Polygon"}},{"type":"Feature","properties":{"code":"940180106","nom":"Bordeaux Victor Hugo","com":"Charenton-le-Pont","pop80":141.0,"seuls_n":76.0,"p80":7.2,"seuls":53.6,"chaleur":13.8,"alea_fort":77.0,"pauv":11.0,"nbf":2.0,"f_age":1.0,"f_seuls":0.0,"f_chaleur":1.0},"geometry":{"coordinates":[[[2.40816,48.82035],[2.40929,48.82016],[2.41144,48.81943],[2.41126,48.8192],[2.41288,48.81861],[2.41258,48.81829],[2.41501,48.81801],[2.41516,48.81812],[2.41379,48.81969],[2.41371,48.81981],[2.41376,48.81985],[2.41345,48.82009],[2.4125,48.82075],[2.41216,48.82036],[2.41079,48.82139],[2.40983,48.82169],[2.40862,48.82105],[2.40816,48.82035]]],"type":"Polygon"}},{"type":"Feature","properties":{"code":"940800301","nom":"Est 1","com":"Vincennes","pop80":246.0,"seuls_n":163.0,"p80":9.7,"seuls":66.2,"chaleur":8.5,"alea_fort":26.0,"pauv":6.0,"nbf":3.0,"f_age":1.0,"f_seuls":1.0,"f_chaleur":1.0},"geometry":{"coordinates":[[[2.44017,48.84794],[2.43979,48.84607],[2.44183,48.84592],[2.44665,48.8458],[2.4465,48.84497],[2.44785,48.84486],[2.44794,48.84571],[2.44783,48.84572],[2.4479,48.84608],[2.44785,48.84612],[2.44795,48.84679],[2.4483,48.84676],[2.44827,48.84693],[2.44595,48.84791],[2.44425,48.84924],[2.44337,48.84913],[2.44286,48.84888],[2.44286,48.84782],[2.44153,48.84783],[2.44017,48.84794]]],"type":"Polygon"}},{"type":"Feature","properties":{"code":"940580105","nom":"Iris 0105","com":"Le Perreux-sur-Marne","pop80":114.0,"seuls_n":72.0,"p80":4.3,"seuls":62.8,"chaleur":4.7,"alea_fort":4.0,"pauv":8.0,"nbf":1.0,"f_age":0.0,"f_seuls":1.0,"f_chaleur":0.0},"geometry":{"coordinates":[[[2.49481,48.83811],[2.49494,48.83776],[2.4955,48.83733],[2.5068,48.83722],[2.50537,48.84031],[2.50347,48.84284],[2.50378,48.84295],[2.5034,48.84327],[2.50235,48.84249],[2.49938,48.84153],[2.49887,48.84144],[2.49808,48.84103],[2.49528,48.83865],[2.49495,48.83835],[2.49481,48.83811]]],"type":"Polygon"}},{"type":"Feature","properties":{"code":"940810103","nom":"Balzac","com":"Vitry-sur-Seine","pop80":84.0,"seuls_n":39.0,"p80":2.4,"seuls":46.1,"chaleur":7.4,"alea_fort":17.0,"pauv":31.0,"nbf":1.0,"f_age":0.0,"f_seuls":0.0,"f_chaleur":1.0},"geometry":{"coordinates":[[[2.40304,48.7811],[2.39964,48.7796],[2.40078,48.77822],[2.40093,48.77753],[2.40126,48.77684],[2.40555,48.77764],[2.40304,48.7811]]],"type":"Polygon"}},{"type":"Feature","properties":{"code":"940760108","nom":"Lion d'Or","com":"Villejuif","pop80":114.0,"seuls_n":69.0,"p80":5.0,"seuls":60.2,"chaleur":2.9,"alea_fort":0.0,"pauv":17.0,"nbf":1.0,"f_age":0.0,"f_seuls":1.0,"f_chaleur":0.0},"geometry":{"coordinates":[[[2.36519,48.80069],[2.36536,48.80016],[2.36559,48.79986],[2.36706,48.79881],[2.36761,48.79815],[2.36897,48.79447],[2.36949,48.79197],[2.3695,48.79116],[2.37012,48.79107],[2.37152,48.79066],[2.37421,48.79003],[2.37479,48.79013],[2.37369,48.79136],[2.37384,48.79154],[2.37253,48.79289],[2.37212,48.79354],[2.37191,48.79416],[2.37081,48.79591],[2.37029,48.79654],[2.37197,48.79716],[2.36982,48.79918],[2.37093,48.79973],[2.36933,48.80135],[2.36955,48.80145],[2.36911,48.80174],[2.36878,48.80147],[2.36865,48.80123],[2.36777,48.8009],[2.36652,48.80058],[2.36605,48.80092],[2.36519,48.80069]]],"type":"Polygon"}},{"type":"Feature","properties":{"code":"940210102","nom":"Larue 1","com":"Chevilly-Larue","pop80":109.0,"seuls_n":49.0,"p80":5.9,"seuls":45.1,"chaleur":5.2,"alea_fort":8.0,"pauv":11.0,"nbf":1.0,"f_age":1.0,"f_seuls":0.0,"f_chaleur":0.0},"geometry":{"coordinates":[[[2.3327,48.76466],[2.33341,48.76439],[2.33364,48.76468],[2.33821,48.76307],[2.33663,48.76181],[2.33617,48.76153],[2.33525,48.76112],[2.33703,48.76003],[2.33786,48.75973],[2.34027,48.76193],[2.33942,48.76289],[2.33913,48.76379],[2.34011,48.76436],[2.34277,48.76622],[2.34345,48.7669],[2.34406,48.76792],[2.34428,48.76818],[2.34175,48.76856],[2.34176,48.76863],[2.33999,48.76905],[2.33985,48.76913],[2.3398,48.76904],[2.33761,48.76958],[2.33851,48.77117],[2.3408,48.77064],[2.34089,48.77073],[2.34128,48.77064],[2.34229,48.77239],[2.34272,48.77231],[2.34277,48.77226],[2.34345,48.77348],[2.33885,48.7744],[2.33821,48.77407],[2.33788,48.77339],[2.33729,48.77351],[2.33719,48.7733],[2.33588,48.77354],[2.33377,48.77078],[2.3346,48.77052],[2.33468,48.77066],[2.33588,48.77021],[2.33518,48.769],[2.33358,48.76569],[2.33303,48.76493],[2.3327,48.76466]]],"type":"Polygon"}},{"type":"Feature","properties":{"code":"940770105","nom":"Faisanderie Haut","com":"Villeneuve-le-Roi","pop80":123.0,"seuls_n":47.0,"p80":5.8,"seuls":38.3,"chaleur":2.9,"alea_fort":0.0,"pauv":15.0,"nbf":1.0,"f_age":1.0,"f_seuls":0.0,"f_chaleur":0.0},"geometry":{"coordinates":[[[2.41253,48.73778],[2.41263,48.73677],[2.41253,48.73667],[2.41265,48.73656],[2.41284,48.73463],[2.41269,48.73452],[2.41273,48.73443],[2.41286,48.7344],[2.41305,48.73241],[2.41297,48.73227],[2.41306,48.7322],[2.41314,48.73164],[2.41794,48.73105],[2.41997,48.73111],[2.41897,48.7397],[2.41763,48.7395],[2.41739,48.73956],[2.41728,48.73944],[2.41621,48.73921],[2.41253,48.73778]]],"type":"Polygon"}},{"type":"Feature","properties":{"code":"940590104","nom":"Marbeau-Cœuilly","com":"Le Plessis-Trévise","pop80":89.0,"seuls_n":37.0,"p80":2.5,"seuls":42.1,"chaleur":2.7,"alea_fort":0.0,"pauv":11.0,"nbf":0.0,"f_age":0.0,"f_seuls":0.0,"f_chaleur":0.0},"geometry":{"coordinates":[[[2.55846,48.80776],[2.55895,48.80667],[2.55882,48.80661],[2.55901,48.80643],[2.55927,48.80577],[2.55943,48.80568],[2.55976,48.80503],[2.55771,48.80475],[2.55809,48.80363],[2.56646,48.80516],[2.5692,48.80317],[2.57232,48.80512],[2.57057,48.80726],[2.56662,48.81301],[2.56548,48.81397],[2.56509,48.8136],[2.56502,48.81321],[2.56481,48.8128],[2.56422,48.81232],[2.56285,48.8117],[2.56206,48.8116],[2.55846,48.80776]]],"type":"Polygon"}},{"type":"Feature","properties":{"code":"940600102","nom":"Les Bordes Hôtel de Ville","com":"La Queue-en-Brie","pop80":87.0,"seuls_n":29.0,"p80":3.8,"seuls":33.7,"chaleur":4.3,"alea_fort":0.0,"pauv":19.0,"nbf":0.0,"f_age":0.0,"f_seuls":0.0,"f_chaleur":0.0},"geometry":{"coordinates":[[[2.56744,48.79723],[2.5739,48.79027],[2.57382,48.79004],[2.57306,48.78973],[2.57292,48.78961],[2.57294,48.78947],[2.57319,48.78919],[2.57717,48.7908],[2.57738,48.79093],[2.57764,48.79122],[2.57799,48.79112],[2.57779,48.79142],[2.57808,48.79172],[2.57807,48.79182],[2.57932,48.79338],[2.57951,48.79392],[2.57697,48.79372],[2.576,48.79347],[2.57501,48.79549],[2.57224,48.79558],[2.5718,48.79655],[2.57174,48.79853],[2.57154,48.79888],[2.56744,48.79723]]],"type":"Polygon"}},{"type":"Feature","properties":{"code":"940810112","nom":"Les Combattants","com":"Vitry-sur-Seine","pop80":82.0,"seuls_n":49.0,"p80":3.7,"seuls":59.4,"chaleur":8.1,"alea_fort":36.0,"pauv":29.0,"nbf":2.0,"f_age":0.0,"f_seuls":1.0,"f_chaleur":1.0},"geometry":{"coordinates":[[[2.39575,48.79313],[2.40115,48.79423],[2.40546,48.79527],[2.40539,48.79533],[2.40494,48.79532],[2.40495,48.79544],[2.40448,48.79638],[2.40009,48.79547],[2.40001,48.79581],[2.39871,48.79546],[2.39891,48.79575],[2.39809,48.79604],[2.39575,48.79313]]],"type":"Polygon"}},{"type":"Feature","properties":{"code":"940750103","nom":"La Gare","com":"Villecresnes","pop80":136.0,"seuls_n":78.0,"p80":5.7,"seuls":57.5,"chaleur":2.9,"alea_fort":1.0,"pauv":7.0,"nbf":2.0,"f_age":1.0,"f_seuls":1.0,"f_chaleur":0.0},"geometry":{"coordinates":[[[2.53291,48.72297],[2.53333,48.72262],[2.53363,48.72215],[2.53332,48.72059],[2.5329,48.72023],[2.53254,48.72007],[2.53066,48.71879],[2.53132,48.71771],[2.53151,48.71751],[2.53409,48.71889],[2.53565,48.71761],[2.53672,48.71706],[2.53709,48.717],[2.53786,48.71707],[2.53867,48.71763],[2.53861,48.71789],[2.53884,48.71798],[2.53882,48.71818],[2.5399,48.71849],[2.54011,48.71869],[2.54049,48.71885],[2.5408,48.7191],[2.54121,48.71913],[2.54183,48.7193],[2.54238,48.71959],[2.54268,48.72014],[2.54295,48.72027],[2.54304,48.72044],[2.54269,48.72058],[2.54242,48.72084],[2.5422,48.72093],[2.54109,48.72098],[2.53883,48.72178],[2.53795,48.72199],[2.53729,48.72206],[2.53981,48.72438],[2.54032,48.72554],[2.54122,48.72539],[2.54142,48.72526],[2.54165,48.7253],[2.54206,48.72522],[2.54318,48.72482],[2.5433,48.7251],[2.54352,48.72532],[2.53858,48.72616],[2.53686,48.72629],[2.53687,48.72633],[2.53529,48.72627],[2.53453,48.72546],[2.53407,48.72464],[2.53349,48.72412],[2.53298,48.72377],[2.53287,48.72339],[2.53291,48.72297]]],"type":"Polygon"}},{"type":"Feature","properties":{"code":"940810206","nom":"Clos Langlois","com":"Vitry-sur-Seine","pop80":67.0,"seuls_n":29.0,"p80":2.8,"seuls":43.8,"chaleur":5.6,"alea_fort":12.0,"pauv":39.0,"nbf":0.0,"f_age":0.0,"f_seuls":0.0,"f_chaleur":0.0},"geometry":{"coordinates":[[[2.3849,48.78833],[2.38506,48.78819],[2.3848,48.78741],[2.38504,48.78682],[2.38513,48.78592],[2.38441,48.78452],[2.3848,48.784],[2.38547,48.78335],[2.38566,48.78358],[2.38572,48.78398],[2.38587,48.78392],[2.38651,48.78325],[2.38702,48.78239],[2.38747,48.78252],[2.38744,48.78263],[2.3877,48.78281],[2.38783,48.78282],[2.38803,48.78273],[2.38815,48.78285],[2.38846,48.78293],[2.38858,48.78288],[2.38907,48.78311],[2.39002,48.78328],[2.39046,48.78343],[2.38689,48.78635],[2.38663,48.78664],[2.38647,48.787],[2.38644,48.7875],[2.38665,48.78807],[2.3869,48.78837],[2.38651,48.78872],[2.38629,48.78891],[2.3849,48.78833]]],"type":"Polygon"}},{"type":"Feature","properties":{"code":"940280408","nom":"Saint-Exupéry","com":"Créteil","pop80":268.0,"seuls_n":148.0,"p80":7.0,"seuls":55.2,"chaleur":4.2,"alea_fort":0.0,"pauv":26.0,"nbf":2.0,"f_age":1.0,"f_seuls":1.0,"f_chaleur":0.0},"geometry":{"coordinates":[[[2.45918,48.78246],[2.45927,48.7811],[2.45908,48.78069],[2.45919,48.77897],[2.45938,48.77762],[2.46678,48.77788],[2.4659,48.77924],[2.46369,48.78387],[2.4626,48.7857],[2.46213,48.78775],[2.46074,48.78693],[2.46064,48.78681],[2.45985,48.78423],[2.45965,48.78326],[2.4597,48.78255],[2.4596,48.78247],[2.45918,48.78246]]],"type":"Polygon"}},{"type":"Feature","properties":{"code":"940770106","nom":"Haut Pays","com":"Villeneuve-le-Roi","pop80":101.0,"seuls_n":60.0,"p80":3.7,"seuls":59.4,"chaleur":4.1,"alea_fort":0.0,"pauv":24.0,"nbf":1.0,"f_age":0.0,"f_seuls":1.0,"f_chaleur":0.0},"geometry":{"coordinates":[[[2.41455,48.74019],[2.41377,48.73983],[2.41294,48.73956],[2.41191,48.73933],[2.41066,48.73921],[2.40912,48.73925],[2.40896,48.73884],[2.40863,48.73841],[2.40595,48.73596],[2.40551,48.73538],[2.4054,48.73495],[2.40541,48.7346],[2.4061,48.73288],[2.40902,48.73217],[2.41314,48.73164],[2.41306,48.7322],[2.41297,48.73227],[2.41305,48.73241],[2.41286,48.7344],[2.41273,48.73443],[2.41269,48.73452],[2.41284,48.73463],[2.41265,48.73656],[2.41253,48.73667],[2.41263,48.73677],[2.41253,48.73778],[2.41106,48.73721],[2.41087,48.73727],[2.41149,48.73808],[2.41182,48.73838],[2.41282,48.73906],[2.41385,48.73963],[2.41455,48.74019]]],"type":"Polygon"}},{"type":"Feature","properties":{"code":"940800101","nom":"Centre Nord 1","com":"Vincennes","pop80":131.0,"seuls_n":76.0,"p80":4.4,"seuls":58.5,"chaleur":13.0,"alea_fort":77.0,"pauv":7.0,"nbf":2.0,"f_age":0.0,"f_seuls":1.0,"f_chaleur":1.0},"geometry":{"coordinates":[[[2.43455,48.84498],[2.44052,48.84444],[2.44062,48.84489],[2.4408,48.84488],[2.44086,48.84525],[2.44068,48.84525],[2.44076,48.84596],[2.43979,48.84607],[2.43997,48.8469],[2.43922,48.84691],[2.43915,48.84708],[2.4347,48.84726],[2.43455,48.84498]]],"type":"Polygon"}},{"type":"Feature","properties":{"code":"940280209","nom":"Lévrière-Haye aux Moines","com":"Créteil","pop80":82.0,"seuls_n":39.0,"p80":2.3,"seuls":47.7,"chaleur":9.0,"alea_fort":24.0,"pauv":20.0,"nbf":1.0,"f_age":0.0,"f_seuls":0.0,"f_chaleur":1.0},"geometry":{"coordinates":[[[2.44597,48.7918],[2.4451,48.78945],[2.44536,48.78939],[2.4455,48.78913],[2.44769,48.78655],[2.44833,48.78618],[2.44919,48.78587],[2.45172,48.7888],[2.45081,48.78973],[2.45052,48.7896],[2.44999,48.79013],[2.44882,48.79099],[2.44796,48.79135],[2.44597,48.7918]]],"type":"Polygon"}},{"type":"Feature","properties":{"code":"940420104","nom":"Leclerc","com":"Joinville-le-Pont","pop80":65.0,"seuls_n":31.0,"p80":3.1,"seuls":47.4,"chaleur":4.5,"alea_fort":0.0,"pauv":19.0,"nbf":0.0,"f_age":0.0,"f_seuls":0.0,"f_chaleur":0.0},"geometry":{"coordinates":[[[2.4545,48.81334],[2.45588,48.81196],[2.45673,48.81122],[2.4585,48.81018],[2.46059,48.80931],[2.46467,48.81176],[2.46528,48.81133],[2.46533,48.81135],[2.46547,48.81114],[2.46546,48.8109],[2.46509,48.81047],[2.46507,48.81019],[2.46532,48.80988],[2.4657,48.80982],[2.46576,48.81018],[2.46615,48.81059],[2.46865,48.81179],[2.46709,48.81266],[2.46631,48.8132],[2.46549,48.8136],[2.46569,48.81375],[2.46569,48.81383],[2.46621,48.81414],[2.46527,48.81515],[2.46455,48.81471],[2.46419,48.81554],[2.4594,48.81269],[2.45818,48.81364],[2.45733,48.81301],[2.45653,48.81347],[2.45634,48.81337],[2.45545,48.81394],[2.4545,48.81334]]],"type":"Polygon"}},{"type":"Feature","properties":{"code":"940750102","nom":"Les Sablons","com":"Villecresnes","pop80":311.0,"seuls_n":83.0,"p80":11.5,"seuls":47.4,"chaleur":3.2,"alea_fort":2.0,"pauv":9.0,"nbf":1.0,"f_age":1.0,"f_seuls":0.0,"f_chaleur":0.0},"geometry":{"coordinates":[[[2.5167,48.72213],[2.51752,48.71713],[2.5182,48.71603],[2.51727,48.71588],[2.5175,48.71554],[2.51799,48.71516],[2.51884,48.71484],[2.51931,48.71447],[2.51986,48.71379],[2.52064,48.71303],[2.52078,48.71334],[2.52051,48.7136],[2.52043,48.71393],[2.52061,48.71406],[2.52114,48.71423],[2.52151,48.71426],[2.522,48.71407],[2.52217,48.71392],[2.52277,48.71379],[2.52295,48.71368],[2.52363,48.7135],[2.52379,48.71334],[2.52411,48.7132],[2.52447,48.71318],[2.52502,48.71328],[2.5252,48.71318],[2.5255,48.71351],[2.52585,48.71362],[2.52605,48.71377],[2.52629,48.71408],[2.52747,48.71412],[2.52808,48.71406],[2.52895,48.71425],[2.52944,48.71446],[2.52995,48.71481],[2.53034,48.71487],[2.53143,48.71542],[2.53319,48.71602],[2.53361,48.71634],[2.5348,48.71681],[2.53531,48.71687],[2.53557,48.71683],[2.53577,48.71699],[2.53642,48.71688],[2.53672,48.71706],[2.53565,48.71761],[2.53409,48.71889],[2.53151,48.71751],[2.53132,48.71771],[2.53066,48.71879],[2.53254,48.72007],[2.5329,48.72023],[2.53324,48.72052],[2.53364,48.72198],[2.53362,48.7222],[2.53323,48.72271],[2.53291,48.72297],[2.53222,48.72317],[2.5308,48.72295],[2.52966,48.72257],[2.52902,48.72243],[2.52889,48.72295],[2.52844,48.72352],[2.52651,48.72308],[2.52619,48.72366],[2.52609,48.72371],[2.52433,48.72331],[2.52408,48.72334],[2.52391,48.72285],[2.52389,48.72207],[2.5167,48.72213]]],"type":"Polygon"}},{"type":"Feature","properties":{"code":"940330119","nom":"Roublot 2","com":"Fontenay-sous-Bois","pop80":97.0,"seuls_n":48.0,"p80":3.6,"seuls":49.0,"chaleur":6.7,"alea_fort":1.0,"pauv":8.0,"nbf":0.0,"f_age":0.0,"f_seuls":0.0,"f_chaleur":0.0},"geometry":{"coordinates":[[[2.45721,48.85281],[2.45731,48.85167],[2.45937,48.85106],[2.45919,48.85082],[2.46086,48.85016],[2.46219,48.85126],[2.46263,48.85093],[2.46325,48.85066],[2.46555,48.85002],[2.46442,48.84875],[2.4648,48.84863],[2.46417,48.84788],[2.46525,48.84737],[2.46601,48.84824],[2.46761,48.84753],[2.46868,48.84855],[2.46783,48.8489],[2.46896,48.84996],[2.46865,48.85065],[2.46992,48.85189],[2.46933,48.85208],[2.46844,48.8526],[2.4679,48.85279],[2.46689,48.85261],[2.46222,48.8524],[2.46075,48.85256],[2.4591,48.85299],[2.4586,48.85307],[2.45777,48.85301],[2.45721,48.85281]]],"type":"Polygon"}},{"type":"Feature","properties":{"code":"940280406","nom":"La Habette","com":"Créteil","pop80":39.0,"seuls_n":16.0,"p80":1.9,"seuls":40.4,"chaleur":7.1,"alea_fort":0.0,"pauv":25.0,"nbf":0.0,"f_age":0.0,"f_seuls":0.0,"f_chaleur":0.0},"geometry":{"coordinates":[[[2.46241,48.77371],[2.46362,48.77111],[2.46413,48.7708],[2.46445,48.77068],[2.46675,48.77111],[2.46684,48.77095],[2.46822,48.77005],[2.46913,48.7699],[2.46884,48.77071],[2.46826,48.77109],[2.46811,48.77128],[2.46823,48.77158],[2.46933,48.77224],[2.46957,48.77265],[2.46959,48.77292],[2.46926,48.7737],[2.46886,48.77418],[2.46824,48.77438],[2.46639,48.77423],[2.46241,48.77371]]],"type":"Polygon"}},{"type":"Feature","properties":{"code":"940170302","nom":"Remise Saint-Maur 2","com":"Champigny-sur-Marne","pop80":126.0,"seuls_n":53.0,"p80":4.9,"seuls":42.3,"chaleur":5.4,"alea_fort":1.0,"pauv":10.0,"nbf":0.0,"f_age":0.0,"f_seuls":0.0,"f_chaleur":0.0},"geometry":{"coordinates":[[[2.4801,48.81348],[2.48408,48.81268],[2.48618,48.81251],[2.48766,48.81225],[2.49177,48.81132],[2.49562,48.81064],[2.49723,48.81044],[2.49788,48.81041],[2.50328,48.81058],[2.50297,48.81106],[2.50241,48.81114],[2.50051,48.81112],[2.49865,48.81091],[2.4977,48.81089],[2.49483,48.81124],[2.49106,48.81183],[2.49097,48.81187],[2.49133,48.81294],[2.49184,48.81538],[2.48557,48.81645],[2.48221,48.81764],[2.48191,48.8159],[2.4801,48.81348]]],"type":"Polygon"}},{"type":"Feature","properties":{"code":"940590101","nom":"Le Val Roger-Parc de la Lande","com":"Le Plessis-Trévise","pop80":98.0,"seuls_n":54.0,"p80":3.8,"seuls":57.6,"chaleur":2.9,"alea_fort":0.0,"pauv":11.0,"nbf":1.0,"f_age":0.0,"f_seuls":1.0,"f_chaleur":0.0},"geometry":{"coordinates":[[[2.55605,48.82091],[2.5579,48.8194],[2.55737,48.81877],[2.56076,48.81675],[2.56225,48.81596],[2.56542,48.81402],[2.56654,48.81311],[2.56726,48.81208],[2.56838,48.81264],[2.56893,48.8125],[2.56966,48.8126],[2.56964,48.81267],[2.5699,48.81292],[2.56996,48.81347],[2.57096,48.814],[2.56994,48.81493],[2.57003,48.81497],[2.56976,48.81522],[2.56958,48.81687],[2.56931,48.81713],[2.56892,48.81778],[2.56783,48.81897],[2.56729,48.81941],[2.5665,48.8197],[2.56511,48.82033],[2.56382,48.82056],[2.56245,48.82143],[2.56053,48.8223],[2.55968,48.82277],[2.55605,48.82091]]],"type":"Polygon"}},{"type":"Feature","properties":{"code":"940460101","nom":"Centre Vert de Maison 1","com":"Maisons-Alfort","pop80":60.0,"seuls_n":22.0,"p80":3.0,"seuls":35.6,"chaleur":5.9,"alea_fort":10.0,"pauv":9.0,"nbf":0.0,"f_age":0.0,"f_seuls":0.0,"f_chaleur":0.0},"geometry":{"coordinates":[[[2.42245,48.80971],[2.42332,48.80856],[2.4248,48.80633],[2.42671,48.80173],[2.42705,48.80179],[2.42781,48.80243],[2.42847,48.80279],[2.42866,48.80269],[2.43247,48.80447],[2.43163,48.80534],[2.43129,48.80558],[2.43069,48.80587],[2.43009,48.80607],[2.42652,48.80683],[2.42573,48.80707],[2.4253,48.80741],[2.42442,48.80882],[2.42425,48.80881],[2.42317,48.80984],[2.42299,48.80994],[2.42245,48.80971]]],"type":"Polygon"}},{"type":"Feature","properties":{"code":"940460202","nom":"Alfort 2","com":"Maisons-Alfort","pop80":6.0,"seuls_n":4.0,"p80":0.2,"seuls":null,"chaleur":4.3,"alea_fort":3.0,"pauv":3.0,"nbf":null,"f_age":null,"f_seuls":null,"f_chaleur":null},"geometry":{"coordinates":[[[2.42834,48.81237],[2.42661,48.81101],[2.42349,48.81026],[2.42523,48.80751],[2.42573,48.80707],[2.42652,48.80683],[2.43009,48.80607],[2.43069,48.80587],[2.43129,48.80558],[2.43157,48.8058],[2.43361,48.80958],[2.42834,48.81237]]],"type":"Polygon"}},{"type":"Feature","properties":{"code":"940330109","nom":"Les Alouettes","com":"Fontenay-sous-Bois","pop80":63.0,"seuls_n":22.0,"p80":3.9,"seuls":34.7,"chaleur":8.8,"alea_fort":24.0,"pauv":19.0,"nbf":1.0,"f_age":0.0,"f_seuls":0.0,"f_chaleur":1.0},"geometry":{"coordinates":[[[2.4868,48.86067],[2.48907,48.85404],[2.4913,48.84826],[2.4935,48.84873],[2.49362,48.85067],[2.49329,48.85169],[2.49434,48.85201],[2.49447,48.85209],[2.49444,48.85216],[2.49577,48.85281],[2.49594,48.85299],[2.49601,48.85339],[2.4973,48.85499],[2.5,48.85574],[2.49931,48.85655],[2.49733,48.85596],[2.49682,48.85569],[2.49489,48.85881],[2.49711,48.85919],[2.49611,48.86066],[2.4944,48.86022],[2.49417,48.86056],[2.49232,48.85996],[2.49158,48.85955],[2.49102,48.8608],[2.4887,48.86057],[2.48864,48.86081],[2.48774,48.86069],[2.4868,48.86067]]],"type":"Polygon"}},{"type":"Feature","properties":{"code":"940800305","nom":"Est 5","com":"Vincennes","pop80":196.0,"seuls_n":109.0,"p80":7.4,"seuls":55.4,"chaleur":13.3,"alea_fort":75.0,"pauv":9.0,"nbf":3.0,"f_age":1.0,"f_seuls":1.0,"f_chaleur":1.0},"geometry":{"coordinates":[[[2.45091,48.84985],[2.45088,48.84908],[2.45294,48.84899],[2.45273,48.8483],[2.45269,48.84763],[2.45513,48.84712],[2.4563,48.84651],[2.45646,48.8471],[2.45593,48.84731],[2.45628,48.84871],[2.45601,48.84874],[2.45633,48.84962],[2.4557,48.84991],[2.45564,48.84982],[2.45443,48.85],[2.45441,48.84995],[2.45346,48.85016],[2.45321,48.84963],[2.45224,48.84967],[2.45091,48.84985]]],"type":"Polygon"}},{"type":"Feature","properties":{"code":"940540108","nom":"Terrasses-Calmette","com":"Orly","pop80":94.0,"seuls_n":13.0,"p80":3.2,"seuls":34.4,"chaleur":5.9,"alea_fort":2.0,"pauv":27.0,"nbf":0.0,"f_age":0.0,"f_seuls":0.0,"f_chaleur":0.0},"geometry":{"coordinates":[[[[2.41003,48.7455],[2.40981,48.74707],[2.4088,48.74619],[2.40852,48.74585],[2.4085,48.7455],[2.40871,48.74503],[2.40777,48.74481],[2.40917,48.74412],[2.40957,48.74453],[2.41009,48.74527],[2.40994,48.7453],[2.40988,48.74537],[2.41003,48.7455]]],[[[2.41376,48.75167],[2.41331,48.75247],[2.41105,48.75208],[2.40606,48.75108],[2.40649,48.74945],[2.41024,48.74991],[2.41052,48.74889],[2.41094,48.74893],[2.41224,48.74859],[2.41363,48.75091],[2.41378,48.75132],[2.41376,48.75167]]]],"type":"MultiPolygon"}},{"type":"Feature","properties":{"code":"940760118","nom":"Delaune","com":"Villejuif","pop80":152.0,"seuls_n":87.0,"p80":5.5,"seuls":56.9,"chaleur":5.1,"alea_fort":3.0,"pauv":21.0,"nbf":2.0,"f_age":1.0,"f_seuls":1.0,"f_chaleur":0.0},"geometry":{"coordinates":[[[2.3619,48.78694],[2.3622,48.78467],[2.36214,48.78273],[2.36704,48.78277],[2.36685,48.7873],[2.36277,48.78728],[2.36276,48.78761],[2.3619,48.78694]]],"type":"Polygon"}},{"type":"Feature","properties":{"code":"940370102","nom":"Centre Ville 2","com":"Gentilly","pop80":80.0,"seuls_n":47.0,"p80":3.8,"seuls":59.0,"chaleur":10.8,"alea_fort":22.0,"pauv":17.0,"nbf":2.0,"f_age":0.0,"f_seuls":1.0,"f_chaleur":1.0},"geometry":{"coordinates":[[[2.3489,48.81494],[2.34819,48.81475],[2.34755,48.81447],[2.34743,48.81402],[2.34764,48.81364],[2.34914,48.8127],[2.3497,48.81227],[2.35,48.81216],[2.35033,48.81216],[2.35093,48.81188],[2.35119,48.81168],[2.35227,48.81218],[2.35381,48.81303],[2.35351,48.81324],[2.3528,48.81336],[2.35235,48.81381],[2.35236,48.81425],[2.35183,48.81477],[2.34979,48.81423],[2.3489,48.81494]]],"type":"Polygon"}},{"type":"Feature","properties":{"code":"940440106","nom":"Les Candies","com":"Limeil-Brévannes","pop80":21.0,"seuls_n":11.0,"p80":0.7,"seuls":50.1,"chaleur":4.7,"alea_fort":0.0,"pauv":11.0,"nbf":0.0,"f_age":0.0,"f_seuls":0.0,"f_chaleur":0.0},"geometry":{"coordinates":[[[2.47568,48.74147],[2.47603,48.74096],[2.47359,48.73991],[2.47341,48.73971],[2.47472,48.73894],[2.47544,48.73835],[2.47777,48.73579],[2.47991,48.73494],[2.48098,48.73418],[2.48194,48.7333],[2.48238,48.73281],[2.48301,48.73146],[2.48463,48.72925],[2.49042,48.73115],[2.49454,48.73243],[2.49346,48.73455],[2.49678,48.73431],[2.49439,48.73917],[2.49413,48.73939],[2.49378,48.73951],[2.49244,48.73967],[2.49249,48.73982],[2.49215,48.74136],[2.49148,48.74213],[2.49144,48.74237],[2.49117,48.74253],[2.49056,48.74322],[2.48959,48.7446],[2.48917,48.74504],[2.48726,48.74427],[2.48242,48.74359],[2.48194,48.74353],[2.47695,48.74344],[2.47731,48.74291],[2.47788,48.74176],[2.47774,48.74125],[2.47568,48.74147]]],"type":"Polygon"}},{"type":"Feature","properties":{"code":"940760121","nom":"Centre Ville Sud","com":"Villejuif","pop80":249.0,"seuls_n":116.0,"p80":8.2,"seuls":47.3,"chaleur":9.7,"alea_fort":41.0,"pauv":13.0,"nbf":2.0,"f_age":1.0,"f_seuls":0.0,"f_chaleur":1.0},"geometry":{"coordinates":[[[[2.36685,48.7873],[2.36682,48.78778],[2.36299,48.7878],[2.36276,48.78761],[2.36277,48.78728],[2.36685,48.7873]]],[[[2.36214,48.79203],[2.36218,48.79186],[2.36208,48.79164],[2.36148,48.79131],[2.36131,48.79113],[2.36134,48.79103],[2.36124,48.79097],[2.36169,48.7885],[2.36696,48.78854],[2.36682,48.79058],[2.36668,48.79064],[2.36653,48.79271],[2.36641,48.79284],[2.3662,48.79288],[2.36482,48.79269],[2.36214,48.79203]]]],"type":"MultiPolygon"}},{"type":"Feature","properties":{"code":"940030105","nom":"Jean-Macé 2","com":"Arcueil","pop80":237.0,"seuls_n":117.0,"p80":8.1,"seuls":71.0,"chaleur":4.0,"alea_fort":0.0,"pauv":24.0,"nbf":2.0,"f_age":1.0,"f_seuls":1.0,"f_chaleur":0.0},"geometry":{"coordinates":[[[2.33338,48.80087],[2.33287,48.79925],[2.33328,48.79915],[2.33376,48.79852],[2.33501,48.79832],[2.33639,48.79827],[2.33756,48.7981],[2.34,48.7973],[2.34103,48.79889],[2.34297,48.7981],[2.34353,48.79781],[2.34228,48.79945],[2.3419,48.80042],[2.33923,48.8016],[2.3389,48.80181],[2.33859,48.80215],[2.33826,48.80286],[2.33796,48.80551],[2.33741,48.80533],[2.337,48.8051],[2.3353,48.80366],[2.33595,48.80332],[2.3352,48.80228],[2.33522,48.80198],[2.33432,48.80064],[2.33412,48.80082],[2.33338,48.80087]]],"type":"Polygon"}},{"type":"Feature","properties":{"code":"940410302","nom":"Ivry Port Centre","com":"Ivry-sur-Seine","pop80":28.0,"seuls_n":17.0,"p80":0.8,"seuls":61.4,"chaleur":11.2,"alea_fort":31.0,"pauv":29.0,"nbf":2.0,"f_age":0.0,"f_seuls":1.0,"f_chaleur":1.0},"geometry":{"coordinates":[[[2.39447,48.81456],[2.39663,48.81269],[2.39727,48.81205],[2.40198,48.81448],[2.4022,48.81443],[2.40233,48.81455],[2.41027,48.81454],[2.41019,48.81526],[2.40997,48.81591],[2.40974,48.81626],[2.40901,48.81687],[2.40855,48.81714],[2.40765,48.8175],[2.4058,48.81801],[2.40019,48.81985],[2.39883,48.81859],[2.39536,48.81668],[2.39729,48.81488],[2.3971,48.81473],[2.39705,48.81456],[2.39447,48.81456]]],"type":"Polygon"}},{"type":"Feature","properties":{"code":"940810205","nom":"Paul Eluard","com":"Vitry-sur-Seine","pop80":82.0,"seuls_n":27.0,"p80":5.0,"seuls":33.6,"chaleur":8.1,"alea_fort":19.0,"pauv":31.0,"nbf":1.0,"f_age":0.0,"f_seuls":0.0,"f_chaleur":1.0},"geometry":{"coordinates":[[[2.3869,48.78837],[2.38665,48.78807],[2.38647,48.78767],[2.38643,48.78727],[2.38656,48.78675],[2.38689,48.78635],[2.38847,48.78505],[2.38956,48.78545],[2.39187,48.78609],[2.38924,48.78945],[2.38896,48.78934],[2.38971,48.78843],[2.38837,48.78795],[2.38763,48.78887],[2.3869,48.78837]]],"type":"Polygon"}},{"type":"Feature","properties":{"code":"940170702","nom":"Quatre Cités 2","com":"Champigny-sur-Marne","pop80":33.0,"seuls_n":16.0,"p80":1.4,"seuls":47.2,"chaleur":7.6,"alea_fort":17.0,"pauv":28.0,"nbf":1.0,"f_age":0.0,"f_seuls":0.0,"f_chaleur":1.0},"geometry":{"coordinates":[[[2.50987,48.8253],[2.51002,48.82471],[2.5084,48.82483],[2.5083,48.82342],[2.51101,48.82361],[2.51215,48.8235],[2.51256,48.82371],[2.51347,48.82376],[2.5161,48.8231],[2.51621,48.8221],[2.51562,48.8212],[2.51643,48.8211],[2.51684,48.82113],[2.51904,48.8208],[2.52067,48.82066],[2.52069,48.82177],[2.52093,48.82223],[2.51993,48.82242],[2.51845,48.82284],[2.51736,48.8228],[2.51676,48.82328],[2.51664,48.82347],[2.51648,48.82383],[2.51653,48.8244],[2.51595,48.82446],[2.5159,48.82463],[2.51503,48.82467],[2.50987,48.8253]]],"type":"Polygon"}},{"type":"Feature","properties":{"code":"940160107","nom":"La Plaine 2","com":"Cachan","pop80":165.0,"seuls_n":49.0,"p80":5.6,"seuls":39.6,"chaleur":5.8,"alea_fort":10.0,"pauv":27.0,"nbf":1.0,"f_age":1.0,"f_seuls":0.0,"f_chaleur":0.0},"geometry":{"coordinates":[[[2.32909,48.78593],[2.33268,48.78604],[2.33278,48.78609],[2.33257,48.78795],[2.33268,48.78857],[2.33331,48.78829],[2.33379,48.78797],[2.33418,48.7887],[2.33465,48.78842],[2.33514,48.78936],[2.33551,48.78984],[2.33538,48.78988],[2.33542,48.78994],[2.33193,48.79101],[2.33167,48.79056],[2.33153,48.7905],[2.33161,48.79041],[2.32909,48.78593]]],"type":"Polygon"}},{"type":"Feature","properties":{"code":"940330117","nom":"Le Village 4","com":"Fontenay-sous-Bois","pop80":89.0,"seuls_n":30.0,"p80":3.5,"seuls":33.7,"chaleur":6.7,"alea_fort":10.0,"pauv":10.0,"nbf":0.0,"f_age":0.0,"f_seuls":0.0,"f_chaleur":0.0},"geometry":{"coordinates":[[[2.46992,48.85189],[2.46865,48.85065],[2.46896,48.84996],[2.46783,48.8489],[2.46924,48.84833],[2.46955,48.84801],[2.47079,48.84761],[2.47163,48.84742],[2.47038,48.84602],[2.472,48.84589],[2.47281,48.84569],[2.47258,48.8463],[2.47266,48.84632],[2.47529,48.84605],[2.47622,48.84651],[2.47657,48.8475],[2.47679,48.84751],[2.47701,48.84882],[2.47615,48.84902],[2.47274,48.85061],[2.47284,48.85077],[2.46992,48.85189]]],"type":"Polygon"}},{"type":"Feature","properties":{"code":"940480103","nom":"La Butte du Berger","com":"Marolles-en-Brie","pop80":46.0,"seuls_n":19.0,"p80":1.9,"seuls":40.8,"chaleur":3.1,"alea_fort":0.0,"pauv":3.0,"nbf":0.0,"f_age":0.0,"f_seuls":0.0,"f_chaleur":0.0},"geometry":{"coordinates":[[[2.55688,48.74644],[2.55701,48.74585],[2.55691,48.74516],[2.55715,48.74438],[2.55644,48.74314],[2.55616,48.74312],[2.55602,48.74293],[2.55502,48.74269],[2.55436,48.74236],[2.55393,48.74186],[2.55372,48.74135],[2.55366,48.74078],[2.55386,48.73906],[2.55391,48.73902],[2.55441,48.73904],[2.55497,48.73913],[2.55456,48.73743],[2.55441,48.73731],[2.55457,48.73714],[2.5546,48.73697],[2.55432,48.73605],[2.55446,48.73596],[2.5558,48.73583],[2.55798,48.73542],[2.55877,48.73625],[2.56255,48.73536],[2.56486,48.73499],[2.5652,48.73679],[2.56536,48.73903],[2.56874,48.73856],[2.56819,48.74039],[2.55746,48.74643],[2.55731,48.74649],[2.55711,48.74644],[2.55697,48.74648],[2.55688,48.74644]]],"type":"Polygon"}},{"type":"Feature","properties":{"code":"940020102","nom":"Tony Garnier Soladier","com":"Alfortville","pop80":173.0,"seuls_n":93.0,"p80":4.7,"seuls":53.9,"chaleur":10.6,"alea_fort":11.0,"pauv":19.0,"nbf":1.0,"f_age":0.0,"f_seuls":0.0,"f_chaleur":1.0},"geometry":{"coordinates":[[[2.41614,48.81595],[2.41483,48.81582],[2.41376,48.81586],[2.41432,48.80995],[2.42105,48.81079],[2.42114,48.81089],[2.41937,48.81226],[2.41805,48.81349],[2.4169,48.81487],[2.41614,48.81595]]],"type":"Polygon"}},{"type":"Feature","properties":{"code":"940380103","nom":"Les Blondeaux 2","com":"L'Haÿ-les-Roses","pop80":237.0,"seuls_n":104.0,"p80":9.9,"seuls":43.9,"chaleur":2.8,"alea_fort":0.0,"pauv":6.0,"nbf":1.0,"f_age":1.0,"f_seuls":0.0,"f_chaleur":0.0},"geometry":{"coordinates":[[[2.32384,48.77338],[2.32387,48.77327],[2.3237,48.77267],[2.32312,48.77137],[2.32545,48.77046],[2.32707,48.77005],[2.32916,48.76962],[2.32924,48.76983],[2.32886,48.77104],[2.32996,48.77076],[2.33336,48.77011],[2.33414,48.7713],[2.33586,48.77351],[2.33548,48.7736],[2.33429,48.77369],[2.33269,48.77416],[2.33143,48.77429],[2.33015,48.77459],[2.33002,48.77469],[2.33001,48.7748],[2.33053,48.77589],[2.3305,48.77614],[2.32833,48.77537],[2.328,48.77534],[2.32635,48.77541],[2.32624,48.77519],[2.32562,48.77453],[2.32384,48.77338]]],"type":"Polygon"}},{"type":"Feature","properties":{"code":"940171204","nom":"Bois l'Abbé 4","com":"Champigny-sur-Marne","pop80":29.0,"seuls_n":5.0,"p80":1.5,"seuls":17.8,"chaleur":9.1,"alea_fort":5.0,"pauv":33.0,"nbf":1.0,"f_age":0.0,"f_seuls":0.0,"f_chaleur":1.0},"geometry":{"coordinates":[[[2.54957,48.80627],[2.55184,48.80454],[2.55261,48.80403],[2.55401,48.80488],[2.55416,48.80658],[2.55392,48.80715],[2.55361,48.8073],[2.55327,48.80738],[2.55242,48.80738],[2.5521,48.80732],[2.55114,48.80684],[2.55096,48.80684],[2.55083,48.80692],[2.55014,48.80651],[2.54957,48.80627]]],"type":"Polygon"}},{"type":"Feature","properties":{"code":"940540102","nom":"Gazier Aviateurs","com":"Orly","pop80":27.0,"seuls_n":13.0,"p80":1.9,"seuls":46.1,"chaleur":4.3,"alea_fort":0.0,"pauv":null,"nbf":0.0,"f_age":0.0,"f_seuls":0.0,"f_chaleur":0.0},"geometry":{"coordinates":[[[2.41353,48.75072],[2.41414,48.75026],[2.41518,48.74921],[2.4159,48.7486],[2.41639,48.7483],[2.41827,48.74743],[2.41892,48.74847],[2.42015,48.74974],[2.41811,48.75289],[2.41376,48.75167],[2.41375,48.75121],[2.41353,48.75072]]],"type":"Polygon"}},{"type":"Feature","properties":{"code":"940280401","nom":"Cardinaud","com":"Créteil","pop80":65.0,"seuls_n":41.0,"p80":4.0,"seuls":62.9,"chaleur":5.8,"alea_fort":2.0,"pauv":null,"nbf":1.0,"f_age":0.0,"f_seuls":1.0,"f_chaleur":0.0},"geometry":{"coordinates":[[[2.46392,48.78336],[2.46506,48.781],[2.4671,48.78106],[2.46716,48.78122],[2.46725,48.78125],[2.46987,48.78136],[2.47155,48.78137],[2.47002,48.78445],[2.4696,48.7851],[2.46887,48.78588],[2.46747,48.78537],[2.46707,48.7853],[2.46581,48.78492],[2.46571,48.78484],[2.46568,48.78452],[2.46527,48.78374],[2.46392,48.78336]]],"type":"Polygon"}},{"type":"Feature","properties":{"code":"940210106","nom":"Centre","com":"Chevilly-Larue","pop80":249.0,"seuls_n":91.0,"p80":9.1,"seuls":61.0,"chaleur":3.9,"alea_fort":3.0,"pauv":18.0,"nbf":2.0,"f_age":1.0,"f_seuls":1.0,"f_chaleur":0.0},"geometry":{"coordinates":[[[2.34632,48.7717],[2.34621,48.77071],[2.347,48.77005],[2.34718,48.7702],[2.34752,48.77025],[2.34936,48.7701],[2.35032,48.7699],[2.35128,48.76951],[2.35218,48.7689],[2.35484,48.76621],[2.35549,48.76564],[2.35577,48.76582],[2.35968,48.76755],[2.35919,48.76824],[2.35922,48.76831],[2.35897,48.76853],[2.35798,48.76996],[2.3578,48.77055],[2.35884,48.77081],[2.35915,48.77041],[2.35924,48.77041],[2.36036,48.77076],[2.36131,48.77126],[2.36048,48.77156],[2.36175,48.77219],[2.36242,48.77214],[2.36251,48.77259],[2.36236,48.77301],[2.36207,48.77328],[2.36158,48.77313],[2.35909,48.77205],[2.35819,48.77297],[2.35629,48.77221],[2.35535,48.77315],[2.35474,48.77464],[2.35423,48.774],[2.35371,48.7735],[2.35355,48.77315],[2.35184,48.77393],[2.35112,48.77311],[2.35008,48.77142],[2.34977,48.77115],[2.34632,48.7717]]],"type":"Polygon"}},{"type":"Feature","properties":{"code":"940540103","nom":"Gazier Navigateurs","com":"Orly","pop80":86.0,"seuls_n":42.0,"p80":2.7,"seuls":48.3,"chaleur":5.5,"alea_fort":15.0,"pauv":28.0,"nbf":0.0,"f_age":0.0,"f_seuls":0.0,"f_chaleur":0.0},"geometry":{"coordinates":[[[2.41027,48.74587],[2.41094,48.7456],[2.41748,48.74727],[2.41771,48.74738],[2.41786,48.74759],[2.4159,48.7486],[2.41518,48.74921],[2.41414,48.75026],[2.41353,48.75072],[2.41291,48.74979],[2.41224,48.74859],[2.41134,48.74733],[2.41092,48.7466],[2.41027,48.74587]]],"type":"Polygon"}},{"type":"Feature","properties":{"code":"940280104","nom":"Île Sainte-Catherine","com":"Créteil","pop80":176.0,"seuls_n":81.0,"p80":5.2,"seuls":46.0,"chaleur":4.5,"alea_fort":0.0,"pauv":11.0,"nbf":0.0,"f_age":0.0,"f_seuls":0.0,"f_chaleur":0.0},"geometry":{"coordinates":[[[2.46808,48.78916],[2.46683,48.78874],[2.4663,48.78901],[2.46608,48.78883],[2.46394,48.78823],[2.46571,48.78509],[2.46588,48.78494],[2.46607,48.78496],[2.46707,48.7853],[2.46747,48.78537],[2.46887,48.78588],[2.46975,48.78488],[2.47165,48.78117],[2.4726,48.77992],[2.47339,48.78026],[2.47331,48.78036],[2.47479,48.78107],[2.47473,48.78113],[2.47537,48.78142],[2.47616,48.78059],[2.47691,48.78101],[2.47654,48.78172],[2.4759,48.78268],[2.47509,48.78309],[2.47486,48.78345],[2.47447,48.78371],[2.47445,48.7843],[2.47427,48.7847],[2.47424,48.7851],[2.47402,48.78548],[2.47388,48.78595],[2.47348,48.78657],[2.47296,48.78701],[2.47026,48.78615],[2.4696,48.78705],[2.46906,48.78798],[2.46853,48.7885],[2.46808,48.78916]]],"type":"Polygon"}},{"type":"Feature","properties":{"code":"940800201","nom":"Ouest 1","com":"Vincennes","pop80":228.0,"seuls_n":101.0,"p80":6.1,"seuls":44.4,"chaleur":14.5,"alea_fort":90.0,"pauv":8.0,"nbf":2.0,"f_age":1.0,"f_seuls":0.0,"f_chaleur":1.0},"geometry":{"coordinates":[[[2.42426,48.84589],[2.43455,48.84498],[2.4347,48.84711],[2.43268,48.84718],[2.43167,48.84718],[2.43153,48.84712],[2.4314,48.84719],[2.43029,48.84722],[2.42875,48.84718],[2.4278,48.84704],[2.42632,48.8467],[2.42435,48.84605],[2.42426,48.84589]]],"type":"Polygon"}},{"type":"Feature","properties":{"code":"940171401","nom":"Perroquets","com":"Champigny-sur-Marne","pop80":47.0,"seuls_n":27.0,"p80":2.2,"seuls":57.4,"chaleur":4.2,"alea_fort":2.0,"pauv":23.0,"nbf":1.0,"f_age":0.0,"f_seuls":1.0,"f_chaleur":0.0},"geometry":{"coordinates":[[[2.53903,48.81799],[2.53879,48.8169],[2.54319,48.81653],[2.54332,48.81882],[2.54441,48.81871],[2.54482,48.81861],[2.54504,48.81849],[2.54555,48.81799],[2.5494,48.81776],[2.54981,48.81695],[2.55264,48.81832],[2.553,48.81801],[2.55315,48.81803],[2.55379,48.81787],[2.55446,48.81821],[2.55337,48.81852],[2.55016,48.81866],[2.54969,48.81883],[2.54926,48.8191],[2.5486,48.81974],[2.54824,48.81984],[2.54715,48.81992],[2.54491,48.81982],[2.54446,48.81975],[2.54357,48.8195],[2.54264,48.81896],[2.54145,48.81888],[2.54115,48.81878],[2.54028,48.8183],[2.53903,48.81799]]],"type":"Polygon"}},{"type":"Feature","properties":{"code":"940680304","nom":"Le Parc Saint-Maur 4","com":"Saint-Maur-des-Fossés","pop80":123.0,"seuls_n":61.0,"p80":5.3,"seuls":49.3,"chaleur":2.7,"alea_fort":0.0,"pauv":5.0,"nbf":1.0,"f_age":1.0,"f_seuls":0.0,"f_chaleur":0.0},"geometry":{"coordinates":[[[2.49207,48.8022],[2.49385,48.80158],[2.4973,48.8001],[2.50267,48.79795],[2.50267,48.79787],[2.50277,48.79783],[2.50288,48.79787],[2.50287,48.79796],[2.50319,48.79824],[2.50821,48.80391],[2.50678,48.80407],[2.5059,48.8041],[2.50581,48.80404],[2.50571,48.8041],[2.50486,48.80406],[2.50476,48.804],[2.50467,48.80405],[2.50213,48.80372],[2.50203,48.80364],[2.50193,48.80369],[2.49758,48.80307],[2.49746,48.80312],[2.49738,48.80304],[2.49248,48.80235],[2.49207,48.8022]]],"type":"Polygon"}},{"type":"Feature","properties":{"code":"940690102","nom":"Ouest Quartier du Plateau","com":"Saint-Maurice","pop80":166.0,"seuls_n":93.0,"p80":6.7,"seuls":55.7,"chaleur":12.5,"alea_fort":58.0,"pauv":7.0,"nbf":3.0,"f_age":1.0,"f_seuls":1.0,"f_chaleur":1.0},"geometry":{"coordinates":[[[2.41996,48.82408],[2.41977,48.82077],[2.41991,48.82066],[2.41993,48.82016],[2.42001,48.82007],[2.42336,48.82017],[2.42348,48.82113],[2.42288,48.82413],[2.42172,48.82406],[2.41996,48.82408]]],"type":"Polygon"}},{"type":"Feature","properties":{"code":"940680302","nom":"Le Parc Saint-Maur 2","com":"Saint-Maur-des-Fossés","pop80":151.0,"seuls_n":82.0,"p80":6.4,"seuls":54.3,"chaleur":3.1,"alea_fort":0.0,"pauv":5.0,"nbf":1.0,"f_age":1.0,"f_seuls":0.0,"f_chaleur":0.0},"geometry":{"coordinates":[[[2.50645,48.81037],[2.50658,48.80992],[2.50649,48.8099],[2.50283,48.81024],[2.50118,48.81019],[2.49856,48.80995],[2.49737,48.80994],[2.49714,48.80934],[2.49762,48.80924],[2.4977,48.8091],[2.49731,48.80903],[2.49707,48.80885],[2.49628,48.80754],[2.4962,48.80726],[2.49625,48.80687],[2.50294,48.80784],[2.50552,48.80802],[2.50552,48.80818],[2.50584,48.80819],[2.50586,48.80762],[2.50365,48.80754],[2.5009,48.80717],[2.50116,48.80634],[2.50044,48.80625],[2.50098,48.80456],[2.50171,48.80466],[2.50199,48.80364],[2.50213,48.80372],[2.50467,48.80405],[2.50481,48.804],[2.50486,48.80406],[2.50678,48.80407],[2.50821,48.80391],[2.50851,48.8043],[2.50871,48.8047],[2.50907,48.80768],[2.50985,48.80987],[2.50875,48.81022],[2.50801,48.81031],[2.50645,48.81037]]],"type":"Polygon"}},{"type":"Feature","properties":{"code":"940180104","nom":"Franges du Bois de Vincennes","com":"Charenton-le-Pont","pop80":195.0,"seuls_n":87.0,"p80":8.4,"seuls":44.7,"chaleur":11.7,"alea_fort":0.0,"pauv":8.0,"nbf":2.0,"f_age":1.0,"f_seuls":0.0,"f_chaleur":1.0},"geometry":{"coordinates":[[[2.40151,48.82936],[2.4026,48.82866],[2.4126,48.82224],[2.41271,48.82236],[2.4127,48.82252],[2.41231,48.82319],[2.41192,48.82371],[2.41133,48.82425],[2.40996,48.82518],[2.40918,48.8255],[2.40771,48.82635],[2.40499,48.8284],[2.40381,48.82906],[2.40247,48.82954],[2.40224,48.82959],[2.40151,48.82936]]],"type":"Polygon"}},{"type":"Feature","properties":{"code":"940680103","nom":"Adamville 3","com":"Saint-Maur-des-Fossés","pop80":159.0,"seuls_n":91.0,"p80":6.0,"seuls":72.0,"chaleur":5.3,"alea_fort":0.0,"pauv":8.0,"nbf":2.0,"f_age":1.0,"f_seuls":1.0,"f_chaleur":0.0},"geometry":{"coordinates":[[[2.48167,48.80211],[2.4776,48.80057],[2.4773,48.80004],[2.47997,48.79827],[2.47992,48.79821],[2.47998,48.79815],[2.48013,48.79822],[2.49131,48.79801],[2.49021,48.79894],[2.48995,48.79906],[2.48978,48.79931],[2.48674,48.80189],[2.48352,48.80027],[2.48167,48.80211]]],"type":"Polygon"}},{"type":"Feature","properties":{"code":"940740105","nom":"Pologne-Saint-Martin","com":"Valenton","pop80":64.0,"seuls_n":7.0,"p80":3.4,"seuls":11.1,"chaleur":5.1,"alea_fort":0.0,"pauv":35.0,"nbf":0.0,"f_age":0.0,"f_seuls":0.0,"f_chaleur":0.0},"geometry":{"coordinates":[[[2.46579,48.74193],[2.4682,48.73956],[2.46848,48.73972],[2.47064,48.73789],[2.47192,48.73862],[2.47192,48.73605],[2.47291,48.73351],[2.47282,48.73315],[2.47235,48.73222],[2.47227,48.73183],[2.47232,48.73143],[2.4725,48.73112],[2.47282,48.73087],[2.4728,48.72764],[2.4761,48.72774],[2.47626,48.72779],[2.47637,48.72773],[2.47662,48.72772],[2.48006,48.72801],[2.48126,48.72826],[2.48463,48.72925],[2.48301,48.73146],[2.48238,48.73281],[2.48194,48.7333],[2.48098,48.73418],[2.47991,48.73494],[2.47777,48.73579],[2.47544,48.73835],[2.47472,48.73894],[2.47341,48.73971],[2.47359,48.73991],[2.47603,48.74096],[2.47568,48.74147],[2.47506,48.74153],[2.47478,48.74145],[2.47459,48.74158],[2.47356,48.74181],[2.47264,48.74216],[2.47185,48.7426],[2.47153,48.74252],[2.4706,48.74242],[2.47021,48.74308],[2.46918,48.7428],[2.46819,48.74275],[2.46752,48.74257],[2.46739,48.74242],[2.46714,48.7423],[2.46579,48.74193]]],"type":"Polygon"}},{"type":"Feature","properties":{"code":"940170901","nom":"Plateau","com":"Champigny-sur-Marne","pop80":44.0,"seuls_n":30.0,"p80":1.5,"seuls":67.5,"chaleur":3.9,"alea_fort":1.0,"pauv":26.0,"nbf":1.0,"f_age":0.0,"f_seuls":1.0,"f_chaleur":0.0},"geometry":{"coordinates":[[[2.51661,48.81441],[2.51733,48.81433],[2.5194,48.81336],[2.52031,48.81274],[2.5199,48.81236],[2.52004,48.81217],[2.52303,48.8113],[2.52389,48.811],[2.52664,48.8096],[2.52775,48.8105],[2.52792,48.81058],[2.52833,48.81061],[2.52867,48.81087],[2.52866,48.81133],[2.52723,48.8123],[2.5271,48.81258],[2.52739,48.81267],[2.52713,48.81303],[2.52703,48.81367],[2.5267,48.81372],[2.52658,48.81387],[2.52669,48.8141],[2.52716,48.81429],[2.52742,48.81485],[2.52714,48.81619],[2.52713,48.81695],[2.52693,48.81711],[2.52694,48.81728],[2.52625,48.81723],[2.52464,48.81732],[2.52256,48.81725],[2.51996,48.81695],[2.51923,48.81642],[2.51914,48.81626],[2.51996,48.81489],[2.51988,48.81478],[2.5195,48.81469],[2.51895,48.81469],[2.51725,48.81488],[2.51661,48.81441]]],"type":"Polygon"}},{"type":"Feature","properties":{"code":"940670102","nom":"Charles de Gaulle","com":"Saint-Mandé","pop80":126.0,"seuls_n":74.0,"p80":6.1,"seuls":58.7,"chaleur":13.5,"alea_fort":56.0,"pauv":5.0,"nbf":3.0,"f_age":1.0,"f_seuls":1.0,"f_chaleur":1.0},"geometry":{"coordinates":[[[2.41746,48.84656],[2.41758,48.84584],[2.41766,48.84366],[2.41833,48.84361],[2.42196,48.8453],[2.42327,48.84597],[2.41863,48.84639],[2.41864,48.84644],[2.41746,48.84656]]],"type":"Polygon"}},{"type":"Feature","properties":{"code":"940770101","nom":"Bord de l'Eau et Zone Industrielle","com":"Villeneuve-le-Roi","pop80":85.0,"seuls_n":60.0,"p80":2.3,"seuls":70.3,"chaleur":4.3,"alea_fort":3.0,"pauv":17.0,"nbf":1.0,"f_age":0.0,"f_seuls":1.0,"f_chaleur":0.0},"geometry":{"coordinates":[[[2.42873,48.74343],[2.4288,48.74334],[2.42869,48.74306],[2.42942,48.74175],[2.42636,48.74103],[2.42731,48.73838],[2.42804,48.73827],[2.42828,48.73818],[2.42894,48.73704],[2.42953,48.73766],[2.42985,48.73781],[2.43046,48.73798],[2.43276,48.73296],[2.43264,48.73282],[2.43139,48.73249],[2.43161,48.73211],[2.43189,48.73187],[2.43223,48.73169],[2.43539,48.73098],[2.43605,48.73099],[2.44004,48.73138],[2.44033,48.73135],[2.43946,48.73023],[2.44085,48.72973],[2.43903,48.72738],[2.4413,48.7277],[2.4418,48.72769],[2.44221,48.72758],[2.44286,48.7282],[2.44322,48.72888],[2.44485,48.73125],[2.4449,48.73303],[2.44468,48.73581],[2.44433,48.73673],[2.44373,48.73761],[2.44306,48.7383],[2.44032,48.74063],[2.43943,48.74162],[2.43659,48.7451],[2.43556,48.74478],[2.43285,48.74414],[2.42873,48.74343]]],"type":"Polygon"}},{"type":"Feature","properties":{"code":"940220201","nom":"Gondoles Nord I","com":"Choisy-le-Roi","pop80":75.0,"seuls_n":38.0,"p80":3.6,"seuls":49.7,"chaleur":8.3,"alea_fort":18.0,"pauv":19.0,"nbf":1.0,"f_age":0.0,"f_seuls":0.0,"f_chaleur":1.0},"geometry":{"coordinates":[[[2.41187,48.77424],[2.41163,48.77245],[2.41152,48.76975],[2.41164,48.76793],[2.41197,48.76677],[2.4122,48.76638],[2.41442,48.76699],[2.41425,48.7673],[2.4136,48.76934],[2.41358,48.77113],[2.41401,48.77207],[2.41579,48.77479],[2.4159,48.77524],[2.41579,48.7762],[2.41591,48.77664],[2.4162,48.7771],[2.41469,48.77723],[2.41446,48.77698],[2.41253,48.77547],[2.41187,48.77424]]],"type":"Polygon"}},{"type":"Feature","properties":{"code":"940020202","nom":"Grand Ensemble","com":"Alfortville","pop80":212.0,"seuls_n":87.0,"p80":6.2,"seuls":51.9,"chaleur":6.7,"alea_fort":3.0,"pauv":28.0,"nbf":1.0,"f_age":1.0,"f_seuls":0.0,"f_chaleur":0.0},"geometry":{"coordinates":[[[2.42532,48.79574],[2.42579,48.7909],[2.42689,48.79098],[2.42817,48.79037],[2.42835,48.79024],[2.42865,48.7895],[2.43116,48.78996],[2.43143,48.79009],[2.42889,48.79632],[2.42532,48.79574]]],"type":"Polygon"}},{"type":"Feature","properties":{"code":"940520101","nom":"Les Maréchaux","com":"Nogent-sur-Marne","pop80":103.0,"seuls_n":51.0,"p80":3.4,"seuls":49.6,"chaleur":7.4,"alea_fort":0.0,"pauv":18.0,"nbf":1.0,"f_age":0.0,"f_seuls":0.0,"f_chaleur":1.0},"geometry":{"coordinates":[[[2.49158,48.84778],[2.48997,48.84717],[2.48888,48.84664],[2.48817,48.84648],[2.48772,48.84618],[2.48765,48.84627],[2.48737,48.84621],[2.48717,48.84599],[2.48752,48.84577],[2.48717,48.84553],[2.48647,48.84531],[2.48648,48.84451],[2.48558,48.84428],[2.4857,48.84385],[2.48667,48.84404],[2.487,48.84386],[2.48714,48.84385],[2.48751,48.844],[2.48746,48.84373],[2.48684,48.84237],[2.48869,48.84224],[2.48869,48.84247],[2.4888,48.84268],[2.48999,48.84395],[2.49019,48.84393],[2.49131,48.84548],[2.49234,48.84563],[2.49158,48.84778]]],"type":"Polygon"}},{"type":"Feature","properties":{"code":"940170103","nom":"Tremblay 3","com":"Champigny-sur-Marne","pop80":126.0,"seuls_n":49.0,"p80":4.8,"seuls":39.0,"chaleur":4.5,"alea_fort":3.0,"pauv":16.0,"nbf":0.0,"f_age":0.0,"f_seuls":0.0,"f_chaleur":0.0},"geometry":{"coordinates":[[[2.49765,48.83081],[2.49822,48.82997],[2.499,48.82912],[2.49855,48.82924],[2.49788,48.82927],[2.49795,48.82914],[2.49866,48.82826],[2.49952,48.82761],[2.49791,48.82729],[2.49858,48.8262],[2.49904,48.82441],[2.50649,48.82668],[2.50964,48.8275],[2.51034,48.82755],[2.51172,48.82733],[2.51475,48.82719],[2.51618,48.82724],[2.51856,48.82707],[2.52228,48.82741],[2.52333,48.82758],[2.52395,48.82778],[2.52154,48.82892],[2.52057,48.82962],[2.52035,48.82968],[2.52014,48.82962],[2.51869,48.82878],[2.51772,48.82936],[2.5156,48.82858],[2.51049,48.82765],[2.51018,48.82783],[2.50891,48.82807],[2.5077,48.82854],[2.50748,48.82868],[2.50781,48.829],[2.50718,48.82922],[2.50507,48.82964],[2.50105,48.83026],[2.49887,48.8307],[2.49765,48.83081]]],"type":"Polygon"}},{"type":"Feature","properties":{"code":"940780204","nom":"Président Wilson","com":"Villeneuve-Saint-Georges","pop80":96.0,"seuls_n":42.0,"p80":3.8,"seuls":43.5,"chaleur":4.4,"alea_fort":0.0,"pauv":27.0,"nbf":0.0,"f_age":0.0,"f_seuls":0.0,"f_chaleur":0.0},"geometry":{"coordinates":[[[2.44669,48.74234],[2.44679,48.73689],[2.4521,48.73638],[2.45227,48.73684],[2.45442,48.73624],[2.45503,48.73763],[2.45628,48.7389],[2.45268,48.73989],[2.45231,48.74111],[2.4522,48.74219],[2.44669,48.74234]]],"type":"Polygon"}},{"type":"Feature","properties":{"code":"940171203","nom":"Bois l'Abbé 3","com":"Champigny-sur-Marne","pop80":8.0,"seuls_n":1.0,"p80":1.0,"seuls":null,"chaleur":9.4,"alea_fort":0.0,"pauv":null,"nbf":null,"f_age":null,"f_seuls":null,"f_chaleur":null},"geometry":{"coordinates":[[[2.54935,48.80807],[2.551,48.80683],[2.55117,48.80685],[2.55187,48.80725],[2.55242,48.80738],[2.55327,48.80738],[2.55361,48.8073],[2.55392,48.80715],[2.55379,48.80749],[2.55354,48.80765],[2.55286,48.80797],[2.55203,48.80822],[2.55068,48.80836],[2.54935,48.80807]]],"type":"Polygon"}},{"type":"Feature","properties":{"code":"940220205","nom":"Gondoles Nord II","com":"Choisy-le-Roi","pop80":74.0,"seuls_n":12.0,"p80":2.4,"seuls":46.8,"chaleur":4.4,"alea_fort":3.0,"pauv":22.0,"nbf":0.0,"f_age":0.0,"f_seuls":0.0,"f_chaleur":0.0},"geometry":{"coordinates":[[[2.41401,48.77207],[2.42359,48.77196],[2.42355,48.76973],[2.42753,48.7709],[2.42729,48.77231],[2.42825,48.7761],[2.42482,48.77634],[2.4162,48.7771],[2.41591,48.77664],[2.41579,48.7762],[2.4159,48.77524],[2.41579,48.77479],[2.41401,48.77207]]],"type":"Polygon"}},{"type":"Feature","properties":{"code":"940430107","nom":"Hauts Fossés-Esselières-Sorières","com":"Le Kremlin-Bicêtre","pop80":82.0,"seuls_n":33.0,"p80":2.9,"seuls":40.2,"chaleur":6.1,"alea_fort":0.0,"pauv":13.0,"nbf":0.0,"f_age":0.0,"f_seuls":0.0,"f_chaleur":0.0},"geometry":{"coordinates":[[[2.35126,48.80595],[2.34875,48.80359],[2.35025,48.8027],[2.3508,48.80227],[2.353,48.80318],[2.35408,48.80239],[2.35547,48.80318],[2.35638,48.80304],[2.35676,48.80346],[2.35962,48.80302],[2.3588,48.80395],[2.35867,48.80401],[2.3584,48.80546],[2.35805,48.80602],[2.359,48.80645],[2.35751,48.8079],[2.35727,48.80794],[2.35711,48.8081],[2.3568,48.80792],[2.35573,48.80752],[2.35515,48.80742],[2.35309,48.80722],[2.35225,48.80703],[2.35137,48.80672],[2.35146,48.80657],[2.35126,48.80595]]],"type":"Polygon"}},{"type":"Feature","properties":{"code":"940710108","nom":"Le Petit Val-Clos de Ville","com":"Sucy-en-Brie","pop80":197.0,"seuls_n":41.0,"p80":6.9,"seuls":25.8,"chaleur":2.9,"alea_fort":0.0,"pauv":3.0,"nbf":1.0,"f_age":1.0,"f_seuls":0.0,"f_chaleur":0.0},"geometry":{"coordinates":[[[2.51345,48.76918],[2.51254,48.76913],[2.51232,48.76922],[2.51218,48.76913],[2.50824,48.7702],[2.50819,48.76922],[2.50833,48.7681],[2.50871,48.76702],[2.50916,48.76616],[2.51245,48.7642],[2.51247,48.7641],[2.50925,48.76138],[2.51053,48.76113],[2.5138,48.76094],[2.51573,48.76118],[2.51669,48.76135],[2.52045,48.75897],[2.52287,48.75752],[2.52649,48.75617],[2.52715,48.75754],[2.52672,48.76238],[2.52662,48.76264],[2.52523,48.76465],[2.52506,48.76536],[2.52507,48.76676],[2.525,48.76713],[2.5247,48.76771],[2.52415,48.76839],[2.524,48.76843],[2.52371,48.76836],[2.52302,48.76807],[2.52228,48.76785],[2.52214,48.76803],[2.52132,48.76771],[2.5212,48.76786],[2.5206,48.76781],[2.52045,48.76801],[2.51927,48.76893],[2.51798,48.76867],[2.51744,48.76999],[2.51618,48.76976],[2.51494,48.76939],[2.51345,48.76918]]],"type":"Polygon"}},{"type":"Feature","properties":{"code":"940280402","nom":"Casalis","com":"Créteil","pop80":134.0,"seuls_n":37.0,"p80":7.2,"seuls":59.0,"chaleur":5.2,"alea_fort":2.0,"pauv":39.0,"nbf":2.0,"f_age":1.0,"f_seuls":1.0,"f_chaleur":0.0},"geometry":{"coordinates":[[[2.46506,48.781],[2.4659,48.77924],[2.46678,48.77788],[2.46871,48.77795],[2.46882,48.77799],[2.46878,48.77885],[2.46889,48.77891],[2.46966,48.77894],[2.46957,48.7802],[2.47184,48.78027],[2.47225,48.78038],[2.47155,48.78137],[2.46987,48.78136],[2.46725,48.78125],[2.46716,48.78122],[2.4671,48.78106],[2.46506,48.781]]],"type":"Polygon"}},{"type":"Feature","properties":{"code":"940280403","nom":"Abbaye","com":"Créteil","pop80":116.0,"seuls_n":50.0,"p80":3.1,"seuls":43.0,"chaleur":6.3,"alea_fort":5.0,"pauv":37.0,"nbf":0.0,"f_age":0.0,"f_seuls":0.0,"f_chaleur":0.0},"geometry":{"coordinates":[[[2.46678,48.77788],[2.4676,48.77675],[2.46849,48.77608],[2.46878,48.77565],[2.46883,48.77529],[2.47187,48.77537],[2.47191,48.77568],[2.47265,48.77574],[2.47259,48.77668],[2.47276,48.7765],[2.47496,48.77765],[2.47335,48.77909],[2.47225,48.78038],[2.47184,48.78027],[2.46957,48.7802],[2.46966,48.77894],[2.46889,48.77891],[2.46878,48.77885],[2.46882,48.77799],[2.46871,48.77795],[2.46678,48.77788]]],"type":"Polygon"}},{"type":"Feature","properties":{"code":"940520103","nom":"Coulmiers","com":"Nogent-sur-Marne","pop80":228.0,"seuls_n":67.0,"p80":7.6,"seuls":48.8,"chaleur":6.6,"alea_fort":9.0,"pauv":7.0,"nbf":1.0,"f_age":1.0,"f_seuls":0.0,"f_chaleur":0.0},"geometry":{"coordinates":[[[2.48466,48.83996],[2.48527,48.83952],[2.48496,48.83895],[2.48599,48.83822],[2.48666,48.83758],[2.48681,48.83734],[2.48828,48.83784],[2.48905,48.83817],[2.48956,48.83829],[2.49025,48.83833],[2.4916,48.83825],[2.49347,48.83833],[2.49376,48.83829],[2.49389,48.83819],[2.4943,48.83822],[2.49406,48.84017],[2.49349,48.84261],[2.49234,48.84563],[2.49131,48.84548],[2.49019,48.84393],[2.48999,48.84395],[2.4888,48.84268],[2.48869,48.84247],[2.48869,48.84224],[2.48684,48.84237],[2.48598,48.84081],[2.48466,48.83996]]],"type":"Polygon"}},{"type":"Feature","properties":{"code":"940750101","nom":"Le Réveillon","com":"Villecresnes","pop80":78.0,"seuls_n":31.0,"p80":2.9,"seuls":39.7,"chaleur":4.0,"alea_fort":0.0,"pauv":7.0,"nbf":0.0,"f_age":0.0,"f_seuls":0.0,"f_chaleur":0.0},"geometry":{"coordinates":[[[2.51693,48.73853],[2.51624,48.73825],[2.51497,48.73882],[2.51231,48.73798],[2.50862,48.73694],[2.50856,48.73631],[2.51222,48.73256],[2.51576,48.7291],[2.51601,48.72595],[2.5167,48.72213],[2.52389,48.72207],[2.52391,48.72285],[2.52408,48.72334],[2.52433,48.72331],[2.52609,48.72371],[2.52619,48.72366],[2.52651,48.72308],[2.52844,48.72352],[2.52889,48.72295],[2.52902,48.72243],[2.52966,48.72257],[2.5308,48.72295],[2.53222,48.72317],[2.53291,48.72297],[2.53287,48.72339],[2.53298,48.72377],[2.53349,48.72412],[2.53407,48.72464],[2.53453,48.72546],[2.53529,48.72627],[2.53687,48.72633],[2.53706,48.72743],[2.53768,48.72744],[2.53652,48.72817],[2.53082,48.72739],[2.53029,48.72767],[2.5239,48.73125],[2.52245,48.73212],[2.5204,48.7344],[2.51693,48.73853]]],"type":"Polygon"}},{"type":"Feature","properties":{"code":"940171001","nom":"Coteaux 1","com":"Champigny-sur-Marne","pop80":88.0,"seuls_n":33.0,"p80":4.4,"seuls":37.1,"chaleur":3.2,"alea_fort":0.0,"pauv":13.0,"nbf":0.0,"f_age":0.0,"f_seuls":0.0,"f_chaleur":0.0},"geometry":{"coordinates":[[[2.51648,48.81433],[2.51681,48.81401],[2.51727,48.81381],[2.51647,48.81273],[2.51598,48.81273],[2.51496,48.81259],[2.51414,48.81281],[2.51376,48.81197],[2.51377,48.81186],[2.51394,48.81175],[2.51534,48.81137],[2.51919,48.80989],[2.51992,48.80954],[2.52304,48.80661],[2.52424,48.80459],[2.52481,48.80473],[2.52494,48.80461],[2.52529,48.80471],[2.5262,48.80481],[2.52604,48.80508],[2.526,48.80563],[2.52585,48.80588],[2.52504,48.80681],[2.52573,48.80714],[2.5261,48.80689],[2.5268,48.80611],[2.52703,48.80563],[2.52711,48.80517],[2.52881,48.80526],[2.5289,48.80616],[2.53009,48.80608],[2.53016,48.80603],[2.53308,48.80597],[2.53332,48.80581],[2.53361,48.80587],[2.53349,48.80599],[2.53283,48.80611],[2.52963,48.80803],[2.52409,48.8109],[2.52322,48.81124],[2.52004,48.81217],[2.5199,48.81236],[2.5203,48.81276],[2.51914,48.81352],[2.51727,48.81435],[2.51661,48.81441],[2.51648,48.81433]]],"type":"Polygon"}},{"type":"Feature","properties":{"code":"940171302","nom":"Cœuilly 2","com":"Champigny-sur-Marne","pop80":153.0,"seuls_n":46.0,"p80":6.0,"seuls":30.0,"chaleur":3.0,"alea_fort":0.0,"pauv":7.0,"nbf":1.0,"f_age":1.0,"f_seuls":0.0,"f_chaleur":0.0},"geometry":{"coordinates":[[[2.54813,48.81616],[2.54921,48.8153],[2.55755,48.81383],[2.55757,48.81368],[2.55774,48.81359],[2.55798,48.8136],[2.55813,48.81373],[2.56006,48.81339],[2.55937,48.8128],[2.561,48.81241],[2.56038,48.81157],[2.56092,48.81108],[2.56073,48.81086],[2.56131,48.81082],[2.56206,48.8116],[2.56285,48.8117],[2.56422,48.81232],[2.56481,48.8128],[2.56502,48.81321],[2.56509,48.8136],[2.56548,48.81397],[2.56225,48.81596],[2.56076,48.81675],[2.55843,48.81815],[2.55685,48.81902],[2.55624,48.81897],[2.55592,48.81881],[2.55579,48.81888],[2.55379,48.81787],[2.55315,48.81803],[2.553,48.81801],[2.55264,48.81832],[2.54813,48.81616]]],"type":"Polygon"}},{"type":"Feature","properties":{"code":"940760111","nom":"Centre Ville Ouest","com":"Villejuif","pop80":29.0,"seuls_n":7.0,"p80":1.2,"seuls":26.5,"chaleur":5.7,"alea_fort":2.0,"pauv":13.0,"nbf":0.0,"f_age":0.0,"f_seuls":0.0,"f_chaleur":0.0},"geometry":{"coordinates":[[[2.35421,48.79404],[2.35365,48.79165],[2.35416,48.78737],[2.35863,48.78844],[2.35872,48.78853],[2.35886,48.78846],[2.36169,48.7885],[2.36124,48.79097],[2.36134,48.79103],[2.36131,48.79113],[2.36148,48.79131],[2.36203,48.79159],[2.36216,48.79198],[2.36163,48.79257],[2.36053,48.79325],[2.36022,48.79459],[2.3568,48.79445],[2.35532,48.79466],[2.35435,48.79497],[2.35421,48.79404]]],"type":"Polygon"}},{"type":"Feature","properties":{"code":"940380108","nom":"Centre 3","com":"L'Haÿ-les-Roses","pop80":240.0,"seuls_n":97.0,"p80":10.0,"seuls":56.6,"chaleur":5.7,"alea_fort":5.0,"pauv":11.0,"nbf":2.0,"f_age":1.0,"f_seuls":1.0,"f_chaleur":0.0},"geometry":{"coordinates":[[[2.34133,48.78447],[2.34063,48.78342],[2.33985,48.78241],[2.33916,48.78025],[2.3392,48.78006],[2.33909,48.77999],[2.33885,48.77955],[2.33867,48.7789],[2.33872,48.77881],[2.33947,48.77855],[2.34201,48.77824],[2.34648,48.77809],[2.3469,48.78179],[2.34683,48.78305],[2.34667,48.784],[2.3463,48.78518],[2.34467,48.78546],[2.34552,48.78788],[2.34625,48.78961],[2.34363,48.79106],[2.3431,48.7884],[2.34241,48.7871],[2.34201,48.78599],[2.34133,48.78447]]],"type":"Polygon"}},{"type":"Feature","properties":{"code":"940740102","nom":"Lutèce-Bergerie","com":"Valenton","pop80":41.0,"seuls_n":24.0,"p80":1.8,"seuls":57.2,"chaleur":5.9,"alea_fort":1.0,"pauv":35.0,"nbf":1.0,"f_age":0.0,"f_seuls":1.0,"f_chaleur":0.0},"geometry":{"coordinates":[[[2.46519,48.74808],[2.46415,48.74968],[2.46387,48.74989],[2.46299,48.75027],[2.46024,48.75102],[2.4603,48.75075],[2.45922,48.75065],[2.45944,48.74976],[2.45962,48.7497],[2.45891,48.74963],[2.459,48.74927],[2.45907,48.74927],[2.45919,48.74853],[2.45938,48.74849],[2.45945,48.74813],[2.45931,48.7481],[2.46019,48.74803],[2.46204,48.74727],[2.46295,48.74776],[2.465,48.748],[2.46519,48.74808]]],"type":"Polygon"}},{"type":"Feature","properties":{"code":"940460108","nom":"Centre Vert de Maison 8","com":"Maisons-Alfort","pop80":127.0,"seuls_n":52.0,"p80":3.5,"seuls":40.7,"chaleur":6.2,"alea_fort":2.0,"pauv":11.0,"nbf":0.0,"f_age":0.0,"f_seuls":0.0,"f_chaleur":0.0},"geometry":{"coordinates":[[[2.44157,48.80537],[2.43673,48.80146],[2.43741,48.79992],[2.4384,48.79971],[2.4413,48.79967],[2.44296,48.79973],[2.44301,48.80055],[2.44269,48.8015],[2.44253,48.80162],[2.44162,48.80199],[2.44148,48.8022],[2.44162,48.80244],[2.44199,48.80264],[2.44354,48.80446],[2.44171,48.80542],[2.44157,48.80537]]],"type":"Polygon"}},{"type":"Feature","properties":{"code":"940110102","nom":"Centre Ancien","com":"Bonneuil-sur-Marne","pop80":358.0,"seuls_n":74.0,"p80":11.4,"seuls":38.1,"chaleur":4.0,"alea_fort":2.0,"pauv":18.0,"nbf":1.0,"f_age":1.0,"f_seuls":0.0,"f_chaleur":0.0},"geometry":{"coordinates":[[[2.4726,48.77992],[2.47335,48.77909],[2.47496,48.77765],[2.47276,48.7765],[2.47363,48.77559],[2.47616,48.77691],[2.47735,48.77607],[2.47836,48.77517],[2.47909,48.77462],[2.48082,48.77349],[2.48184,48.77418],[2.48531,48.77082],[2.48535,48.77095],[2.48674,48.77248],[2.48827,48.77221],[2.48844,48.77324],[2.48974,48.77305],[2.49037,48.77283],[2.4905,48.77299],[2.49052,48.77316],[2.48982,48.77367],[2.49081,48.77359],[2.49103,48.77517],[2.48995,48.77525],[2.49001,48.77574],[2.48807,48.77601],[2.48784,48.77549],[2.48801,48.77511],[2.48798,48.77478],[2.48672,48.77497],[2.48532,48.7755],[2.47968,48.77671],[2.47925,48.77673],[2.47591,48.78002],[2.47611,48.78018],[2.4766,48.78008],[2.47732,48.77967],[2.47776,48.77926],[2.47809,48.77913],[2.47851,48.77923],[2.48011,48.77994],[2.4781,48.78059],[2.47798,48.78055],[2.47691,48.78101],[2.47616,48.78059],[2.47537,48.78142],[2.47473,48.78113],[2.47479,48.78107],[2.47331,48.78036],[2.47339,48.78026],[2.4726,48.77992]]],"type":"Polygon"}},{"type":"Feature","properties":{"code":"940520108","nom":"Baltard","com":"Nogent-sur-Marne","pop80":171.0,"seuls_n":96.0,"p80":6.3,"seuls":56.3,"chaleur":5.6,"alea_fort":5.0,"pauv":5.0,"nbf":2.0,"f_age":1.0,"f_seuls":1.0,"f_chaleur":0.0},"geometry":{"coordinates":[[[2.4695,48.83447],[2.46862,48.83359],[2.46694,48.83275],[2.46627,48.8323],[2.46563,48.83163],[2.46527,48.83102],[2.4647,48.82928],[2.46461,48.82854],[2.46465,48.82778],[2.46466,48.82762],[2.46509,48.82754],[2.46523,48.82767],[2.46618,48.82733],[2.46573,48.82623],[2.46669,48.82614],[2.4669,48.82718],[2.46781,48.82849],[2.46948,48.83007],[2.46955,48.83002],[2.47075,48.83108],[2.47324,48.83212],[2.47365,48.83217],[2.47508,48.83199],[2.47636,48.83211],[2.4765,48.83204],[2.47696,48.83242],[2.47692,48.83295],[2.4768,48.83307],[2.47654,48.83315],[2.47571,48.83317],[2.47534,48.83333],[2.47531,48.83345],[2.47428,48.83408],[2.47386,48.83535],[2.47333,48.83497],[2.47134,48.83323],[2.47105,48.83335],[2.4695,48.83447]]],"type":"Polygon"}},{"type":"Feature","properties":{"code":"940190104","nom":"Le Fort-La Maillarde","com":"Chennevières-sur-Marne","pop80":175.0,"seuls_n":122.0,"p80":7.5,"seuls":69.8,"chaleur":4.6,"alea_fort":3.0,"pauv":6.0,"nbf":2.0,"f_age":1.0,"f_seuls":1.0,"f_chaleur":0.0},"geometry":{"coordinates":[[[2.52711,48.80517],[2.52794,48.80247],[2.52881,48.8015],[2.52911,48.80071],[2.52934,48.80037],[2.5297,48.79997],[2.53005,48.79972],[2.53036,48.79803],[2.53006,48.79719],[2.53062,48.79709],[2.53118,48.79785],[2.53144,48.79865],[2.53159,48.79879],[2.53378,48.79904],[2.53344,48.79473],[2.53271,48.79227],[2.53255,48.79216],[2.5326,48.79205],[2.5327,48.79214],[2.53302,48.79212],[2.53903,48.79119],[2.5395,48.79129],[2.54115,48.79127],[2.54443,48.79073],[2.54594,48.79066],[2.54676,48.79367],[2.54774,48.79647],[2.54756,48.7969],[2.54818,48.79704],[2.54577,48.79845],[2.54497,48.79885],[2.54435,48.79909],[2.54339,48.79919],[2.54128,48.79924],[2.5413,48.79933],[2.54118,48.7994],[2.541,48.79937],[2.54065,48.79947],[2.53923,48.79962],[2.53831,48.79961],[2.53706,48.79947],[2.53718,48.80108],[2.53729,48.80112],[2.53829,48.80113],[2.53825,48.80248],[2.53864,48.80273],[2.53439,48.80523],[2.53342,48.8057],[2.53308,48.80597],[2.53016,48.80603],[2.53009,48.80608],[2.5289,48.80616],[2.52881,48.80526],[2.52711,48.80517]]],"type":"Polygon"}},{"type":"Feature","properties":{"code":"940460402","nom":"Planètes 2","com":"Maisons-Alfort","pop80":132.0,"seuls_n":55.0,"p80":5.1,"seuls":41.7,"chaleur":4.9,"alea_fort":0.0,"pauv":10.0,"nbf":0.0,"f_age":0.0,"f_seuls":0.0,"f_chaleur":0.0},"geometry":{"coordinates":[[[2.44822,48.80347],[2.44865,48.80382],[2.44994,48.80301],[2.45289,48.80494],[2.45276,48.80503],[2.45455,48.80596],[2.45523,48.80586],[2.45575,48.80766],[2.4589,48.8096],[2.45652,48.81054],[2.45543,48.80997],[2.45421,48.80949],[2.44877,48.808],[2.44857,48.80519],[2.44844,48.80428],[2.44822,48.80347]]],"type":"Polygon"}},{"type":"Feature","properties":{"code":"940810208","nom":"Colonel Fabien","com":"Vitry-sur-Seine","pop80":116.0,"seuls_n":42.0,"p80":4.6,"seuls":36.0,"chaleur":4.3,"alea_fort":4.0,"pauv":23.0,"nbf":0.0,"f_age":0.0,"f_seuls":0.0,"f_chaleur":0.0},"geometry":{"coordinates":[[[2.37268,48.78162],[2.37329,48.78068],[2.37393,48.77996],[2.37705,48.78132],[2.37897,48.78189],[2.38086,48.78256],[2.37739,48.78599],[2.37667,48.78503],[2.37583,48.78409],[2.37402,48.78258],[2.37268,48.78162]]],"type":"Polygon"}},{"type":"Feature","properties":{"code":"940430108","nom":"Les Périchets","com":"Le Kremlin-Bicêtre","pop80":59.0,"seuls_n":35.0,"p80":2.7,"seuls":59.4,"chaleur":15.1,"alea_fort":84.0,"pauv":19.0,"nbf":2.0,"f_age":0.0,"f_seuls":1.0,"f_chaleur":1.0},"geometry":{"coordinates":[[[2.35842,48.81601],[2.35867,48.81591],[2.3583,48.81535],[2.35753,48.81373],[2.35839,48.81261],[2.35805,48.81214],[2.35837,48.81218],[2.36111,48.81285],[2.36141,48.81279],[2.36049,48.81579],[2.36068,48.81585],[2.36068,48.81607],[2.35842,48.81601]]],"type":"Polygon"}},{"type":"Feature","properties":{"code":"940670105","nom":"Saint-Michel","com":"Saint-Mandé","pop80":152.0,"seuls_n":81.0,"p80":7.7,"seuls":53.3,"chaleur":13.9,"alea_fort":80.0,"pauv":7.0,"nbf":2.0,"f_age":1.0,"f_seuls":0.0,"f_chaleur":1.0},"geometry":{"coordinates":[[[2.41762,48.84132],[2.41751,48.83884],[2.41777,48.83802],[2.418,48.83763],[2.41934,48.83799],[2.4191,48.83903],[2.42016,48.83919],[2.42065,48.83692],[2.42148,48.8371],[2.42106,48.83889],[2.42077,48.83969],[2.42039,48.84044],[2.41978,48.84108],[2.41954,48.84145],[2.41762,48.84132]]],"type":"Polygon"}},{"type":"Feature","properties":{"code":"940680102","nom":"Adamville 2","com":"Saint-Maur-des-Fossés","pop80":243.0,"seuls_n":62.0,"p80":8.8,"seuls":40.2,"chaleur":4.7,"alea_fort":0.0,"pauv":9.0,"nbf":1.0,"f_age":1.0,"f_seuls":0.0,"f_chaleur":0.0},"geometry":{"coordinates":[[[2.47173,48.80367],[2.47178,48.80311],[2.47228,48.80135],[2.47165,48.80012],[2.47168,48.79987],[2.47206,48.79943],[2.47357,48.79894],[2.47586,48.79839],[2.47718,48.79826],[2.47992,48.79821],[2.47997,48.79827],[2.4773,48.80004],[2.4776,48.80057],[2.48167,48.80211],[2.47889,48.80491],[2.47782,48.80502],[2.47706,48.80381],[2.47173,48.80367]]],"type":"Polygon"}},{"type":"Feature","properties":{"code":"940690101","nom":"Ouest Quartier du Pont","com":"Saint-Maurice","pop80":90.0,"seuls_n":39.0,"p80":2.6,"seuls":43.0,"chaleur":12.7,"alea_fort":59.0,"pauv":15.0,"nbf":1.0,"f_age":0.0,"f_seuls":0.0,"f_chaleur":1.0},"geometry":{"coordinates":[[[2.41977,48.82077],[2.41964,48.81854],[2.41971,48.81762],[2.42167,48.81759],[2.42305,48.81747],[2.42413,48.81749],[2.42441,48.81756],[2.42449,48.81781],[2.42431,48.81811],[2.42437,48.81811],[2.42446,48.81895],[2.42409,48.81921],[2.42316,48.8195],[2.42336,48.82017],[2.42001,48.82007],[2.41993,48.82016],[2.41991,48.82066],[2.41977,48.82077]]],"type":"Polygon"}},{"type":"Feature","properties":{"code":"940680505","nom":"La Varenne 5","com":"Saint-Maur-des-Fossés","pop80":235.0,"seuls_n":91.0,"p80":11.1,"seuls":38.6,"chaleur":3.5,"alea_fort":1.0,"pauv":5.0,"nbf":1.0,"f_age":1.0,"f_seuls":0.0,"f_chaleur":0.0},"geometry":{"coordinates":[[[2.50749,48.78648],[2.50712,48.78575],[2.50691,48.78495],[2.50688,48.78465],[2.50709,48.78464],[2.50707,48.78416],[2.51023,48.78412],[2.51143,48.78436],[2.51245,48.78479],[2.51359,48.78565],[2.51423,48.78588],[2.51676,48.7863],[2.51843,48.78717],[2.51963,48.78806],[2.52014,48.78859],[2.52121,48.78997],[2.52159,48.79067],[2.51982,48.79133],[2.51672,48.79267],[2.51633,48.7923],[2.51606,48.79234],[2.51563,48.79172],[2.51607,48.79156],[2.51419,48.7887],[2.50986,48.78992],[2.50763,48.78644],[2.50749,48.78648]]],"type":"Polygon"}},{"type":"Feature","properties":{"code":"940170501","nom":"Centre 1","com":"Champigny-sur-Marne","pop80":162.0,"seuls_n":46.0,"p80":5.4,"seuls":45.7,"chaleur":5.7,"alea_fort":6.0,"pauv":25.0,"nbf":1.0,"f_age":1.0,"f_seuls":0.0,"f_chaleur":0.0},"geometry":{"coordinates":[[[2.50316,48.81595],[2.50764,48.8147],[2.50937,48.814],[2.51202,48.81326],[2.51155,48.81208],[2.51222,48.81197],[2.51373,48.81179],[2.5138,48.81183],[2.51376,48.81197],[2.51414,48.81281],[2.51496,48.81259],[2.51598,48.81273],[2.51647,48.81273],[2.51727,48.81381],[2.51681,48.81401],[2.51637,48.81441],[2.51471,48.81502],[2.5122,48.81555],[2.51214,48.81604],[2.51182,48.8161],[2.51174,48.81624],[2.51112,48.8167],[2.50965,48.81722],[2.50969,48.81728],[2.50848,48.8177],[2.50755,48.81781],[2.50594,48.8179],[2.50537,48.81809],[2.50398,48.81685],[2.50316,48.81595]]],"type":"Polygon"}},{"type":"Feature","properties":{"code":"940210108","nom":"Saussaie","com":"Chevilly-Larue","pop80":154.0,"seuls_n":64.0,"p80":4.5,"seuls":41.7,"chaleur":7.2,"alea_fort":3.0,"pauv":24.0,"nbf":0.0,"f_age":0.0,"f_seuls":0.0,"f_chaleur":0.0},"geometry":{"coordinates":[[[2.35736,48.77583],[2.35941,48.77371],[2.36264,48.77509],[2.36284,48.77489],[2.3628,48.77479],[2.36021,48.77371],[2.36104,48.77289],[2.36207,48.77328],[2.36236,48.77301],[2.36448,48.77507],[2.36507,48.77482],[2.36687,48.77663],[2.36739,48.77657],[2.36751,48.77662],[2.36738,48.77943],[2.3623,48.77763],[2.35995,48.77688],[2.35736,48.77583]]],"type":"Polygon"}},{"type":"Feature","properties":{"code":"940460109","nom":"Centre Vert de Maison 9","com":"Maisons-Alfort","pop80":115.0,"seuls_n":73.0,"p80":4.6,"seuls":63.5,"chaleur":9.5,"alea_fort":51.0,"pauv":9.0,"nbf":2.0,"f_age":0.0,"f_seuls":1.0,"f_chaleur":1.0},"geometry":{"coordinates":[[[2.44354,48.80446],[2.44199,48.80264],[2.44162,48.80244],[2.44149,48.80215],[2.44162,48.80199],[2.44253,48.80162],[2.44269,48.8015],[2.44301,48.80055],[2.44296,48.79973],[2.44544,48.79971],[2.44576,48.80081],[2.44735,48.80226],[2.44697,48.80245],[2.44704,48.80251],[2.44551,48.80342],[2.44354,48.80446]]],"type":"Polygon"}},{"type":"Feature","properties":{"code":"940710106","nom":"Le Plateau-Parc","com":"Sucy-en-Brie","pop80":122.0,"seuls_n":61.0,"p80":5.1,"seuls":50.2,"chaleur":4.3,"alea_fort":0.0,"pauv":5.0,"nbf":0.0,"f_age":0.0,"f_seuls":0.0,"f_chaleur":0.0},"geometry":{"coordinates":[[[2.52541,48.76433],[2.52662,48.76264],[2.52672,48.76238],[2.52715,48.75754],[2.5265,48.75617],[2.53293,48.75518],[2.5351,48.75554],[2.53525,48.75559],[2.53519,48.75572],[2.54514,48.75964],[2.54589,48.75987],[2.54637,48.76013],[2.54874,48.76107],[2.5491,48.76116],[2.55068,48.76098],[2.55238,48.76055],[2.5557,48.75991],[2.55618,48.75975],[2.55737,48.75921],[2.55748,48.75925],[2.55773,48.76453],[2.55758,48.76484],[2.55693,48.76429],[2.55676,48.76428],[2.55035,48.76554],[2.54329,48.76521],[2.5421,48.76535],[2.54126,48.76558],[2.54018,48.76597],[2.53627,48.76355],[2.53613,48.76355],[2.53555,48.76396],[2.53423,48.76533],[2.53369,48.76576],[2.53359,48.76556],[2.53384,48.76319],[2.5308,48.76363],[2.52857,48.76403],[2.52615,48.76416],[2.52541,48.76433]]],"type":"Polygon"}},{"type":"Feature","properties":{"code":"940020205","nom":"Vert de Maison","com":"Alfortville","pop80":94.0,"seuls_n":40.0,"p80":6.7,"seuls":42.0,"chaleur":4.7,"alea_fort":0.0,"pauv":25.0,"nbf":1.0,"f_age":1.0,"f_seuls":0.0,"f_chaleur":0.0},"geometry":{"coordinates":[[[2.42579,48.7909],[2.42586,48.79005],[2.42571,48.78978],[2.42568,48.78689],[2.42645,48.78587],[2.43224,48.78689],[2.43329,48.78387],[2.43338,48.78383],[2.43392,48.78395],[2.43143,48.79009],[2.4309,48.78989],[2.42865,48.7895],[2.42835,48.79024],[2.42817,48.79037],[2.42689,48.79098],[2.42579,48.7909]]],"type":"Polygon"}},{"type":"Feature","properties":{"code":"940220204","nom":"Gondoles Sud III","com":"Choisy-le-Roi","pop80":117.0,"seuls_n":66.0,"p80":5.3,"seuls":56.4,"chaleur":2.5,"alea_fort":0.0,"pauv":15.0,"nbf":1.0,"f_age":0.0,"f_seuls":1.0,"f_chaleur":0.0},"geometry":{"coordinates":[[[2.41852,48.76823],[2.42201,48.76313],[2.42405,48.76396],[2.42493,48.76301],[2.42735,48.76401],[2.42989,48.76492],[2.43156,48.76441],[2.43337,48.76378],[2.43387,48.76373],[2.43389,48.76329],[2.43415,48.76339],[2.4369,48.76239],[2.44142,48.76124],[2.4423,48.7618],[2.44217,48.76223],[2.44004,48.76276],[2.43851,48.76364],[2.43907,48.76415],[2.43983,48.76469],[2.43843,48.76564],[2.43822,48.76576],[2.43805,48.76571],[2.43708,48.76637],[2.43639,48.76651],[2.43608,48.76666],[2.43549,48.76724],[2.4345,48.76695],[2.43359,48.76683],[2.43197,48.76679],[2.4316,48.76697],[2.4314,48.76734],[2.43195,48.76751],[2.43072,48.7693],[2.4308,48.77005],[2.43053,48.77064],[2.43232,48.77102],[2.43249,48.77231],[2.42754,48.77083],[2.42753,48.7709],[2.41852,48.76823]]],"type":"Polygon"}},{"type":"Feature","properties":{"code":"940410208","nom":"Danton Ouest","com":"Ivry-sur-Seine","pop80":74.0,"seuls_n":40.0,"p80":3.6,"seuls":60.6,"chaleur":9.6,"alea_fort":49.0,"pauv":31.0,"nbf":2.0,"f_age":0.0,"f_seuls":1.0,"f_chaleur":1.0},"geometry":{"coordinates":[[[2.37736,48.81585],[2.37879,48.81445],[2.37958,48.81394],[2.38071,48.81307],[2.3807,48.81329],[2.38125,48.81309],[2.3812,48.81331],[2.38264,48.8139],[2.38245,48.81407],[2.38402,48.81467],[2.38302,48.81577],[2.38161,48.81521],[2.38131,48.81517],[2.3814,48.81526],[2.38154,48.81733],[2.38169,48.81744],[2.38158,48.8176],[2.38001,48.81715],[2.3777,48.81662],[2.3775,48.81644],[2.37746,48.81597],[2.37736,48.81585]]],"type":"Polygon"}},{"type":"Feature","properties":{"code":"940680702","nom":"La Pie 2","com":"Saint-Maur-des-Fossés","pop80":74.0,"seuls_n":37.0,"p80":4.2,"seuls":49.6,"chaleur":5.4,"alea_fort":0.0,"pauv":11.0,"nbf":0.0,"f_age":0.0,"f_seuls":0.0,"f_chaleur":0.0},"geometry":{"coordinates":[[[2.48553,48.79021],[2.48145,48.78886],[2.47929,48.78636],[2.48106,48.78586],[2.48334,48.78541],[2.48609,48.7847],[2.48699,48.78463],[2.48929,48.78859],[2.48553,48.79021]]],"type":"Polygon"}},{"type":"Feature","properties":{"code":"940220202","nom":"Gondoles Sud I","com":"Choisy-le-Roi","pop80":41.0,"seuls_n":30.0,"p80":1.7,"seuls":71.5,"chaleur":6.3,"alea_fort":20.0,"pauv":19.0,"nbf":1.0,"f_age":0.0,"f_seuls":1.0,"f_chaleur":0.0},"geometry":{"coordinates":[[[2.41658,48.76281],[2.41743,48.76228],[2.41875,48.76117],[2.41943,48.76027],[2.42082,48.75745],[2.42161,48.75558],[2.42272,48.75415],[2.42458,48.75269],[2.42748,48.75094],[2.42853,48.75153],[2.42845,48.75186],[2.42857,48.75258],[2.42838,48.75298],[2.42782,48.75346],[2.42716,48.75494],[2.42629,48.75582],[2.42579,48.75646],[2.42569,48.75713],[2.4285,48.75814],[2.4274,48.75967],[2.42664,48.76052],[2.43389,48.76329],[2.43387,48.76373],[2.43337,48.76378],[2.43156,48.76441],[2.42989,48.76492],[2.42735,48.76401],[2.42493,48.76301],[2.42405,48.76396],[2.42201,48.76313],[2.42126,48.76421],[2.41658,48.76281]]],"type":"Polygon"}},{"type":"Feature","properties":{"code":"940800304","nom":"Est 4","com":"Vincennes","pop80":231.0,"seuls_n":81.0,"p80":6.2,"seuls":49.8,"chaleur":13.1,"alea_fort":80.0,"pauv":8.0,"nbf":2.0,"f_age":1.0,"f_seuls":0.0,"f_chaleur":1.0},"geometry":{"coordinates":[[[2.44595,48.84791],[2.44826,48.84693],[2.4483,48.84676],[2.45148,48.84636],[2.45785,48.84524],[2.45794,48.84568],[2.45521,48.84709],[2.45269,48.84763],[2.45273,48.8483],[2.4499,48.8481],[2.44595,48.84791]]],"type":"Polygon"}},{"type":"Feature","properties":{"code":"940110105","nom":"Saint-Exupéry","com":"Bonneuil-sur-Marne","pop80":144.0,"seuls_n":47.0,"p80":4.8,"seuls":32.5,"chaleur":7.8,"alea_fort":3.0,"pauv":33.0,"nbf":1.0,"f_age":0.0,"f_seuls":0.0,"f_chaleur":1.0},"geometry":{"coordinates":[[[2.48039,48.77052],[2.4817,48.76923],[2.48168,48.76912],[2.48516,48.77069],[2.48531,48.77082],[2.48303,48.77304],[2.48116,48.77219],[2.48142,48.77195],[2.48121,48.77174],[2.48173,48.77127],[2.48178,48.77115],[2.48039,48.77052]]],"type":"Polygon"}},{"type":"Feature","properties":{"code":"940810105","nom":"8 Mai","com":"Vitry-sur-Seine","pop80":33.0,"seuls_n":21.0,"p80":1.2,"seuls":64.0,"chaleur":8.7,"alea_fort":32.0,"pauv":35.0,"nbf":2.0,"f_age":0.0,"f_seuls":1.0,"f_chaleur":1.0},"geometry":{"coordinates":[[[2.3953,48.78508],[2.39575,48.78457],[2.39354,48.78378],[2.3943,48.7828],[2.39646,48.78363],[2.39715,48.78265],[2.39621,48.78232],[2.39621,48.78226],[2.39715,48.7811],[2.39996,48.78221],[2.40116,48.78233],[2.40192,48.78271],[2.40027,48.78485],[2.39912,48.78456],[2.39812,48.78442],[2.39787,48.78497],[2.39719,48.78584],[2.3965,48.7856],[2.39635,48.78541],[2.3953,48.78508]]],"type":"Polygon"}},{"type":"Feature","properties":{"code":"940340104","nom":"Daix-Thibaudes","com":"Fresnes","pop80":141.0,"seuls_n":38.0,"p80":4.0,"seuls":48.3,"chaleur":4.3,"alea_fort":1.0,"pauv":18.0,"nbf":0.0,"f_age":0.0,"f_seuls":0.0,"f_chaleur":0.0},"geometry":{"coordinates":[[[2.3188,48.75505],[2.31852,48.75504],[2.31452,48.75429],[2.31615,48.75336],[2.31644,48.75313],[2.31697,48.75342],[2.31851,48.75273],[2.31722,48.75173],[2.31723,48.75156],[2.31773,48.75108],[2.31679,48.75014],[2.31704,48.75003],[2.31705,48.75017],[2.31767,48.75014],[2.31859,48.74975],[2.31931,48.74963],[2.32003,48.74901],[2.32267,48.74812],[2.32325,48.74881],[2.32373,48.74917],[2.32397,48.74945],[2.32387,48.74957],[2.32483,48.75053],[2.32451,48.75085],[2.32421,48.75153],[2.32379,48.75203],[2.32357,48.75244],[2.32359,48.75266],[2.32439,48.75379],[2.32452,48.75415],[2.32413,48.75413],[2.32263,48.7545],[2.32239,48.75445],[2.32077,48.75464],[2.3188,48.75505]]],"type":"Polygon"}},{"type":"Feature","properties":{"code":"940650104","nom":"Silic","com":"Rungis"},"geometry":{"coordinates":[[[2.35362,48.75132],[2.35206,48.7501],[2.35328,48.74976],[2.35264,48.74877],[2.35199,48.74797],[2.35152,48.74704],[2.35157,48.74703],[2.35129,48.74604],[2.35145,48.7454],[2.35141,48.74508],[2.35117,48.74485],[2.35125,48.74406],[2.35104,48.74399],[2.35154,48.74359],[2.3524,48.74269],[2.35154,48.74269],[2.35141,48.74275],[2.35143,48.74285],[2.35126,48.74285],[2.35123,48.74326],[2.35005,48.74336],[2.34954,48.74328],[2.34895,48.7428],[2.34894,48.74098],[2.35389,48.73871],[2.35673,48.73813],[2.35915,48.74253],[2.36164,48.74354],[2.36109,48.74427],[2.35685,48.7486],[2.35474,48.75044],[2.35362,48.75132]]],"type":"Polygon"}},{"type":"Feature","properties":{"code":"940171101","nom":"Mordacs 1","com":"Champigny-sur-Marne","pop80":51.0,"seuls_n":29.0,"p80":3.3,"seuls":57.0,"chaleur":7.1,"alea_fort":0.0,"pauv":45.0,"nbf":1.0,"f_age":0.0,"f_seuls":1.0,"f_chaleur":0.0},"geometry":{"coordinates":[[[2.53654,48.81227],[2.53329,48.81269],[2.53179,48.81272],[2.53146,48.81266],[2.53065,48.81278],[2.52992,48.81276],[2.52993,48.81272],[2.53053,48.81258],[2.53065,48.81244],[2.53054,48.80994],[2.53041,48.8099],[2.53035,48.80906],[2.53039,48.8076],[2.53127,48.80707],[2.53177,48.80743],[2.53199,48.8075],[2.53564,48.80704],[2.53659,48.81032],[2.53663,48.81164],[2.53654,48.81227]]],"type":"Polygon"}},{"type":"Feature","properties":{"code":"940540104","nom":"Tilleuls","com":"Orly","pop80":43.0,"seuls_n":25.0,"p80":2.0,"seuls":57.9,"chaleur":6.1,"alea_fort":0.0,"pauv":27.0,"nbf":1.0,"f_age":0.0,"f_seuls":1.0,"f_chaleur":0.0},"geometry":{"coordinates":[[[2.40649,48.74945],[2.4072,48.74681],[2.40777,48.74481],[2.40871,48.74503],[2.4085,48.7455],[2.40852,48.74585],[2.4088,48.74619],[2.40981,48.74707],[2.41007,48.74552],[2.41027,48.74587],[2.41092,48.7466],[2.41134,48.74733],[2.41224,48.74859],[2.41094,48.74893],[2.41052,48.74889],[2.41024,48.74991],[2.40649,48.74945]]],"type":"Polygon"}},{"type":"Feature","properties":{"code":"940580103","nom":"Les Parclairs","com":"Le Perreux-sur-Marne","pop80":116.0,"seuls_n":44.0,"p80":4.8,"seuls":38.3,"chaleur":3.9,"alea_fort":0.0,"pauv":10.0,"nbf":0.0,"f_age":0.0,"f_seuls":0.0,"f_chaleur":0.0},"geometry":{"coordinates":[[[2.49431,48.83801],[2.4945,48.83646],[2.49479,48.83548],[2.50681,48.83475],[2.50575,48.83724],[2.4955,48.83733],[2.49494,48.83776],[2.49481,48.83811],[2.49474,48.83805],[2.49431,48.83801]]],"type":"Polygon"}},{"type":"Feature","properties":{"code":"940810308","nom":"Robespierre","com":"Vitry-sur-Seine","pop80":57.0,"seuls_n":25.0,"p80":3.2,"seuls":43.5,"chaleur":14.0,"alea_fort":39.0,"pauv":37.0,"nbf":1.0,"f_age":0.0,"f_seuls":0.0,"f_chaleur":1.0},"geometry":{"coordinates":[[[2.38697,48.79199],[2.38677,48.79197],[2.38807,48.79041],[2.38834,48.7905],[2.38859,48.79019],[2.39109,48.79057],[2.39068,48.79104],[2.39059,48.79101],[2.39043,48.7912],[2.38974,48.79137],[2.39009,48.7915],[2.39028,48.79147],[2.39032,48.79151],[2.38781,48.79196],[2.38743,48.79199],[2.38723,48.79193],[2.38716,48.79208],[2.38697,48.79199]]],"type":"Polygon"}},{"type":"Feature","properties":{"code":"940280202","nom":"La Croix des Mèches","com":"Créteil","pop80":86.0,"seuls_n":32.0,"p80":4.5,"seuls":37.5,"chaleur":7.6,"alea_fort":32.0,"pauv":25.0,"nbf":1.0,"f_age":0.0,"f_seuls":0.0,"f_chaleur":1.0},"geometry":{"coordinates":[[[2.44919,48.78587],[2.44943,48.78579],[2.44944,48.78566],[2.45055,48.78519],[2.45122,48.78465],[2.45149,48.78464],[2.45165,48.78472],[2.45182,48.78495],[2.45205,48.78505],[2.45463,48.78602],[2.45511,48.78631],[2.4555,48.78672],[2.45354,48.7875],[2.45286,48.78783],[2.45252,48.78805],[2.45172,48.7888],[2.44919,48.78587]]],"type":"Polygon"}},{"type":"Feature","properties":{"code":"940440104","nom":"Centre Ville","com":"Limeil-Brévannes","pop80":792.0,"seuls_n":122.0,"p80":13.3,"seuls":69.4,"chaleur":5.4,"alea_fort":5.0,"pauv":17.0,"nbf":2.0,"f_age":1.0,"f_seuls":1.0,"f_chaleur":0.0},"geometry":{"coordinates":[[[2.47384,48.74406],[2.47462,48.74285],[2.47568,48.74147],[2.47774,48.74125],[2.47788,48.74176],[2.47731,48.74291],[2.47695,48.74344],[2.48194,48.74353],[2.48726,48.74427],[2.48917,48.74504],[2.48928,48.74494],[2.48945,48.74499],[2.49515,48.74685],[2.49467,48.74697],[2.49402,48.74761],[2.49227,48.74986],[2.49111,48.751],[2.49058,48.75136],[2.49056,48.75145],[2.488,48.7514],[2.48764,48.75179],[2.48746,48.75182],[2.48668,48.7516],[2.48661,48.75153],[2.48647,48.75154],[2.48587,48.75128],[2.48127,48.7498],[2.47985,48.74961],[2.47976,48.74941],[2.47942,48.74928],[2.47909,48.74902],[2.4783,48.74794],[2.47804,48.7474],[2.4783,48.74604],[2.4779,48.74592],[2.47655,48.74506],[2.47615,48.74471],[2.47582,48.74455],[2.47467,48.74409],[2.47384,48.74406]]],"type":"Polygon"}},{"type":"Feature","properties":{"code":"940680703","nom":"La Pie 3","com":"Saint-Maur-des-Fossés","pop80":88.0,"seuls_n":67.0,"p80":4.4,"seuls":75.9,"chaleur":4.5,"alea_fort":0.0,"pauv":11.0,"nbf":1.0,"f_age":0.0,"f_seuls":1.0,"f_chaleur":0.0},"geometry":{"coordinates":[[[2.47335,48.78922],[2.47463,48.78767],[2.4788,48.78602],[2.48409,48.7847],[2.48635,48.7842],[2.48676,48.78417],[2.48699,48.78463],[2.48609,48.7847],[2.48334,48.78541],[2.48106,48.78586],[2.47929,48.78636],[2.48145,48.78886],[2.48553,48.79021],[2.48222,48.79164],[2.48151,48.79174],[2.4811,48.79187],[2.4742,48.78959],[2.47335,48.78922]]],"type":"Polygon"}},{"type":"Feature","properties":{"code":"940680802","nom":"Saint-Maur Créteil 2","com":"Saint-Maur-des-Fossés","pop80":148.0,"seuls_n":97.0,"p80":7.5,"seuls":65.7,"chaleur":7.2,"alea_fort":0.0,"pauv":15.0,"nbf":2.0,"f_age":1.0,"f_seuls":1.0,"f_chaleur":0.0},"geometry":{"coordinates":[[[2.47107,48.80974],[2.4712,48.80653],[2.47136,48.80641],[2.47173,48.80367],[2.47706,48.80381],[2.47782,48.80502],[2.47963,48.80484],[2.48134,48.80476],[2.48315,48.80482],[2.48453,48.80494],[2.48476,48.8049],[2.48492,48.80478],[2.48499,48.80487],[2.48521,48.80492],[2.4842,48.80519],[2.48348,48.80527],[2.47836,48.80666],[2.47505,48.80725],[2.47401,48.80754],[2.47369,48.80771],[2.4731,48.80833],[2.47158,48.80957],[2.47107,48.80974]]],"type":"Polygon"}},{"type":"Feature","properties":{"code":"940170401","nom":"Maroc 1","com":"Champigny-sur-Marne","pop80":139.0,"seuls_n":55.0,"p80":5.8,"seuls":39.2,"chaleur":5.8,"alea_fort":1.0,"pauv":13.0,"nbf":1.0,"f_age":1.0,"f_seuls":0.0,"f_chaleur":0.0},"geometry":{"coordinates":[[[2.49151,48.81544],[2.49184,48.81538],[2.49133,48.81294],[2.49097,48.81187],[2.49188,48.81168],[2.49521,48.81121],[2.49538,48.8119],[2.49587,48.81185],[2.49611,48.81274],[2.49528,48.81274],[2.49554,48.81475],[2.50178,48.8137],[2.50175,48.81355],[2.50226,48.81354],[2.50251,48.81477],[2.50316,48.81595],[2.4928,48.81815],[2.49151,48.81544]]],"type":"Polygon"}},{"type":"Feature","properties":{"code":"940171304","nom":"Cœuilly 4","com":"Champigny-sur-Marne","pop80":120.0,"seuls_n":47.0,"p80":4.2,"seuls":39.1,"chaleur":3.6,"alea_fort":0.0,"pauv":16.0,"nbf":0.0,"f_age":0.0,"f_seuls":0.0,"f_chaleur":0.0},"geometry":{"coordinates":[[[2.54307,48.80966],[2.54266,48.80889],[2.54166,48.80734],[2.54156,48.80736],[2.54106,48.80788],[2.54106,48.80845],[2.54037,48.80819],[2.54018,48.80795],[2.5402,48.80714],[2.54009,48.80677],[2.54052,48.80664],[2.54117,48.80655],[2.5408,48.80598],[2.54329,48.80572],[2.54353,48.80627],[2.54438,48.80592],[2.54488,48.80556],[2.54504,48.80567],[2.54538,48.80629],[2.54602,48.80675],[2.54738,48.8072],[2.54808,48.8076],[2.54919,48.80802],[2.55068,48.80836],[2.55141,48.80832],[2.55217,48.80819],[2.55319,48.80783],[2.55379,48.80749],[2.55421,48.80809],[2.55437,48.8081],[2.55428,48.8082],[2.5505,48.80871],[2.55062,48.80882],[2.55083,48.80984],[2.55102,48.80993],[2.55213,48.81155],[2.55202,48.81242],[2.55222,48.81256],[2.55202,48.81263],[2.55296,48.81375],[2.55309,48.81461],[2.54921,48.8153],[2.54813,48.81616],[2.54726,48.81575],[2.54659,48.81378],[2.54675,48.813],[2.54593,48.81285],[2.54565,48.81287],[2.54573,48.81228],[2.5449,48.81206],[2.54421,48.8122],[2.54318,48.80991],[2.54324,48.80975],[2.54307,48.80966]]],"type":"Polygon"}},{"type":"Feature","properties":{"code":"940680402","nom":"Champignol 2","com":"Saint-Maur-des-Fossés","pop80":212.0,"seuls_n":89.0,"p80":7.8,"seuls":41.8,"chaleur":3.2,"alea_fort":0.0,"pauv":5.0,"nbf":1.0,"f_age":1.0,"f_seuls":0.0,"f_chaleur":0.0},"geometry":{"coordinates":[[[2.50899,48.80711],[2.51055,48.80663],[2.51242,48.79947],[2.51565,48.80118],[2.51575,48.80126],[2.51578,48.8015],[2.51628,48.80151],[2.52124,48.8042],[2.52146,48.80419],[2.52159,48.80434],[2.52223,48.80446],[2.52211,48.80468],[2.52046,48.80646],[2.52017,48.80698],[2.51928,48.80769],[2.51827,48.80828],[2.51653,48.80887],[2.51518,48.80918],[2.51375,48.80942],[2.51107,48.80964],[2.50985,48.80987],[2.5092,48.80818],[2.50899,48.80711]]],"type":"Polygon"}},{"type":"Feature","properties":{"code":"940280407","nom":"Arcos","com":"Créteil","pop80":142.0,"seuls_n":81.0,"p80":4.2,"seuls":57.3,"chaleur":5.1,"alea_fort":0.0,"pauv":30.0,"nbf":1.0,"f_age":0.0,"f_seuls":1.0,"f_chaleur":0.0},"geometry":{"coordinates":[[[2.45841,48.77659],[2.45894,48.77631],[2.45954,48.77587],[2.46084,48.77446],[2.46183,48.77453],[2.46241,48.77371],[2.46639,48.77423],[2.46824,48.77438],[2.46873,48.77424],[2.46877,48.77442],[2.46889,48.77448],[2.46874,48.77573],[2.46841,48.77615],[2.4676,48.77675],[2.46678,48.77788],[2.45938,48.77762],[2.45935,48.77714],[2.45921,48.77689],[2.45867,48.77673],[2.45841,48.77659]]],"type":"Polygon"}},{"type":"Feature","properties":{"code":"940280404","nom":"Plumerette","com":"Créteil","pop80":85.0,"seuls_n":29.0,"p80":5.1,"seuls":34.2,"chaleur":4.1,"alea_fort":1.0,"pauv":35.0,"nbf":0.0,"f_age":0.0,"f_seuls":0.0,"f_chaleur":0.0},"geometry":{"coordinates":[[[2.46873,48.77424],[2.46893,48.77413],[2.46926,48.7737],[2.4696,48.77287],[2.4705,48.77296],[2.47151,48.77291],[2.47207,48.7731],[2.473,48.77374],[2.4746,48.77458],[2.47259,48.77668],[2.47265,48.77574],[2.47191,48.77568],[2.47187,48.77537],[2.46883,48.77529],[2.46889,48.77448],[2.46877,48.77442],[2.46873,48.77424]]],"type":"Polygon"}},{"type":"Feature","properties":{"code":"940760102","nom":"Guipons","com":"Villejuif","pop80":91.0,"seuls_n":25.0,"p80":3.1,"seuls":27.4,"chaleur":5.4,"alea_fort":7.0,"pauv":20.0,"nbf":0.0,"f_age":0.0,"f_seuls":0.0,"f_chaleur":0.0},"geometry":{"coordinates":[[[2.35824,48.80321],[2.3579,48.80297],[2.35654,48.80226],[2.35588,48.80162],[2.35553,48.80108],[2.35561,48.80096],[2.35622,48.8006],[2.35778,48.80115],[2.35853,48.80121],[2.36179,48.80196],[2.36456,48.80272],[2.36314,48.80716],[2.36278,48.8071],[2.36211,48.80685],[2.36137,48.80742],[2.35805,48.80602],[2.3584,48.80546],[2.35867,48.80401],[2.3588,48.80395],[2.35962,48.80302],[2.35824,48.80321]]],"type":"Polygon"}},{"type":"Feature","properties":{"code":"940780101","nom":"Château de Bellevue","com":"Villeneuve-Saint-Georges","pop80":69.0,"seuls_n":22.0,"p80":2.9,"seuls":32.3,"chaleur":4.5,"alea_fort":4.0,"pauv":37.0,"nbf":0.0,"f_age":0.0,"f_seuls":0.0,"f_chaleur":0.0},"geometry":{"coordinates":[[[2.43972,48.72534],[2.4407,48.72419],[2.44193,48.72387],[2.44357,48.72441],[2.44342,48.72284],[2.4424,48.72168],[2.44247,48.72133],[2.44295,48.72063],[2.44344,48.72074],[2.44414,48.71953],[2.44515,48.71816],[2.44634,48.71682],[2.44749,48.71577],[2.44881,48.71481],[2.45051,48.71451],[2.45097,48.71436],[2.45115,48.7149],[2.45084,48.71496],[2.45028,48.71518],[2.4502,48.7153],[2.45038,48.71567],[2.45065,48.71588],[2.45057,48.71599],[2.45017,48.71633],[2.44947,48.71667],[2.44953,48.71709],[2.44937,48.71723],[2.44859,48.71749],[2.44809,48.71779],[2.44848,48.7184],[2.44849,48.71865],[2.44813,48.7193],[2.44783,48.72009],[2.44794,48.72076],[2.44851,48.72181],[2.44847,48.72197],[2.44819,48.72234],[2.44808,48.72306],[2.44846,48.72321],[2.45061,48.72129],[2.45123,48.72172],[2.45138,48.72165],[2.45154,48.72179],[2.4525,48.7213],[2.4521,48.72077],[2.45417,48.72046],[2.45438,48.7208],[2.4541,48.72085],[2.45429,48.72126],[2.45442,48.72125],[2.45457,48.72161],[2.45623,48.72123],[2.45645,48.72161],[2.45657,48.72159],[2.45665,48.72172],[2.45654,48.72173],[2.45659,48.72203],[2.45631,48.72208],[2.45623,48.72214],[2.45425,48.72238],[2.45303,48.72265],[2.4518,48.7231],[2.45246,48.72366],[2.45221,48.72377],[2.45123,48.72441],[2.45092,48.72421],[2.45072,48.72421],[2.44959,48.72525],[2.44915,48.72569],[2.44903,48.72594],[2.4491,48.72635],[2.44905,48.72649],[2.44927,48.72671],[2.44798,48.72712],[2.44788,48.72706],[2.44761,48.72712],[2.44685,48.7275],[2.44685,48.72769],[2.44633,48.72784],[2.44625,48.72773],[2.44568,48.72788],[2.44552,48.72768],[2.44397,48.72806],[2.44335,48.72706],[2.44278,48.72661],[2.44129,48.72588],[2.43972,48.72534]]],"type":"Polygon"}},{"type":"Feature","properties":{"code":"940810110","nom":"Joliot-Curie","com":"Vitry-sur-Seine","pop80":130.0,"seuls_n":61.0,"p80":4.1,"seuls":47.4,"chaleur":9.3,"alea_fort":25.0,"pauv":29.0,"nbf":1.0,"f_age":0.0,"f_seuls":0.0,"f_chaleur":1.0},"geometry":{"coordinates":[[[2.39451,48.79136],[2.39404,48.79114],[2.3903,48.7898],[2.39032,48.78953],[2.39113,48.78857],[2.39193,48.78797],[2.39105,48.78759],[2.3913,48.78711],[2.39209,48.78616],[2.39283,48.78639],[2.3944,48.78672],[2.39769,48.78758],[2.39722,48.78827],[2.39661,48.78814],[2.3965,48.78821],[2.39527,48.79039],[2.39694,48.79068],[2.39594,48.79317],[2.39557,48.79309],[2.39475,48.79159],[2.39451,48.79136]]],"type":"Polygon"}},{"type":"Feature","properties":{"code":"940330107","nom":"Les Larris 2","com":"Fontenay-sous-Bois","pop80":112.0,"seuls_n":56.0,"p80":4.5,"seuls":50.4,"chaleur":5.4,"alea_fort":25.0,"pauv":21.0,"nbf":0.0,"f_age":0.0,"f_seuls":0.0,"f_chaleur":0.0},"geometry":{"coordinates":[[[2.47645,48.85831],[2.47642,48.85729],[2.47634,48.85718],[2.47605,48.85711],[2.47598,48.85703],[2.47595,48.85644],[2.47643,48.85643],[2.47641,48.85566],[2.47662,48.85565],[2.47664,48.85515],[2.4781,48.85511],[2.47814,48.85491],[2.47916,48.85486],[2.47922,48.85461],[2.47953,48.85458],[2.47953,48.85497],[2.47974,48.85538],[2.47975,48.85583],[2.48006,48.85581],[2.48026,48.85559],[2.48044,48.85552],[2.48207,48.85546],[2.48192,48.85575],[2.48196,48.85654],[2.48174,48.85757],[2.48126,48.85837],[2.48014,48.85827],[2.47896,48.85833],[2.47645,48.85831]]],"type":"Polygon"}},{"type":"Feature","properties":{"code":"940770108","nom":"Plateau et Frais Rosset","com":"Villeneuve-le-Roi","pop80":107.0,"seuls_n":28.0,"p80":5.7,"seuls":26.5,"chaleur":2.8,"alea_fort":2.0,"pauv":15.0,"nbf":1.0,"f_age":1.0,"f_seuls":0.0,"f_chaleur":0.0},"geometry":{"coordinates":[[[2.37022,48.72792],[2.37076,48.72003],[2.37497,48.71974],[2.37659,48.71945],[2.37745,48.72071],[2.38514,48.71899],[2.38668,48.72103],[2.38837,48.72051],[2.38892,48.72111],[2.38997,48.72075],[2.39175,48.72267],[2.39761,48.72094],[2.39892,48.72482],[2.40105,48.72474],[2.40185,48.72673],[2.40459,48.72653],[2.40455,48.72631],[2.40629,48.72619],[2.40628,48.72614],[2.40848,48.72602],[2.40849,48.72595],[2.41089,48.72607],[2.41087,48.72615],[2.41287,48.72635],[2.41428,48.72659],[2.41552,48.72659],[2.41537,48.72691],[2.41539,48.72793],[2.41633,48.72799],[2.41718,48.72794],[2.41723,48.72849],[2.41871,48.72847],[2.41872,48.72897],[2.4202,48.72893],[2.42111,48.72953],[2.42143,48.72929],[2.42158,48.72932],[2.42157,48.72926],[2.42278,48.7292],[2.42272,48.729],[2.4233,48.72889],[2.42327,48.72879],[2.42372,48.72858],[2.42464,48.72945],[2.42565,48.73004],[2.42602,48.73066],[2.42484,48.73093],[2.42186,48.73111],[2.42066,48.73113],[2.41794,48.73105],[2.40902,48.73217],[2.4061,48.73288],[2.40578,48.73369],[2.40426,48.73317],[2.40375,48.73307],[2.40335,48.73307],[2.40282,48.73373],[2.40249,48.73451],[2.40223,48.7345],[2.40176,48.73526],[2.40143,48.7352],[2.40118,48.73549],[2.40164,48.73651],[2.40092,48.73767],[2.39957,48.7374],[2.39792,48.73737],[2.39528,48.73738],[2.39387,48.73751],[2.39112,48.7376],[2.39119,48.73732],[2.38838,48.737],[2.38904,48.7363],[2.38921,48.73446],[2.38791,48.73434],[2.38779,48.73273],[2.38511,48.73266],[2.38522,48.73147],[2.38501,48.73148],[2.38498,48.72987],[2.38234,48.72971],[2.38228,48.72923],[2.37978,48.7293],[2.37962,48.72808],[2.37652,48.72763],[2.37584,48.72757],[2.37022,48.72792]]],"type":"Polygon"}},{"type":"Feature","properties":{"code":"940150102","nom":"Carnot","com":"Bry-sur-Marne","pop80":143.0,"seuls_n":49.0,"p80":5.2,"seuls":42.1,"chaleur":2.5,"alea_fort":0.0,"pauv":8.0,"nbf":0.0,"f_age":0.0,"f_seuls":0.0,"f_chaleur":0.0},"geometry":{"coordinates":[[[2.51932,48.84109],[2.52074,48.84038],[2.52216,48.83991],[2.52223,48.83984],[2.52237,48.83986],[2.52245,48.83931],[2.52263,48.83921],[2.52333,48.83949],[2.52353,48.8395],[2.52379,48.83974],[2.52615,48.84262],[2.52672,48.84295],[2.52876,48.84358],[2.52768,48.84513],[2.5262,48.84707],[2.52227,48.84661],[2.52018,48.84484],[2.51932,48.84109]]],"type":"Polygon"}},{"type":"Feature","properties":{"code":"940180109","nom":"Bercy","com":"Charenton-le-Pont","pop80":63.0,"seuls_n":40.0,"p80":1.9,"seuls":63.8,"chaleur":14.9,"alea_fort":83.0,"pauv":12.0,"nbf":2.0,"f_age":0.0,"f_seuls":1.0,"f_chaleur":1.0},"geometry":{"coordinates":[[[2.39007,48.82569],[2.39552,48.822],[2.3968,48.82127],[2.39796,48.82069],[2.40019,48.81985],[2.40158,48.8213],[2.40229,48.8218],[2.40546,48.82453],[2.40294,48.82569],[2.4016,48.82657],[2.39932,48.82853],[2.39934,48.82867],[2.39571,48.82773],[2.39434,48.82754],[2.39007,48.82569]]],"type":"Polygon"}},{"type":"Feature","properties":{"code":"940780103","nom":"Hôtel de Ville","com":"Villeneuve-Saint-Georges","pop80":234.0,"seuls_n":62.0,"p80":6.8,"seuls":69.9,"chaleur":5.6,"alea_fort":9.0,"pauv":38.0,"nbf":2.0,"f_age":1.0,"f_seuls":1.0,"f_chaleur":0.0},"geometry":{"coordinates":[[[2.44568,48.72788],[2.44625,48.72773],[2.44633,48.72784],[2.44685,48.72769],[2.44685,48.7275],[2.44761,48.72712],[2.44788,48.72706],[2.44798,48.72712],[2.44927,48.72671],[2.44949,48.72697],[2.44969,48.72691],[2.45017,48.72714],[2.45022,48.72724],[2.45062,48.72728],[2.45142,48.72797],[2.45332,48.72905],[2.45369,48.72937],[2.45171,48.73041],[2.45241,48.73122],[2.45357,48.73212],[2.45341,48.73272],[2.45321,48.73286],[2.45597,48.73609],[2.45457,48.7366],[2.45412,48.73564],[2.45214,48.7337],[2.45162,48.73324],[2.45132,48.73308],[2.44679,48.733],[2.44691,48.72977],[2.44661,48.72907],[2.44568,48.72788]]],"type":"Polygon"}},{"type":"Feature","properties":{"code":"940190108","nom":"Hauts de Chennevières Pince-Vent","com":"Chennevières-sur-Marne","pop80":65.0,"seuls_n":16.0,"p80":2.1,"seuls":23.9,"chaleur":9.2,"alea_fort":30.0,"pauv":22.0,"nbf":1.0,"f_age":0.0,"f_seuls":0.0,"f_chaleur":1.0},"geometry":{"coordinates":[[[2.54435,48.79909],[2.54497,48.79885],[2.54577,48.79845],[2.54738,48.79753],[2.55342,48.79825],[2.55332,48.79803],[2.55337,48.79646],[2.55342,48.79559],[2.55351,48.7956],[2.55355,48.79527],[2.55407,48.7947],[2.55575,48.79443],[2.55443,48.79265],[2.5554,48.79197],[2.55586,48.79235],[2.56162,48.79492],[2.56143,48.79498],[2.56116,48.79517],[2.55979,48.79658],[2.55954,48.79693],[2.55895,48.79893],[2.55936,48.79898],[2.5589,48.80045],[2.55854,48.80052],[2.55748,48.80037],[2.55542,48.80176],[2.55542,48.80205],[2.55504,48.80218],[2.55478,48.80237],[2.55463,48.80229],[2.55388,48.80284],[2.55338,48.80273],[2.5529,48.80276],[2.55274,48.80243],[2.54984,48.80191],[2.54842,48.80084],[2.54818,48.801],[2.54737,48.80025],[2.54683,48.7999],[2.54609,48.79959],[2.54471,48.79925],[2.54435,48.79909]]],"type":"Polygon"}},{"type":"Feature","properties":{"code":"940171201","nom":"Bois l'Abbé 1","com":"Champigny-sur-Marne","pop80":50.0,"seuls_n":22.0,"p80":2.1,"seuls":43.2,"chaleur":6.2,"alea_fort":0.0,"pauv":35.0,"nbf":0.0,"f_age":0.0,"f_seuls":0.0,"f_chaleur":0.0},"geometry":{"coordinates":[[[2.54488,48.80556],[2.54513,48.80546],[2.54524,48.80518],[2.54549,48.80491],[2.54618,48.8045],[2.54688,48.80496],[2.54803,48.8054],[2.54931,48.80616],[2.55014,48.80651],[2.55081,48.80695],[2.54935,48.80807],[2.54808,48.8076],[2.54738,48.8072],[2.54636,48.80689],[2.5459,48.80668],[2.54538,48.80629],[2.54504,48.80567],[2.54488,48.80556]]],"type":"Polygon"}},{"type":"Feature","properties":{"code":"940280102","nom":"Église","com":"Créteil","pop80":134.0,"seuls_n":77.0,"p80":5.7,"seuls":59.3,"chaleur":8.2,"alea_fort":21.0,"pauv":19.0,"nbf":3.0,"f_age":1.0,"f_seuls":1.0,"f_chaleur":1.0},"geometry":{"coordinates":[[[2.45921,48.79288],[2.46057,48.79088],[2.46098,48.79003],[2.46641,48.79192],[2.4661,48.79223],[2.46442,48.79316],[2.46442,48.79354],[2.46405,48.79449],[2.46347,48.79573],[2.46322,48.79591],[2.46138,48.79372],[2.46123,48.79361],[2.46097,48.79394],[2.46018,48.7944],[2.46093,48.79364],[2.46026,48.79328],[2.45921,48.79288]]],"type":"Polygon"}},{"type":"Feature","properties":{"code":"940790101","nom":"Le Bois de Gaumont","com":"Villiers-sur-Marne","pop80":131.0,"seuls_n":88.0,"p80":4.8,"seuls":67.4,"chaleur":3.0,"alea_fort":0.0,"pauv":6.0,"nbf":1.0,"f_age":0.0,"f_seuls":1.0,"f_chaleur":0.0},"geometry":{"coordinates":[[[2.55133,48.82619],[2.5533,48.82521],[2.55392,48.82523],[2.55446,48.82511],[2.5554,48.82471],[2.55729,48.82376],[2.55844,48.82339],[2.56053,48.8223],[2.56228,48.82152],[2.56382,48.82056],[2.56511,48.82033],[2.5665,48.8197],[2.56729,48.81941],[2.56783,48.81897],[2.56872,48.81796],[2.571,48.82262],[2.57242,48.82359],[2.56917,48.82408],[2.56868,48.82444],[2.56738,48.82474],[2.56131,48.82654],[2.56059,48.82881],[2.55829,48.82848],[2.55635,48.82802],[2.55481,48.82752],[2.55133,48.82619]]],"type":"Polygon"}},{"type":"Feature","properties":{"code":"940190107","nom":"Bois l'Abbé 2 Plaine des Bordes","com":"Chennevières-sur-Marne","pop80":82.0,"seuls_n":24.0,"p80":3.0,"seuls":29.3,"chaleur":3.2,"alea_fort":3.0,"pauv":31.0,"nbf":0.0,"f_age":0.0,"f_seuls":0.0,"f_chaleur":0.0},"geometry":{"coordinates":[[[2.55111,48.80322],[2.55113,48.80314],[2.55306,48.80273],[2.55352,48.80274],[2.55388,48.80284],[2.55463,48.80229],[2.55478,48.80237],[2.55504,48.80218],[2.55542,48.80205],[2.55542,48.80176],[2.55748,48.80037],[2.55854,48.80052],[2.5589,48.80045],[2.55936,48.79898],[2.55895,48.79893],[2.55954,48.79693],[2.55979,48.79658],[2.56116,48.79517],[2.56143,48.79498],[2.56162,48.79492],[2.56552,48.79657],[2.56744,48.79723],[2.57154,48.79888],[2.57124,48.79952],[2.57097,48.80212],[2.5692,48.80317],[2.56646,48.80516],[2.55809,48.80363],[2.55771,48.80475],[2.55976,48.80503],[2.55943,48.80568],[2.55927,48.80577],[2.55901,48.80643],[2.55882,48.80661],[2.55895,48.80667],[2.55849,48.80757],[2.5579,48.80758],[2.55482,48.80809],[2.55421,48.80809],[2.55379,48.80749],[2.55418,48.80645],[2.55401,48.80488],[2.55274,48.80409],[2.5523,48.80393],[2.55111,48.80322]]],"type":"Polygon"}},{"type":"Feature","properties":{"code":"940170201","nom":"Plant 1","com":"Champigny-sur-Marne","pop80":128.0,"seuls_n":48.0,"p80":5.6,"seuls":38.0,"chaleur":7.3,"alea_fort":1.0,"pauv":17.0,"nbf":2.0,"f_age":1.0,"f_seuls":0.0,"f_chaleur":1.0},"geometry":{"coordinates":[[[2.4841,48.82003],[2.48479,48.81982],[2.49406,48.81788],[2.4954,48.82049],[2.49451,48.82241],[2.49408,48.82294],[2.48572,48.82049],[2.48506,48.82024],[2.4841,48.82003]]],"type":"Polygon"}},{"type":"Feature","properties":{"code":"940180107","nom":"Carrières","com":"Charenton-le-Pont","pop80":99.0,"seuls_n":68.0,"p80":4.5,"seuls":68.3,"chaleur":8.8,"alea_fort":13.0,"pauv":17.0,"nbf":2.0,"f_age":0.0,"f_seuls":1.0,"f_chaleur":1.0},"geometry":{"coordinates":[[[2.40019,48.81985],[2.40541,48.81813],[2.40812,48.81734],[2.40901,48.81687],[2.4094,48.81656],[2.4107,48.8164],[2.41358,48.8162],[2.4148,48.81618],[2.41592,48.81625],[2.41467,48.81805],[2.41258,48.81829],[2.41288,48.81861],[2.41126,48.8192],[2.41144,48.81943],[2.40929,48.82016],[2.40816,48.82035],[2.4079,48.8198],[2.40503,48.82054],[2.40486,48.82046],[2.40458,48.81994],[2.40242,48.8206],[2.40132,48.82105],[2.40019,48.81985]]],"type":"Polygon"}},{"type":"Feature","properties":{"code":"940020203","nom":"Carnot Petit Pont Alouettes","com":"Alfortville","pop80":96.0,"seuls_n":33.0,"p80":2.8,"seuls":34.2,"chaleur":9.1,"alea_fort":15.0,"pauv":30.0,"nbf":1.0,"f_age":0.0,"f_seuls":0.0,"f_chaleur":1.0},"geometry":{"coordinates":[[[2.41733,48.78073],[2.41848,48.78036],[2.42148,48.78478],[2.42281,48.7844],[2.42359,48.78426],[2.42385,48.78425],[2.42411,48.78438],[2.42426,48.78455],[2.42391,48.78488],[2.42503,48.78557],[2.42509,48.78612],[2.42519,48.7862],[2.42538,48.7868],[2.42576,48.78677],[2.42567,48.78696],[2.42571,48.78978],[2.42586,48.79005],[2.42532,48.79574],[2.42255,48.79514],[2.4217,48.79661],[2.42041,48.79821],[2.41884,48.79734],[2.42074,48.79569],[2.42162,48.79448],[2.42248,48.79268],[2.42283,48.7911],[2.42267,48.78954],[2.42202,48.78791],[2.41968,48.78413],[2.41733,48.78073]]],"type":"Polygon"}},{"type":"Feature","properties":{"code":"940680704","nom":"La Pie 4","com":"Saint-Maur-des-Fossés","pop80":174.0,"seuls_n":60.0,"p80":7.1,"seuls":55.6,"chaleur":4.5,"alea_fort":0.0,"pauv":7.0,"nbf":2.0,"f_age":1.0,"f_seuls":1.0,"f_chaleur":0.0},"geometry":{"coordinates":[[[2.4701,48.79957],[2.47179,48.79431],[2.47189,48.79343],[2.47179,48.79252],[2.47188,48.79167],[2.47238,48.79049],[2.47335,48.78922],[2.4742,48.78959],[2.4811,48.79187],[2.47995,48.79247],[2.47749,48.79422],[2.47697,48.79489],[2.47628,48.79617],[2.47431,48.79825],[2.47339,48.799],[2.47247,48.79927],[2.47123,48.7991],[2.47113,48.79932],[2.47074,48.79971],[2.47048,48.80025],[2.4701,48.79957]]],"type":"Polygon"}},{"type":"Feature","properties":{"code":"940280302","nom":"Les Bleuets","com":"Créteil","pop80":16.0,"seuls_n":9.0,"p80":0.6,"seuls":null,"chaleur":2.8,"alea_fort":5.0,"pauv":29.0,"nbf":null,"f_age":null,"f_seuls":null,"f_chaleur":null},"geometry":{"coordinates":[[[2.45778,48.80492],[2.45771,48.80488],[2.45776,48.80484],[2.45616,48.80397],[2.45516,48.80475],[2.45355,48.80381],[2.45399,48.80359],[2.45526,48.80266],[2.45526,48.80232],[2.45746,48.80227],[2.458,48.80194],[2.4583,48.80211],[2.45878,48.80175],[2.46048,48.80271],[2.4598,48.80325],[2.45895,48.8041],[2.45778,48.80492]]],"type":"Polygon"}},{"type":"Feature","properties":{"code":"940700000","nom":"Santeny (commune non irisée)","com":"Santeny","pop80":254.0,"seuls_n":63.0,"p80":6.3,"seuls":30.9,"chaleur":3.1,"alea_fort":2.0,"pauv":null,"nbf":1.0,"f_age":1.0,"f_seuls":0.0,"f_chaleur":0.0},"geometry":{"coordinates":[[[2.55344,48.72233],[2.55198,48.71958],[2.55328,48.71924],[2.55341,48.71941],[2.55699,48.71813],[2.55556,48.71661],[2.554,48.71542],[2.55538,48.71478],[2.55558,48.71499],[2.55762,48.71417],[2.55703,48.71347],[2.55968,48.71245],[2.55881,48.71136],[2.56018,48.71076],[2.56027,48.71091],[2.56139,48.71067],[2.56137,48.71062],[2.56303,48.7092],[2.56303,48.70909],[2.56409,48.70879],[2.566,48.70849],[2.56616,48.70896],[2.56661,48.70891],[2.56667,48.70914],[2.56779,48.709],[2.5687,48.70897],[2.56874,48.71024],[2.56924,48.71016],[2.56923,48.71111],[2.57109,48.71124],[2.5718,48.71354],[2.5754,48.71267],[2.57588,48.71463],[2.57654,48.71671],[2.57676,48.71665],[2.57729,48.71851],[2.57735,48.71966],[2.57709,48.71969],[2.57743,48.72111],[2.57845,48.72079],[2.57936,48.72276],[2.57958,48.7226],[2.57964,48.72245],[2.57993,48.72229],[2.58094,48.72191],[2.58147,48.7227],[2.58137,48.72273],[2.58233,48.72417],[2.58263,48.7241],[2.58297,48.72465],[2.58481,48.72679],[2.58449,48.72674],[2.58694,48.72809],[2.58685,48.72823],[2.58801,48.72919],[2.58827,48.72898],[2.58935,48.72919],[2.59025,48.73123],[2.59013,48.73131],[2.5932,48.73204],[2.59334,48.73159],[2.59475,48.73193],[2.5939,48.73551],[2.59465,48.73574],[2.5945,48.7359],[2.5958,48.73648],[2.59143,48.73754],[2.59165,48.73852],[2.59146,48.73855],[2.59031,48.73958],[2.58977,48.73996],[2.58518,48.74177],[2.5876,48.74421],[2.58777,48.74416],[2.59055,48.74543],[2.58998,48.74619],[2.59062,48.74682],[2.59129,48.74722],[2.59165,48.74756],[2.59612,48.74718],[2.59807,48.7501],[2.59853,48.74989],[2.59987,48.75074],[2.60023,48.75104],[2.60072,48.75172],[2.60083,48.75175],[2.6016,48.75284],[2.60182,48.75296],[2.60181,48.7531],[2.60219,48.75357],[2.60186,48.75373],[2.60163,48.75409],[2.59975,48.75512],[2.59937,48.75542],[2.59747,48.76064],[2.58733,48.76396],[2.58116,48.755],[2.57893,48.75507],[2.57702,48.755],[2.57679,48.7545],[2.57547,48.75233],[2.57532,48.75227],[2.57386,48.75211],[2.5709,48.75183],[2.57065,48.75171],[2.5702,48.75124],[2.57009,48.75068],[2.56981,48.75036],[2.56864,48.74842],[2.57341,48.74784],[2.57317,48.74702],[2.57315,48.74513],[2.5729,48.74387],[2.56819,48.74039],[2.56874,48.73856],[2.56536,48.73903],[2.5652,48.73679],[2.56486,48.73499],[2.56255,48.73536],[2.55877,48.73625],[2.55798,48.73542],[2.55678,48.73312],[2.55631,48.73117],[2.55535,48.72606],[2.55481,48.72635],[2.55344,48.72233]]],"type":"Polygon"}},{"type":"Feature","properties":{"code":"940730102","nom":"Le Fossé Bazin","com":"Thiais","pop80":93.0,"seuls_n":43.0,"p80":3.5,"seuls":46.3,"chaleur":3.6,"alea_fort":4.0,"pauv":21.0,"nbf":0.0,"f_age":0.0,"f_seuls":0.0,"f_chaleur":0.0},"geometry":{"coordinates":[[[2.36778,48.7719],[2.36798,48.76871],[2.36822,48.76863],[2.36878,48.76866],[2.38481,48.7667],[2.38503,48.7667],[2.38562,48.76708],[2.38576,48.76737],[2.38556,48.76752],[2.3857,48.76768],[2.38597,48.76767],[2.38605,48.7675],[2.3866,48.76746],[2.38875,48.7681],[2.38899,48.7683],[2.38928,48.76834],[2.38904,48.76912],[2.38913,48.76926],[2.38899,48.76941],[2.38907,48.76974],[2.38977,48.7698],[2.39059,48.7704],[2.39059,48.77087],[2.39081,48.7711],[2.39177,48.77122],[2.3918,48.77112],[2.39267,48.77124],[2.39267,48.77187],[2.39259,48.77191],[2.39265,48.772],[2.39255,48.77236],[2.3886,48.77189],[2.3881,48.77321],[2.38623,48.77273],[2.38354,48.77225],[2.38188,48.77177],[2.38086,48.77207],[2.37913,48.7731],[2.37787,48.77222],[2.37766,48.77231],[2.37653,48.77151],[2.37694,48.77139],[2.37618,48.77076],[2.3743,48.77184],[2.37248,48.77091],[2.37258,48.77082],[2.37165,48.77037],[2.37107,48.77001],[2.36838,48.77214],[2.36778,48.7719]]],"type":"Polygon"}},{"type":"Feature","properties":{"code":"940220113","nom":"République","com":"Choisy-le-Roi","pop80":166.0,"seuls_n":78.0,"p80":5.3,"seuls":47.0,"chaleur":5.5,"alea_fort":7.0,"pauv":20.0,"nbf":1.0,"f_age":1.0,"f_seuls":0.0,"f_chaleur":0.0},"geometry":{"coordinates":[[[2.40359,48.76018],[2.40456,48.75661],[2.4096,48.75802],[2.40969,48.75807],[2.40952,48.75832],[2.41248,48.75915],[2.41292,48.75846],[2.41358,48.75864],[2.4144,48.75866],[2.4123,48.76175],[2.41168,48.76296],[2.41136,48.7638],[2.41113,48.76496],[2.41102,48.76607],[2.41065,48.76597],[2.41069,48.76479],[2.41027,48.76449],[2.40998,48.76441],[2.4104,48.76377],[2.4109,48.76245],[2.40748,48.76148],[2.40757,48.76131],[2.40359,48.76018]]],"type":"Polygon"}},{"type":"Feature","properties":{"code":"940760119","nom":"Lebon","com":"Villejuif","pop80":76.0,"seuls_n":37.0,"p80":4.3,"seuls":48.8,"chaleur":6.5,"alea_fort":0.0,"pauv":35.0,"nbf":0.0,"f_age":0.0,"f_seuls":0.0,"f_chaleur":0.0},"geometry":{"coordinates":[[[2.35999,48.77923],[2.36114,48.77945],[2.36477,48.78046],[2.36659,48.78081],[2.36719,48.78088],[2.36704,48.78277],[2.36214,48.78273],[2.36213,48.78245],[2.36115,48.78079],[2.35999,48.77923]]],"type":"Polygon"}},{"type":"Feature","properties":{"code":"940550102","nom":"Centre Nord","com":"Ormesson-sur-Marne","pop80":132.0,"seuls_n":49.0,"p80":6.8,"seuls":37.2,"chaleur":4.3,"alea_fort":0.0,"pauv":7.0,"nbf":1.0,"f_age":1.0,"f_seuls":0.0,"f_chaleur":0.0},"geometry":{"coordinates":[[[2.53266,48.7921],[2.53589,48.7888],[2.5361,48.78871],[2.53607,48.78862],[2.53929,48.7853],[2.54598,48.78814],[2.54064,48.79094],[2.53302,48.79212],[2.53266,48.7921]]],"type":"Polygon"}},{"type":"Feature","properties":{"code":"940171102","nom":"Mordacs 2","com":"Champigny-sur-Marne","pop80":64.0,"seuls_n":29.0,"p80":3.3,"seuls":45.8,"chaleur":4.3,"alea_fort":0.0,"pauv":31.0,"nbf":0.0,"f_age":0.0,"f_seuls":0.0,"f_chaleur":0.0},"geometry":{"coordinates":[[[2.53127,48.80707],[2.53283,48.80611],[2.53349,48.80599],[2.53361,48.80587],[2.53471,48.80607],[2.53532,48.80632],[2.53592,48.80586],[2.53961,48.80606],[2.5408,48.80598],[2.54117,48.80655],[2.54052,48.80664],[2.54009,48.80677],[2.5402,48.80714],[2.54018,48.80795],[2.54037,48.80819],[2.54106,48.80845],[2.54106,48.80788],[2.54156,48.80736],[2.54166,48.80734],[2.54266,48.80889],[2.54307,48.80966],[2.54284,48.80973],[2.53549,48.80667],[2.53564,48.80704],[2.53207,48.80749],[2.53185,48.80747],[2.53127,48.80707]]],"type":"Polygon"}},{"type":"Feature","properties":{"code":"940160102","nom":"Cité Jardins","com":"Cachan","pop80":78.0,"seuls_n":38.0,"p80":3.7,"seuls":48.3,"chaleur":6.0,"alea_fort":0.0,"pauv":31.0,"nbf":0.0,"f_age":0.0,"f_seuls":0.0,"f_chaleur":0.0},"geometry":{"coordinates":[[[2.3187,48.788],[2.32208,48.78702],[2.32538,48.78923],[2.31978,48.79085],[2.3187,48.788]]],"type":"Polygon"}},{"type":"Feature","properties":{"code":"940110103","nom":"Haut Bonneuil","com":"Bonneuil-sur-Marne","pop80":85.0,"seuls_n":59.0,"p80":3.8,"seuls":69.2,"chaleur":2.6,"alea_fort":0.0,"pauv":13.0,"nbf":1.0,"f_age":0.0,"f_seuls":1.0,"f_chaleur":0.0},"geometry":{"coordinates":[[[2.47157,48.77292],[2.47232,48.77184],[2.47213,48.77177],[2.47234,48.77153],[2.47202,48.77145],[2.47348,48.77009],[2.47401,48.77026],[2.4748,48.76935],[2.47617,48.77028],[2.47804,48.76847],[2.47825,48.76862],[2.47978,48.76934],[2.47987,48.76945],[2.4794,48.76995],[2.47937,48.77008],[2.47921,48.77004],[2.47772,48.77135],[2.47878,48.77209],[2.48039,48.77052],[2.48178,48.77115],[2.48173,48.77127],[2.48121,48.77174],[2.48142,48.77195],[2.48116,48.77219],[2.48303,48.77304],[2.48184,48.77418],[2.48082,48.77349],[2.47909,48.77462],[2.47836,48.77517],[2.47735,48.77607],[2.47616,48.77691],[2.47363,48.77559],[2.4746,48.77458],[2.473,48.77374],[2.47207,48.7731],[2.47157,48.77292]]],"type":"Polygon"}},{"type":"Feature","properties":{"code":"940680109","nom":"Adamville 9","com":"Saint-Maur-des-Fossés","pop80":105.0,"seuls_n":52.0,"p80":5.6,"seuls":49.1,"chaleur":3.6,"alea_fort":0.0,"pauv":7.0,"nbf":1.0,"f_age":1.0,"f_seuls":0.0,"f_chaleur":0.0},"geometry":{"coordinates":[[[2.47864,48.79342],[2.47995,48.79247],[2.48066,48.79206],[2.48151,48.79174],[2.48222,48.79164],[2.48929,48.78859],[2.49076,48.79111],[2.4873,48.79344],[2.48741,48.79366],[2.48717,48.7939],[2.48694,48.79395],[2.48668,48.79389],[2.48647,48.79364],[2.47864,48.79342]]],"type":"Polygon"}},{"type":"Feature","properties":{"code":"940680401","nom":"Champignol 1","com":"Saint-Maur-des-Fossés","pop80":190.0,"seuls_n":84.0,"p80":7.1,"seuls":44.5,"chaleur":3.8,"alea_fort":0.0,"pauv":6.0,"nbf":1.0,"f_age":1.0,"f_seuls":0.0,"f_chaleur":0.0},"geometry":{"coordinates":[[[2.50851,48.8043],[2.50319,48.79824],[2.50287,48.79796],[2.50288,48.79787],[2.50672,48.79636],[2.51242,48.79947],[2.51055,48.80663],[2.50899,48.80711],[2.50871,48.8047],[2.50851,48.8043]]],"type":"Polygon"}},{"type":"Feature","properties":{"code":"940810210","nom":"Édouard Til","com":"Vitry-sur-Seine","pop80":43.0,"seuls_n":13.0,"p80":3.1,"seuls":30.0,"chaleur":6.7,"alea_fort":17.0,"pauv":21.0,"nbf":0.0,"f_age":0.0,"f_seuls":0.0,"f_chaleur":0.0},"geometry":{"coordinates":[[[2.38349,48.79171],[2.38429,48.79068],[2.38437,48.78907],[2.38449,48.78875],[2.3849,48.78833],[2.38629,48.78891],[2.3869,48.78837],[2.38763,48.78887],[2.38837,48.78795],[2.38971,48.78843],[2.38677,48.79197],[2.38697,48.79199],[2.38652,48.79252],[2.38623,48.79231],[2.38349,48.79171]]],"type":"Polygon"}},{"type":"Feature","properties":{"code":"940280210","nom":"Palais-Grand Pavois","com":"Créteil","pop80":55.0,"seuls_n":21.0,"p80":1.8,"seuls":37.8,"chaleur":9.2,"alea_fort":20.0,"pauv":30.0,"nbf":1.0,"f_age":0.0,"f_seuls":0.0,"f_chaleur":1.0},"geometry":{"coordinates":[[[2.44091,48.78596],[2.44097,48.78525],[2.44115,48.78472],[2.44342,48.78554],[2.44321,48.78531],[2.44317,48.78507],[2.44358,48.78473],[2.4436,48.78456],[2.44349,48.7844],[2.44343,48.78405],[2.44414,48.78403],[2.44431,48.7841],[2.44445,48.78426],[2.44481,48.78404],[2.44526,48.78389],[2.44616,48.7838],[2.44635,48.78391],[2.4465,48.7839],[2.44663,48.78374],[2.44713,48.78354],[2.44919,48.78587],[2.44833,48.78618],[2.44776,48.78649],[2.44644,48.78804],[2.44558,48.78771],[2.44539,48.78771],[2.44549,48.7876],[2.44447,48.78728],[2.44394,48.78693],[2.4436,48.78686],[2.44342,48.78689],[2.44269,48.78653],[2.44246,48.78655],[2.44091,48.78596]]],"type":"Polygon"}},{"type":"Feature","properties":{"code":"940460103","nom":"Centre Vert de Maison 3","com":"Maisons-Alfort","pop80":100.0,"seuls_n":56.0,"p80":5.6,"seuls":56.1,"chaleur":6.4,"alea_fort":3.0,"pauv":5.0,"nbf":2.0,"f_age":1.0,"f_seuls":1.0,"f_chaleur":0.0},"geometry":{"coordinates":[[[2.43129,48.80558],[2.43177,48.80521],[2.43406,48.80284],[2.44085,48.80575],[2.43361,48.80958],[2.43157,48.8058],[2.43129,48.80558]]],"type":"Polygon"}},{"type":"Feature","properties":{"code":"940160106","nom":"La Plaine 1","com":"Cachan","pop80":132.0,"seuls_n":83.0,"p80":4.4,"seuls":63.1,"chaleur":3.0,"alea_fort":2.0,"pauv":21.0,"nbf":1.0,"f_age":0.0,"f_seuls":1.0,"f_chaleur":0.0},"geometry":{"coordinates":[[[2.32838,48.78444],[2.32928,48.78439],[2.32943,48.7845],[2.33204,48.78438],[2.33438,48.78437],[2.33441,48.78425],[2.33471,48.78417],[2.33632,48.7877],[2.33696,48.78846],[2.33688,48.78941],[2.33551,48.78984],[2.33514,48.78936],[2.33465,48.78842],[2.33418,48.7887],[2.33379,48.78797],[2.33331,48.78829],[2.33268,48.78857],[2.33257,48.78795],[2.33278,48.78609],[2.33268,48.78604],[2.32909,48.78593],[2.32864,48.78513],[2.32838,48.78444]]],"type":"Polygon"}},{"type":"Feature","properties":{"code":"940280405","nom":"Côte d'Or-Coteaux du Sud-Sarrasins","com":"Créteil","pop80":139.0,"seuls_n":29.0,"p80":1.9,"seuls":35.0,"chaleur":7.0,"alea_fort":7.0,"pauv":23.0,"nbf":0.0,"f_age":0.0,"f_seuls":0.0,"f_chaleur":0.0},"geometry":{"coordinates":[[[2.46367,48.77106],[2.46357,48.77076],[2.46417,48.7697],[2.4651,48.76869],[2.46516,48.76848],[2.46512,48.76806],[2.466,48.76649],[2.46609,48.76616],[2.46621,48.76613],[2.46743,48.76416],[2.46796,48.76309],[2.46818,48.76237],[2.47212,48.76328],[2.4725,48.76271],[2.4735,48.76173],[2.47715,48.76276],[2.47582,48.76395],[2.47484,48.76528],[2.4749,48.76537],[2.47508,48.76543],[2.47737,48.76612],[2.47401,48.77026],[2.47348,48.77009],[2.47202,48.77145],[2.47234,48.77153],[2.47213,48.77177],[2.47232,48.77184],[2.47157,48.77292],[2.4705,48.77296],[2.4696,48.77287],[2.46953,48.77252],[2.46936,48.77227],[2.46817,48.77151],[2.46813,48.77122],[2.46884,48.77071],[2.46913,48.7699],[2.46822,48.77005],[2.46684,48.77095],[2.46675,48.77111],[2.46439,48.77068],[2.46367,48.77106]]],"type":"Polygon"}},{"type":"Feature","properties":{"code":"940780102","nom":"Kennedy","com":"Villeneuve-Saint-Georges","pop80":141.0,"seuls_n":60.0,"p80":2.5,"seuls":42.9,"chaleur":3.5,"alea_fort":4.0,"pauv":25.0,"nbf":0.0,"f_age":0.0,"f_seuls":0.0,"f_chaleur":0.0},"geometry":{"coordinates":[[[2.44949,48.72697],[2.44905,48.72649],[2.4491,48.72635],[2.44902,48.72598],[2.4491,48.72574],[2.45072,48.72421],[2.45092,48.72421],[2.45123,48.72441],[2.45231,48.72371],[2.45339,48.7235],[2.45417,48.72466],[2.45628,48.72401],[2.45992,48.72383],[2.4603,48.72597],[2.46158,48.72615],[2.46283,48.72626],[2.46333,48.72689],[2.4649,48.72715],[2.46493,48.72841],[2.46555,48.72901],[2.46575,48.72946],[2.46583,48.7295],[2.46676,48.7296],[2.46767,48.7282],[2.46764,48.72667],[2.46835,48.72663],[2.46954,48.72686],[2.4705,48.7271],[2.47156,48.72753],[2.4728,48.72752],[2.47282,48.73087],[2.4725,48.73112],[2.47232,48.73143],[2.47227,48.73183],[2.47235,48.73222],[2.47282,48.73315],[2.47291,48.73351],[2.47192,48.73605],[2.47192,48.73862],[2.47064,48.73789],[2.4707,48.73784],[2.47046,48.73768],[2.46967,48.73727],[2.46898,48.737],[2.46752,48.73657],[2.46667,48.73618],[2.46203,48.73338],[2.46132,48.73378],[2.46048,48.73395],[2.4604,48.73408],[2.46037,48.73485],[2.45987,48.73484],[2.4598,48.73527],[2.46042,48.73556],[2.46136,48.73619],[2.46174,48.73684],[2.4623,48.73752],[2.46106,48.73809],[2.46029,48.73868],[2.45865,48.73942],[2.45815,48.73984],[2.45707,48.74014],[2.45692,48.7397],[2.45647,48.73912],[2.45503,48.73763],[2.45457,48.7366],[2.45597,48.73609],[2.45321,48.73286],[2.45341,48.73272],[2.45357,48.73212],[2.45241,48.73122],[2.45171,48.73041],[2.45369,48.72937],[2.45325,48.72901],[2.45142,48.72797],[2.45062,48.72728],[2.45022,48.72724],[2.45017,48.72714],[2.44969,48.72691],[2.44949,48.72697]]],"type":"Polygon"}},{"type":"Feature","properties":{"code":"940410301","nom":"Ivry Port Nord","com":"Ivry-sur-Seine","pop80":63.0,"seuls_n":33.0,"p80":1.2,"seuls":51.6,"chaleur":14.2,"alea_fort":71.0,"pauv":44.0,"nbf":1.0,"f_age":0.0,"f_seuls":0.0,"f_chaleur":1.0},"geometry":{"coordinates":[[[2.3833,48.82304],[2.38971,48.81626],[2.39011,48.81572],[2.39095,48.81486],[2.39196,48.81524],[2.39328,48.81559],[2.39447,48.81456],[2.39705,48.81456],[2.3971,48.81473],[2.39729,48.81488],[2.39536,48.81668],[2.39883,48.81859],[2.40019,48.81985],[2.39796,48.82069],[2.3968,48.82127],[2.39552,48.822],[2.39007,48.82569],[2.38945,48.82534],[2.38694,48.82446],[2.38523,48.82373],[2.3833,48.82304]]],"type":"Polygon"}},{"type":"Feature","properties":{"code":"940780205","nom":"Sellier","com":"Villeneuve-Saint-Georges","pop80":43.0,"seuls_n":27.0,"p80":1.8,"seuls":63.7,"chaleur":4.4,"alea_fort":0.0,"pauv":43.0,"nbf":1.0,"f_age":0.0,"f_seuls":1.0,"f_chaleur":0.0},"geometry":{"coordinates":[[[2.44727,48.75066],[2.44875,48.75414],[2.44468,48.7552],[2.44431,48.75534],[2.44571,48.74967],[2.44788,48.74797],[2.44775,48.75047],[2.44727,48.75066]]],"type":"Polygon"}},{"type":"Feature","properties":{"code":"940730112","nom":"Le Pavé de Grignon","com":"Thiais","pop80":90.0,"seuls_n":55.0,"p80":3.0,"seuls":61.4,"chaleur":7.9,"alea_fort":4.0,"pauv":20.0,"nbf":2.0,"f_age":0.0,"f_seuls":1.0,"f_chaleur":1.0},"geometry":{"coordinates":[[[2.40416,48.75808],[2.39753,48.75609],[2.39771,48.75581],[2.39924,48.75519],[2.40067,48.75477],[2.40352,48.75413],[2.40358,48.75422],[2.4035,48.7543],[2.40358,48.75438],[2.40392,48.75446],[2.40406,48.75417],[2.40424,48.75407],[2.40521,48.7542],[2.40416,48.75808]]],"type":"Polygon"}},{"type":"Feature","properties":{"code":"940380102","nom":"Les Blondeaux 1","com":"L'Haÿ-les-Roses","pop80":107.0,"seuls_n":38.0,"p80":5.8,"seuls":35.8,"chaleur":3.2,"alea_fort":0.0,"pauv":7.0,"nbf":1.0,"f_age":1.0,"f_seuls":0.0,"f_chaleur":0.0},"geometry":{"coordinates":[[[2.32849,48.7682],[2.32777,48.76574],[2.32933,48.76533],[2.32988,48.76526],[2.33257,48.76457],[2.33303,48.76493],[2.33358,48.76569],[2.33518,48.769],[2.33588,48.77021],[2.33468,48.77066],[2.3346,48.77052],[2.33377,48.77078],[2.33336,48.77011],[2.32996,48.77076],[2.32886,48.77104],[2.32924,48.76978],[2.32849,48.7682]]],"type":"Polygon"}},{"type":"Feature","properties":{"code":"940330120","nom":"Pasteur","com":"Fontenay-sous-Bois","pop80":127.0,"seuls_n":67.0,"p80":4.0,"seuls":52.8,"chaleur":10.3,"alea_fort":27.0,"pauv":17.0,"nbf":1.0,"f_age":0.0,"f_seuls":0.0,"f_chaleur":1.0},"geometry":{"coordinates":[[[2.4563,48.84956],[2.45601,48.84874],[2.45628,48.84871],[2.45593,48.84731],[2.45646,48.8471],[2.4563,48.84651],[2.45893,48.84518],[2.46032,48.84493],[2.46097,48.84468],[2.46262,48.84434],[2.46525,48.84737],[2.46373,48.84807],[2.46098,48.8489],[2.45641,48.84959],[2.4563,48.84956]]],"type":"Polygon"}},{"type":"Feature","properties":{"code":"940020109","nom":"Gare","com":"Alfortville","pop80":185.0,"seuls_n":101.0,"p80":5.6,"seuls":54.4,"chaleur":7.7,"alea_fort":15.0,"pauv":12.0,"nbf":2.0,"f_age":1.0,"f_seuls":0.0,"f_chaleur":1.0},"geometry":{"coordinates":[[[2.41976,48.80436],[2.42209,48.80092],[2.42339,48.79879],[2.42437,48.79904],[2.42519,48.79938],[2.42527,48.79925],[2.42612,48.79955],[2.42612,48.79972],[2.42739,48.79994],[2.42556,48.80448],[2.4254,48.80445],[2.42544,48.80431],[2.4244,48.80373],[2.42422,48.80382],[2.42066,48.80434],[2.41982,48.80444],[2.41976,48.80436]]],"type":"Polygon"}},{"type":"Feature","properties":{"code":"940040103","nom":"Prévert","com":"Boissy-Saint-Léger","pop80":98.0,"seuls_n":5.0,"p80":5.0,"seuls":20.7,"chaleur":8.6,"alea_fort":13.0,"pauv":35.0,"nbf":1.0,"f_age":0.0,"f_seuls":0.0,"f_chaleur":1.0},"geometry":{"coordinates":[[[2.49837,48.75333],[2.49902,48.75264],[2.49921,48.75269],[2.50107,48.75069],[2.50155,48.74898],[2.50445,48.74944],[2.50474,48.74958],[2.50524,48.74995],[2.50435,48.7503],[2.50543,48.75223],[2.50539,48.75229],[2.50546,48.75233],[2.50587,48.75318],[2.5062,48.75338],[2.5066,48.75343],[2.50658,48.75362],[2.50624,48.75412],[2.50516,48.755],[2.50502,48.7549],[2.50496,48.75452],[2.50477,48.75426],[2.50453,48.75404],[2.50397,48.75371],[2.50372,48.75377],[2.50337,48.7537],[2.50304,48.7544],[2.50286,48.75444],[2.50237,48.75437],[2.50203,48.75442],[2.50159,48.75484],[2.49965,48.75443],[2.49919,48.7541],[2.49913,48.75389],[2.4992,48.75363],[2.49888,48.75368],[2.49868,48.75364],[2.49837,48.75333]]],"type":"Polygon"}},{"type":"Feature","properties":{"code":"940460110","nom":"Centre Vert de Maison 10","com":"Maisons-Alfort","pop80":140.0,"seuls_n":74.0,"p80":5.0,"seuls":53.0,"chaleur":6.1,"alea_fort":1.0,"pauv":12.0,"nbf":0.0,"f_age":0.0,"f_seuls":0.0,"f_chaleur":0.0},"geometry":{"coordinates":[[[2.43526,48.80061],[2.4334,48.79836],[2.43321,48.79797],[2.43571,48.78824],[2.43908,48.78919],[2.43809,48.79079],[2.43677,48.79234],[2.44091,48.79352],[2.44067,48.79372],[2.4402,48.79437],[2.43921,48.79727],[2.43923,48.79754],[2.43751,48.7999],[2.43526,48.80061]]],"type":"Polygon"}},{"type":"Feature","properties":{"code":"940380104","nom":"Petit Robinson 1","com":"L'Haÿ-les-Roses","pop80":197.0,"seuls_n":108.0,"p80":8.0,"seuls":54.8,"chaleur":4.1,"alea_fort":0.0,"pauv":4.0,"nbf":1.0,"f_age":1.0,"f_seuls":0.0,"f_chaleur":0.0},"geometry":{"coordinates":[[[2.32172,48.77361],[2.32194,48.77367],[2.32252,48.77347],[2.32384,48.77338],[2.32562,48.77453],[2.32624,48.77519],[2.32635,48.77541],[2.328,48.77534],[2.32833,48.77537],[2.33181,48.7766],[2.33354,48.77767],[2.33427,48.77795],[2.33503,48.77836],[2.33555,48.77891],[2.33544,48.77909],[2.33443,48.77921],[2.33414,48.77879],[2.33398,48.77874],[2.33275,48.77905],[2.33156,48.77915],[2.33121,48.77911],[2.32947,48.77917],[2.32813,48.7794],[2.328,48.77934],[2.32791,48.77943],[2.32504,48.7799],[2.32458,48.77907],[2.32662,48.77873],[2.32572,48.77708],[2.32559,48.77707],[2.32503,48.77725],[2.32424,48.77636],[2.32374,48.77658],[2.32172,48.77361]]],"type":"Polygon"}},{"type":"Feature","properties":{"code":"940780207","nom":"Thimonnier","com":"Villeneuve-Saint-Georges","pop80":58.0,"seuls_n":32.0,"p80":2.5,"seuls":55.4,"chaleur":3.2,"alea_fort":0.0,"pauv":29.0,"nbf":1.0,"f_age":0.0,"f_seuls":1.0,"f_chaleur":0.0},"geometry":{"coordinates":[[[2.44809,48.75259],[2.44727,48.75066],[2.44775,48.75047],[2.44788,48.74797],[2.44879,48.74725],[2.44875,48.74714],[2.44884,48.74708],[2.44895,48.74708],[2.44903,48.74717],[2.45279,48.74679],[2.45304,48.74819],[2.45336,48.7489],[2.45332,48.74912],[2.45318,48.74911],[2.45189,48.74951],[2.45244,48.75068],[2.45064,48.75103],[2.45109,48.75203],[2.44809,48.75259]]],"type":"Polygon"}},{"type":"Feature","properties":{"code":"940330101","nom":"Parapluies 1","com":"Fontenay-sous-Bois","pop80":237.0,"seuls_n":30.0,"p80":13.5,"seuls":53.2,"chaleur":7.8,"alea_fort":18.0,"pauv":13.0,"nbf":2.0,"f_age":1.0,"f_seuls":0.0,"f_chaleur":1.0},"geometry":{"coordinates":[[[2.44714,48.85116],[2.44953,48.85058],[2.44966,48.85093],[2.44988,48.85089],[2.44991,48.85097],[2.45197,48.85055],[2.45306,48.85234],[2.45242,48.85253],[2.45293,48.85341],[2.4524,48.85355],[2.45402,48.85416],[2.45407,48.85499],[2.45397,48.8554],[2.45269,48.85506],[2.44882,48.85346],[2.44754,48.85254],[2.44789,48.85237],[2.44714,48.85116]]],"type":"Polygon"}},{"type":"Feature","properties":{"code":"940010000","nom":"Ablon-sur-Seine (commune non irisée)","com":"Ablon-sur-Seine","pop80":288.0,"seuls_n":113.0,"p80":4.8,"seuls":48.0,"chaleur":3.8,"alea_fort":0.0,"pauv":17.0,"nbf":0.0,"f_age":0.0,"f_seuls":0.0,"f_chaleur":0.0},"geometry":{"coordinates":[[[2.41071,48.72199],[2.4115,48.72176],[2.41145,48.72168],[2.41206,48.72149],[2.41233,48.72197],[2.41298,48.72188],[2.41327,48.72202],[2.41341,48.72202],[2.41335,48.72155],[2.41503,48.721],[2.41582,48.72089],[2.41485,48.71988],[2.41322,48.71864],[2.41444,48.71773],[2.41993,48.72078],[2.42332,48.72208],[2.42632,48.72292],[2.4278,48.72322],[2.43501,48.72429],[2.43456,48.72564],[2.43446,48.72563],[2.43411,48.72665],[2.43138,48.72649],[2.43094,48.72726],[2.42993,48.72703],[2.42976,48.72735],[2.42919,48.72722],[2.42881,48.72795],[2.42761,48.72861],[2.42726,48.72835],[2.42667,48.72869],[2.42603,48.72822],[2.42436,48.7292],[2.42372,48.72858],[2.42327,48.72879],[2.4233,48.72889],[2.42272,48.729],[2.42278,48.7292],[2.42157,48.72926],[2.42158,48.72932],[2.42143,48.72929],[2.42111,48.72953],[2.4202,48.72893],[2.41872,48.72897],[2.41871,48.72847],[2.41723,48.72849],[2.41718,48.72794],[2.41633,48.72799],[2.41539,48.72793],[2.41537,48.72691],[2.41552,48.72659],[2.41428,48.72659],[2.41287,48.72635],[2.41087,48.72615],[2.41119,48.72382],[2.4112,48.7229],[2.41108,48.72253],[2.41071,48.72199]]],"type":"Polygon"}},{"type":"Feature","properties":{"code":"940410101","nom":"Plateau Sud","com":"Ivry-sur-Seine","pop80":82.0,"seuls_n":39.0,"p80":3.3,"seuls":47.2,"chaleur":7.4,"alea_fort":7.0,"pauv":29.0,"nbf":1.0,"f_age":0.0,"f_seuls":0.0,"f_chaleur":1.0},"geometry":{"coordinates":[[[2.37501,48.80688],[2.37567,48.80595],[2.37579,48.80601],[2.3772,48.80412],[2.3779,48.8045],[2.37855,48.80473],[2.3792,48.80506],[2.3797,48.8051],[2.38066,48.80554],[2.38177,48.80452],[2.3844,48.80563],[2.38333,48.8067],[2.38381,48.80763],[2.38398,48.80775],[2.38277,48.80806],[2.38298,48.80825],[2.38201,48.80891],[2.38096,48.80977],[2.37915,48.80892],[2.37769,48.80791],[2.37501,48.80688]]],"type":"Polygon"}},{"type":"Feature","properties":{"code":"940330111","nom":"Bois Cadet 2","com":"Fontenay-sous-Bois","pop80":71.0,"seuls_n":22.0,"p80":2.9,"seuls":35.7,"chaleur":3.7,"alea_fort":1.0,"pauv":21.0,"nbf":0.0,"f_age":0.0,"f_seuls":0.0,"f_chaleur":0.0},"geometry":{"coordinates":[[[2.47774,48.84874],[2.47868,48.84757],[2.47887,48.84443],[2.47908,48.84411],[2.47898,48.84402],[2.47907,48.84399],[2.47987,48.84191],[2.4815,48.84224],[2.48191,48.84238],[2.4832,48.84237],[2.48413,48.8431],[2.48551,48.84319],[2.48583,48.84339],[2.48558,48.84428],[2.48648,48.84451],[2.48647,48.84531],[2.48717,48.84553],[2.48752,48.84577],[2.48717,48.84599],[2.48737,48.84621],[2.48765,48.84627],[2.48772,48.84618],[2.48817,48.84648],[2.48888,48.84664],[2.48997,48.84717],[2.49158,48.84778],[2.4914,48.84829],[2.48799,48.84761],[2.48775,48.84795],[2.48759,48.84843],[2.48671,48.84943],[2.48701,48.84968],[2.48624,48.8502],[2.48623,48.85034],[2.48513,48.85031],[2.48511,48.85006],[2.48492,48.84989],[2.48492,48.84972],[2.48476,48.84973],[2.48434,48.84958],[2.48381,48.84928],[2.48412,48.84915],[2.48428,48.84895],[2.48424,48.8485],[2.48391,48.8482],[2.48324,48.84868],[2.48272,48.84881],[2.47975,48.84893],[2.47864,48.8487],[2.47774,48.84874]]],"type":"Polygon"}},{"type":"Feature","properties":{"code":"940370107","nom":"Reine Blanche 1","com":"Gentilly","pop80":33.0,"seuls_n":17.0,"p80":1.6,"seuls":49.9,"chaleur":6.5,"alea_fort":13.0,"pauv":27.0,"nbf":0.0,"f_age":0.0,"f_seuls":0.0,"f_chaleur":0.0},"geometry":{"coordinates":[[[2.34225,48.80857],[2.34342,48.80829],[2.34261,48.80662],[2.34503,48.80543],[2.34675,48.80733],[2.34895,48.80957],[2.34823,48.81006],[2.34737,48.80965],[2.34684,48.80931],[2.34555,48.81036],[2.3452,48.81048],[2.34481,48.81076],[2.34308,48.80965],[2.34225,48.80857]]],"type":"Polygon"}},{"type":"Feature","properties":{"code":"940540109","nom":"Nouvelet-Les Saules","com":"Orly","pop80":95.0,"seuls_n":30.0,"p80":2.7,"seuls":31.9,"chaleur":5.3,"alea_fort":0.0,"pauv":32.0,"nbf":0.0,"f_age":0.0,"f_seuls":0.0,"f_chaleur":0.0},"geometry":{"coordinates":[[[2.40115,48.74295],[2.40278,48.74157],[2.40518,48.74029],[2.40541,48.74038],[2.40502,48.74074],[2.40558,48.74091],[2.40572,48.74086],[2.40655,48.74117],[2.40648,48.74127],[2.40744,48.74161],[2.40707,48.74227],[2.40781,48.74243],[2.40872,48.74221],[2.41478,48.74364],[2.4151,48.74302],[2.41732,48.7433],[2.41905,48.74366],[2.41881,48.74437],[2.42105,48.74468],[2.42182,48.74328],[2.42369,48.74375],[2.42434,48.7427],[2.42815,48.74351],[2.42864,48.74356],[2.42873,48.74343],[2.43285,48.74414],[2.43556,48.74478],[2.43659,48.7451],[2.43605,48.74568],[2.43505,48.74655],[2.43275,48.74812],[2.42715,48.75111],[2.42458,48.75269],[2.42082,48.75032],[2.41938,48.749],[2.41892,48.74847],[2.41827,48.74743],[2.41786,48.74759],[2.41771,48.74738],[2.41748,48.74727],[2.41094,48.7456],[2.41027,48.74587],[2.41007,48.74552],[2.40989,48.74541],[2.40994,48.7453],[2.41009,48.74527],[2.40957,48.74453],[2.40917,48.74412],[2.40777,48.74481],[2.40641,48.7445],[2.40322,48.74349],[2.40176,48.74317],[2.40115,48.74295]]],"type":"Polygon"}},{"type":"Feature","properties":{"code":"940810304","nom":"Stalingrad Est","com":"Vitry-sur-Seine","pop80":113.0,"seuls_n":36.0,"p80":2.2,"seuls":33.9,"chaleur":10.4,"alea_fort":47.0,"pauv":25.0,"nbf":1.0,"f_age":0.0,"f_seuls":0.0,"f_chaleur":1.0},"geometry":{"coordinates":[[[2.37941,48.80149],[2.38042,48.80041],[2.38018,48.80031],[2.3835,48.79609],[2.38443,48.79474],[2.38566,48.79338],[2.3884,48.7937],[2.38811,48.79446],[2.38778,48.795],[2.38742,48.79533],[2.38657,48.7965],[2.38509,48.79795],[2.38465,48.79827],[2.38337,48.79871],[2.38305,48.79889],[2.38564,48.79962],[2.38673,48.8],[2.38628,48.8006],[2.3843,48.80172],[2.38298,48.80189],[2.38201,48.80193],[2.38148,48.80259],[2.37941,48.80149]]],"type":"Polygon"}},{"type":"Feature","properties":{"code":"940180108","nom":"Archevêché","com":"Charenton-le-Pont","pop80":189.0,"seuls_n":83.0,"p80":3.7,"seuls":44.4,"chaleur":9.9,"alea_fort":54.0,"pauv":12.0,"nbf":1.0,"f_age":0.0,"f_seuls":0.0,"f_chaleur":1.0},"geometry":{"coordinates":[[[2.40132,48.82105],[2.40242,48.8206],[2.40458,48.81994],[2.40486,48.82046],[2.4051,48.82053],[2.4079,48.8198],[2.40858,48.82101],[2.40983,48.82169],[2.41079,48.82139],[2.41216,48.82036],[2.41311,48.82147],[2.40928,48.82288],[2.40749,48.82376],[2.40546,48.82453],[2.40443,48.82358],[2.40132,48.82105]]],"type":"Polygon"}},{"type":"Feature","properties":{"code":"940171103","nom":"Mordacs 3","com":"Champigny-sur-Marne","pop80":72.0,"seuls_n":34.0,"p80":2.7,"seuls":47.7,"chaleur":6.0,"alea_fort":10.0,"pauv":33.0,"nbf":0.0,"f_age":0.0,"f_seuls":0.0,"f_chaleur":0.0},"geometry":{"coordinates":[[[2.53659,48.81032],[2.53549,48.80667],[2.54284,48.80973],[2.54299,48.80966],[2.54314,48.80968],[2.54324,48.80975],[2.54321,48.80989],[2.54254,48.81009],[2.54159,48.81061],[2.53955,48.81105],[2.53933,48.81111],[2.53926,48.81119],[2.53914,48.81114],[2.5366,48.81168],[2.53659,48.81032]]],"type":"Polygon"}},{"type":"Feature","properties":{"code":"940760101","nom":"Pasteur","com":"Villejuif","pop80":76.0,"seuls_n":45.0,"p80":2.3,"seuls":59.2,"chaleur":10.8,"alea_fort":35.0,"pauv":23.0,"nbf":2.0,"f_age":0.0,"f_seuls":1.0,"f_chaleur":1.0},"geometry":{"coordinates":[[[2.36317,48.80705],[2.36456,48.80272],[2.37039,48.80504],[2.36996,48.80527],[2.36789,48.80743],[2.36715,48.80809],[2.36552,48.80761],[2.36317,48.80705]]],"type":"Polygon"}},{"type":"Feature","properties":{"code":"940280215","nom":"Le Lac Étendu","com":"Créteil","pop80":37.0,"seuls_n":21.0,"p80":0.8,"seuls":54.9,"chaleur":3.9,"alea_fort":2.0,"pauv":20.0,"nbf":0.0,"f_age":0.0,"f_seuls":0.0,"f_chaleur":0.0},"geometry":{"coordinates":[[[2.43249,48.77231],[2.43232,48.77102],[2.43053,48.77064],[2.4308,48.77005],[2.43072,48.7693],[2.43195,48.76751],[2.4314,48.76734],[2.4316,48.76697],[2.43197,48.76679],[2.43359,48.76683],[2.4345,48.76695],[2.43549,48.76724],[2.43532,48.76742],[2.43916,48.7712],[2.44009,48.77131],[2.43999,48.77171],[2.44081,48.77181],[2.44928,48.77015],[2.4506,48.76924],[2.45186,48.76851],[2.45371,48.76753],[2.45548,48.76679],[2.45502,48.76763],[2.45531,48.76778],[2.45532,48.76798],[2.45619,48.76817],[2.45879,48.76832],[2.45947,48.7685],[2.46032,48.76898],[2.46105,48.7692],[2.46101,48.76931],[2.4604,48.7695],[2.45779,48.77009],[2.45885,48.77201],[2.45786,48.77239],[2.45771,48.77236],[2.45724,48.77203],[2.45697,48.77198],[2.45682,48.77204],[2.45636,48.77253],[2.45671,48.77283],[2.45681,48.77305],[2.45681,48.7733],[2.45665,48.77357],[2.45632,48.77376],[2.45589,48.77383],[2.45529,48.77373],[2.45529,48.77358],[2.45504,48.77361],[2.45277,48.77578],[2.45287,48.77591],[2.45278,48.776],[2.45301,48.77604],[2.45288,48.77619],[2.45276,48.77698],[2.45254,48.77718],[2.45235,48.77922],[2.45239,48.77929],[2.45256,48.77933],[2.45345,48.77926],[2.45393,48.77959],[2.45385,48.77987],[2.45391,48.7801],[2.45382,48.78127],[2.45327,48.78179],[2.45327,48.78194],[2.45345,48.78221],[2.45298,48.78261],[2.45122,48.78465],[2.45055,48.78519],[2.44944,48.78566],[2.44943,48.78579],[2.44919,48.78587],[2.43934,48.77458],[2.43899,48.77434],[2.4385,48.77413],[2.43249,48.77231]]],"type":"Polygon"}},{"type":"Feature","properties":{"code":"940430105","nom":"Barnufles","com":"Le Kremlin-Bicêtre","pop80":91.0,"seuls_n":41.0,"p80":3.6,"seuls":45.3,"chaleur":6.7,"alea_fort":0.0,"pauv":25.0,"nbf":0.0,"f_age":0.0,"f_seuls":0.0,"f_chaleur":0.0},"geometry":{"coordinates":[[[2.34625,48.80679],[2.34628,48.80667],[2.34835,48.80559],[2.34972,48.80609],[2.35069,48.80541],[2.35126,48.80595],[2.35146,48.80657],[2.35137,48.80672],[2.35225,48.80703],[2.35309,48.80722],[2.35515,48.80742],[2.35573,48.80752],[2.3568,48.80792],[2.35711,48.8081],[2.35674,48.80819],[2.35058,48.80862],[2.35028,48.80865],[2.34995,48.80881],[2.34972,48.80911],[2.34953,48.80969],[2.34943,48.80976],[2.35013,48.81063],[2.35087,48.81124],[2.35303,48.81235],[2.35267,48.8124],[2.35092,48.81149],[2.35028,48.81101],[2.34625,48.80679]]],"type":"Polygon"}},{"type":"Feature","properties":{"code":"940280304","nom":"Cimetière","com":"Créteil","pop80":32.0,"seuls_n":22.0,"p80":1.6,"seuls":67.8,"chaleur":5.3,"alea_fort":4.0,"pauv":21.0,"nbf":1.0,"f_age":0.0,"f_seuls":1.0,"f_chaleur":0.0},"geometry":{"coordinates":[[[2.45423,48.80343],[2.45387,48.80323],[2.45395,48.80317],[2.45392,48.80298],[2.4541,48.80282],[2.45403,48.80276],[2.45355,48.8025],[2.45325,48.80261],[2.453,48.80256],[2.45285,48.80245],[2.45283,48.80226],[2.45238,48.80221],[2.452,48.80231],[2.45154,48.80198],[2.45157,48.80178],[2.45149,48.80163],[2.45224,48.80103],[2.45216,48.80092],[2.45123,48.80039],[2.45363,48.79915],[2.45705,48.80078],[2.45878,48.80175],[2.4583,48.80211],[2.458,48.80194],[2.45746,48.80227],[2.45526,48.80232],[2.45526,48.80266],[2.45423,48.80343]]],"type":"Polygon"}},{"type":"Feature","properties":{"code":"940370106","nom":"Chaperon Vert","com":"Gentilly","pop80":115.0,"seuls_n":96.0,"p80":3.3,"seuls":83.9,"chaleur":9.5,"alea_fort":13.0,"pauv":27.0,"nbf":2.0,"f_age":0.0,"f_seuls":1.0,"f_chaleur":1.0},"geometry":{"coordinates":[[[2.32906,48.81378],[2.33206,48.81322],[2.33215,48.8134],[2.33279,48.81327],[2.33265,48.81295],[2.33414,48.81265],[2.33462,48.81355],[2.3351,48.81348],[2.33635,48.81352],[2.33641,48.81432],[2.33713,48.81605],[2.33736,48.81642],[2.33728,48.81656],[2.33371,48.81677],[2.3319,48.81701],[2.32906,48.81378]]],"type":"Polygon"}},{"type":"Feature","properties":{"code":"940580111","nom":"Le Thillard","com":"Le Perreux-sur-Marne","pop80":86.0,"seuls_n":44.0,"p80":3.8,"seuls":50.7,"chaleur":4.3,"alea_fort":1.0,"pauv":7.0,"nbf":0.0,"f_age":0.0,"f_seuls":0.0,"f_chaleur":0.0},"geometry":{"coordinates":[[[2.4914,48.84829],[2.49201,48.84649],[2.4931,48.84376],[2.49336,48.84378],[2.49339,48.84371],[2.49385,48.84196],[2.49632,48.8418],[2.49678,48.84266],[2.49681,48.84294],[2.49623,48.84421],[2.50005,48.84488],[2.5009,48.8453],[2.49619,48.84906],[2.49601,48.84928],[2.49586,48.84928],[2.49566,48.84914],[2.4914,48.84829]]],"type":"Polygon"}},{"type":"Feature","properties":{"code":"940650102","nom":"Les Antes","com":"Rungis","pop80":140.0,"seuls_n":28.0,"p80":6.4,"seuls":43.5,"chaleur":4.5,"alea_fort":0.0,"pauv":3.0,"nbf":1.0,"f_age":1.0,"f_seuls":0.0,"f_chaleur":0.0},"geometry":{"coordinates":[[[[2.33734,48.74828],[2.33713,48.74836],[2.33609,48.74759],[2.33563,48.74785],[2.33554,48.74778],[2.33417,48.74856],[2.33386,48.74834],[2.33308,48.74876],[2.33323,48.74885],[2.33216,48.74949],[2.33054,48.74825],[2.33129,48.74778],[2.33232,48.74741],[2.33358,48.74683],[2.33639,48.74429],[2.33694,48.74577],[2.3371,48.74775],[2.33734,48.74828]]],[[[2.34286,48.75523],[2.34101,48.75314],[2.33984,48.75205],[2.33869,48.75032],[2.33922,48.75012],[2.34102,48.74904],[2.34178,48.74847],[2.3422,48.74808],[2.34224,48.74794],[2.34244,48.74795],[2.34379,48.74718],[2.3446,48.74775],[2.34532,48.74813],[2.34586,48.74855],[2.34596,48.74874],[2.34595,48.749],[2.34621,48.74889],[2.34835,48.75115],[2.34872,48.75208],[2.34883,48.7527],[2.34912,48.75262],[2.34949,48.75268],[2.34989,48.75306],[2.34994,48.75322],[2.34978,48.75333],[2.34956,48.75334],[2.34937,48.75326],[2.34931,48.75313],[2.34889,48.75333],[2.34825,48.75379],[2.34758,48.75455],[2.34286,48.75523]]]],"type":"MultiPolygon"}},{"type":"Feature","properties":{"code":"940440105","nom":"Les Orchidées","com":"Limeil-Brévannes","pop80":130.0,"seuls_n":64.0,"p80":3.5,"seuls":49.3,"chaleur":4.8,"alea_fort":0.0,"pauv":12.0,"nbf":0.0,"f_age":0.0,"f_seuls":0.0,"f_chaleur":0.0},"geometry":{"coordinates":[[[2.48928,48.74494],[2.48959,48.7446],[2.49027,48.74357],[2.49117,48.74253],[2.49144,48.74237],[2.49148,48.74213],[2.49215,48.74136],[2.49249,48.73982],[2.49244,48.73967],[2.49378,48.73951],[2.49422,48.73933],[2.49444,48.7391],[2.49678,48.73431],[2.49346,48.73455],[2.49454,48.73243],[2.50395,48.73537],[2.50414,48.73519],[2.50617,48.73588],[2.50766,48.73502],[2.5074,48.73299],[2.50919,48.73362],[2.5096,48.73464],[2.51005,48.73479],[2.50856,48.73631],[2.50862,48.73694],[2.51231,48.73798],[2.51497,48.73882],[2.51624,48.73825],[2.51693,48.73853],[2.5118,48.74462],[2.5119,48.74519],[2.51044,48.7471],[2.50832,48.74556],[2.50752,48.74513],[2.50454,48.74384],[2.5031,48.74544],[2.50264,48.74647],[2.50159,48.74621],[2.50146,48.74739],[2.50148,48.74784],[2.50159,48.74785],[2.50113,48.7489],[2.50155,48.74898],[2.50107,48.75069],[2.50095,48.75079],[2.50051,48.75077],[2.49604,48.75107],[2.4959,48.75115],[2.49579,48.75108],[2.49059,48.75141],[2.49111,48.751],[2.49227,48.74986],[2.49402,48.74761],[2.49467,48.74697],[2.49515,48.74685],[2.48928,48.74494]]],"type":"Polygon"}},{"type":"Feature","properties":{"code":"940760109","nom":"Centre Ville Est","com":"Villejuif","pop80":62.0,"seuls_n":48.0,"p80":2.3,"seuls":77.6,"chaleur":11.1,"alea_fort":0.0,"pauv":16.0,"nbf":2.0,"f_age":0.0,"f_seuls":1.0,"f_chaleur":1.0},"geometry":{"coordinates":[[[2.36641,48.79494],[2.36665,48.79089],[2.36668,48.79064],[2.36682,48.79058],[2.36696,48.78854],[2.36827,48.78858],[2.36941,48.79093],[2.36955,48.79145],[2.36897,48.79447],[2.36842,48.79598],[2.36791,48.79584],[2.36712,48.7953],[2.36641,48.79494]]],"type":"Polygon"}},{"type":"Feature","properties":{"code":"940810306","nom":"Fort","com":"Vitry-sur-Seine","pop80":174.0,"seuls_n":53.0,"p80":8.3,"seuls":45.6,"chaleur":3.7,"alea_fort":3.0,"pauv":17.0,"nbf":1.0,"f_age":1.0,"f_seuls":0.0,"f_chaleur":0.0},"geometry":{"coordinates":[[[2.3871,48.80013],[2.38564,48.79962],[2.38305,48.79889],[2.38337,48.79871],[2.38465,48.79827],[2.38509,48.79795],[2.38657,48.7965],[2.38742,48.79533],[2.38778,48.795],[2.38811,48.79446],[2.3884,48.7937],[2.38847,48.79371],[2.3888,48.79376],[2.38868,48.79415],[2.38907,48.7942],[2.38918,48.79439],[2.38909,48.79467],[2.38951,48.79473],[2.38948,48.79488],[2.38955,48.79492],[2.39041,48.79505],[2.39035,48.79534],[2.39352,48.79585],[2.39351,48.79684],[2.39437,48.79851],[2.3947,48.79982],[2.39462,48.79992],[2.39428,48.80003],[2.39355,48.80057],[2.39311,48.80037],[2.39271,48.80044],[2.39174,48.7993],[2.39075,48.7998],[2.39034,48.79989],[2.38999,48.80011],[2.38964,48.80016],[2.38913,48.80006],[2.38889,48.80032],[2.38861,48.80045],[2.38689,48.80037],[2.3871,48.80013]]],"type":"Polygon"}},{"type":"Feature","properties":{"code":"940580112","nom":"Les Joncs Marins-Croix d'eau","com":"Le Perreux-sur-Marne","pop80":94.0,"seuls_n":46.0,"p80":4.1,"seuls":49.1,"chaleur":3.9,"alea_fort":0.0,"pauv":13.0,"nbf":0.0,"f_age":0.0,"f_seuls":0.0,"f_chaleur":0.0},"geometry":{"coordinates":[[[2.5,48.85574],[2.4973,48.85499],[2.49601,48.85339],[2.49594,48.85299],[2.49577,48.85281],[2.49444,48.85216],[2.49447,48.85209],[2.49434,48.85201],[2.49329,48.85169],[2.49362,48.85067],[2.4935,48.84873],[2.49566,48.84914],[2.49586,48.84928],[2.49601,48.84928],[2.49591,48.84941],[2.49624,48.8495],[2.49623,48.84963],[2.49718,48.85093],[2.49928,48.85236],[2.4994,48.85263],[2.50397,48.85557],[2.50427,48.85593],[2.50457,48.8573],[2.50323,48.85719],[2.50272,48.8569],[2.5,48.85574]]],"type":"Polygon"}},{"type":"Feature","properties":{"code":"940460205","nom":"Alfort 5","com":"Maisons-Alfort","pop80":191.0,"seuls_n":57.0,"p80":6.2,"seuls":30.0,"chaleur":6.7,"alea_fort":10.0,"pauv":11.0,"nbf":1.0,"f_age":1.0,"f_seuls":0.0,"f_chaleur":0.0},"geometry":{"coordinates":[[[2.43123,48.81535],[2.43124,48.81527],[2.43183,48.8148],[2.43221,48.81397],[2.43261,48.81159],[2.43266,48.81021],[2.4328,48.81013],[2.43274,48.81005],[2.43612,48.80825],[2.43742,48.81011],[2.43772,48.81557],[2.43718,48.8155],[2.43556,48.81552],[2.43123,48.81535]]],"type":"Polygon"}},{"type":"Feature","properties":{"code":"940670101","nom":"Bégin","com":"Saint-Mandé","pop80":95.0,"seuls_n":54.0,"p80":3.7,"seuls":57.3,"chaleur":9.9,"alea_fort":41.0,"pauv":10.0,"nbf":2.0,"f_age":0.0,"f_seuls":1.0,"f_chaleur":1.0},"geometry":{"coordinates":[[[2.41762,48.84132],[2.41954,48.84145],[2.41936,48.8425],[2.41985,48.8431],[2.41986,48.84346],[2.42185,48.84444],[2.42244,48.84406],[2.42349,48.84266],[2.42395,48.8422],[2.42435,48.84195],[2.42492,48.84181],[2.42758,48.84157],[2.42832,48.84517],[2.42799,48.84522],[2.42822,48.84554],[2.42327,48.84597],[2.42196,48.8453],[2.41833,48.84361],[2.41766,48.84366],[2.41762,48.84132]]],"type":"Polygon"}},{"type":"Feature","properties":{"code":"940340102","nom":"Sablonnière","com":"Fresnes","pop80":157.0,"seuls_n":83.0,"p80":5.6,"seuls":52.8,"chaleur":6.7,"alea_fort":14.0,"pauv":15.0,"nbf":1.0,"f_age":1.0,"f_seuls":0.0,"f_chaleur":0.0},"geometry":{"coordinates":[[[2.32552,48.75832],[2.32534,48.75815],[2.32612,48.7566],[2.32596,48.75662],[2.32578,48.75647],[2.32373,48.75602],[2.32358,48.75627],[2.32252,48.75663],[2.32238,48.75626],[2.32239,48.75571],[2.32227,48.75561],[2.32245,48.75525],[2.3225,48.7547],[2.32259,48.75452],[2.32413,48.75413],[2.32452,48.75415],[2.32439,48.75379],[2.32357,48.75262],[2.32364,48.75228],[2.32405,48.75209],[2.32534,48.75174],[2.32616,48.75145],[2.32653,48.75194],[2.3267,48.75195],[2.32716,48.7526],[2.3261,48.75304],[2.32643,48.75352],[2.32656,48.75354],[2.32645,48.7537],[2.32648,48.75382],[2.3287,48.7567],[2.32913,48.75698],[2.32889,48.75712],[2.32888,48.75731],[2.32864,48.75721],[2.32828,48.7574],[2.32552,48.75832]]],"type":"Polygon"}},{"type":"Feature","properties":{"code":"940650103","nom":"Marché d'Intérêt National","com":"Rungis"},"geometry":{"coordinates":[[[2.34286,48.75523],[2.34758,48.75455],[2.34836,48.75369],[2.34919,48.75318],[2.34931,48.75313],[2.34951,48.75333],[2.34978,48.75333],[2.35044,48.75294],[2.35186,48.75252],[2.35257,48.75216],[2.35474,48.75044],[2.35685,48.7486],[2.36109,48.74427],[2.36164,48.74354],[2.36289,48.74405],[2.36289,48.74611],[2.36934,48.74613],[2.36864,48.75746],[2.36543,48.75716],[2.36433,48.75708],[2.36431,48.75715],[2.36199,48.75694],[2.3619,48.75874],[2.3601,48.76056],[2.35857,48.75991],[2.35813,48.76037],[2.35548,48.75922],[2.35425,48.76047],[2.35097,48.75906],[2.35051,48.75951],[2.3481,48.75849],[2.34617,48.76042],[2.34557,48.75973],[2.34493,48.75877],[2.34466,48.75735],[2.34447,48.75697],[2.34412,48.75652],[2.34286,48.75523]]],"type":"Polygon"}},{"type":"Feature","properties":{"code":"940540107","nom":"Vieil Orly-Centre Ville","com":"Orly","pop80":106.0,"seuls_n":46.0,"p80":2.6,"seuls":42.9,"chaleur":5.5,"alea_fort":4.0,"pauv":16.0,"nbf":0.0,"f_age":0.0,"f_seuls":0.0,"f_chaleur":0.0},"geometry":{"coordinates":[[[2.40103,48.74511],[2.39714,48.74461],[2.39648,48.74463],[2.39555,48.74475],[2.39101,48.74479],[2.38728,48.74535],[2.38737,48.74303],[2.38872,48.74304],[2.38882,48.74023],[2.38988,48.74018],[2.39019,48.74008],[2.3931,48.74045],[2.3946,48.74109],[2.39542,48.74161],[2.39592,48.74182],[2.39637,48.74178],[2.39665,48.74183],[2.3984,48.74253],[2.40067,48.7428],[2.40176,48.74317],[2.40322,48.74349],[2.40641,48.7445],[2.40777,48.74481],[2.4072,48.74681],[2.40413,48.74573],[2.40103,48.74511]]],"type":"Polygon"}},{"type":"Feature","properties":{"code":"940340106","nom":"Peupleraie","com":"Fresnes","pop80":145.0,"seuls_n":75.0,"p80":6.3,"seuls":52.0,"chaleur":4.7,"alea_fort":4.0,"pauv":8.0,"nbf":1.0,"f_age":1.0,"f_seuls":0.0,"f_chaleur":0.0},"geometry":{"coordinates":[[[2.30967,48.75638],[2.31339,48.75532],[2.31471,48.75645],[2.3162,48.75738],[2.31695,48.75822],[2.31799,48.75898],[2.31904,48.76044],[2.31852,48.76093],[2.31836,48.76081],[2.31822,48.76098],[2.31756,48.7612],[2.31362,48.76229],[2.3131,48.76159],[2.31339,48.76016],[2.31259,48.75937],[2.31271,48.75932],[2.30967,48.75638]]],"type":"Polygon"}},{"type":"Feature","properties":{"code":"940160101","nom":"Centre Ville 1","com":"Cachan","pop80":349.0,"seuls_n":50.0,"p80":6.4,"seuls":35.3,"chaleur":8.1,"alea_fort":19.0,"pauv":9.0,"nbf":2.0,"f_age":1.0,"f_seuls":0.0,"f_chaleur":1.0},"geometry":{"coordinates":[[[2.32879,48.7919],[2.33342,48.79055],[2.33639,48.79393],[2.3366,48.7939],[2.33677,48.79416],[2.33671,48.79424],[2.33517,48.7948],[2.33546,48.79541],[2.3354,48.79563],[2.33519,48.79585],[2.33566,48.79684],[2.33639,48.79673],[2.33702,48.79675],[2.33584,48.79687],[2.33538,48.79699],[2.33502,48.79719],[2.33394,48.79831],[2.33328,48.79915],[2.33287,48.79925],[2.33292,48.79942],[2.33155,48.79965],[2.33108,48.79857],[2.33122,48.79713],[2.33106,48.7961],[2.33101,48.79513],[2.33132,48.79442],[2.33112,48.79407],[2.32997,48.7929],[2.32879,48.7919]]],"type":"Polygon"}}]}